genome	subtype	instances
AG-895-P22	Pycsar	1
AG-911-O02	RM_type_II	1
AG-911-O05	RM_type_II	1
AG-911-O05	RM_type_IIG	1
AG-911-O06	RM_type_I	1
AG-911-K07	RM_type_II	1
AG-911-K13	RM_type_II	1
AG-911-K15	RM_type_II	2
AG-911-L03	RM_type_II	1
AG-911-L10	RM_type_II	2
AG-911-M04	RM_type_I	1
AG-911-M11	RM_type_I	1
AG-895-F09	PsyrTA	1
AG-911-N03	RM_type_I	1
AG-911-N10	Zorya_type_I	1
AG-895-O20	PsyrTA	1
AG-895-O22	RM_type_I	1
AG-893-O06	RM_type_IV	1
AG-893-P10	RM_type_I	1
AG-893-P23	RM_type_IV	1
AG-894-A02	PD-Lambda-1	1
AG-894-A06	Eleos	1
AG-894-A11	RM_type_I	1
AG-894-A16	RM_type_IV	1
AG-894-B20	ShosTA	1
AG-894-B21	RM_type_IV	1
AG-894-C07	Eleos	1
AG-894-C07	RM_type_II	1
AG-893-L07	RM_type_I	1
AG-893-L10	RM_type_II	1
AG-893-L13	RM_type_I	1
AG-893-L15	RM_type_II	1
AG-893-M17	Zorya_type_II	1
AG-893-M20	RM_type_IIG	1
AG-894-D15	Eleos	1
AG-894-D21	RM_type_II	1
AG-894-D22	PD-T4-3	1
AG-894-E11	RM_type_IIG	1
AG-894-F23	RM_type_I	1
AG-894-G02	Eleos	1
AG-894-G07	RM_type_IV	1
AG-894-G11	RM_type_II	1
AG-894-I05	RM_type_I	1
AG-894-I10	RM_type_I	1
AG-894-I22	RM_type_I	1
AG-894-K15	RM_type_III	1
AG-894-C11	RM_type_IV	1
AG-894-D13	Zorya_type_II	2
AG-895-N02	RM_type_IV	1
AG-895-G05	RM_type_IV	1
AG-895-G08	Pycsar	1
AG-895-I03	Zorya_type_I	1
AG-895-I11	RM_type_III	1
AG-895-I14	RM_type_II	2
AG-895-I15	RM_type_I	1
AG-895-J03	RM_type_II	1
AG-895-J07	RM_type_I	1
AG-895-J23	RM_type_I	1
AG-895-E08	RM_type_I	1
AG-894-M09	RM_type_IV	1
AG-894-M09	RM_type_II	1
AG-894-M09	RM_type_I	1
AG-894-N08	RM_type_I	1
AG-894-N09	RM_type_I	1
AG-894-N13	RM_type_III	1
AG-894-N17	RM_type_II	2
AG-894-P05	PsyrTA	1
AG-894-P08	RM_type_I	1
AG-894-P21	RM_type_IIG	1
AG-894-P23	RM_type_IIG	1
AG-895-A04	RM_type_I	1
AG-895-C20	RM_type_IIG	1
AG-343-M06	RM_type_I	1
AG-349-C08	Retron_type_XIII	1
AG-349-C08	RM_type_IV	1
AG-359-D22	PD-T4-3	1
AG-359-L17	RM_type_II	1
AG-360-E03	RM_type_I	1
AG-360-M05	SoFic	1
AG-360-M05	RM_type_IIG	1
AG-360-P16	Zorya_type_II	1
AG-365-O04	RM_type_IIG	1
AG-390-E05	RM_type_II	1
AG-390-K18	RM_type_II	1
AG-404-D10	RM_type_II	1
AG-404-D10	RM_type_III	1
AG-404-P10	Cas_Class1_TypeIII_subtypeB	1
AG-404-P10	Cas_cluster	1
AG-422-O15	RM_type_I	1
AG-426-C10	RM_type_I	1
AG-426-C15	RM_type_III	1
AG-426-F20	RM_type_II	2
AG-426-F20	RM_type_IIG	1
AG-430-L03	RM_type_II	1
AG-430-O16	RM_type_II	1
AG-435-C04	Hachiman_type_I	1
AG-439-C22	RM_type_II	1
AG-439-O23	Retron_type_X	1
AG-447-I22	RM_type_II	1
AG-447-L18	Druantia_type_I	1
AG-447-O13	PD-T4-3	1
AG-457-L20	RM_type_IIG	1
AG-457-L21	RM_type_IV	1
AG-461-F22	Cas_Class2_TypeII_subtypeC	1
AG-461-K18	Eleos	1
AG-464-B22	RM_type_II	1
AG-464-G03	RM_type_IIG	1
AG-464-G03	RM_type_II	2
AG-464-G04	RM_type_II	1
AG-464-P19	RM_type_II	1
AG-470-G19	RM_type_I	1
AG-891-G05	RM_type_I	1
AG-891-G06	RM_type_II	3
AG-896-B07	RM_type_IIG	1
AG-896-C14	PsyrTA	1
AG-896-D21	Zorya_type_II	1
AG-896-E02	Eleos	1
AG-896-F14	DRT_type_VIII	1
AG-896-F15	Eleos	1
AG-896-F15	RM_type_II	1
AG-896-G07	RM_type_I	1
AG-896-G16	RM_type_II	1
AG-896-G19	PD-Lambda-1	1
AG-896-G20	RM_type_I	1
AG-896-G21	RM_type_IIG	1
AG-896-G21	RM_type_II	1
AG-896-J19	RM_type_I	1
AG-896-K13	RM_type_II	1
AG-896-K13	RM_type_I	1
AG-896-K16	DRT_type_VIII	1
AG-896-K16	RM_type_I	1
AG-896-L16	RM_type_I	1
AG-896-L20	RM_type_IV	1
AG-896-M02	RM_type_II	1
AG-896-M03	RM_type_III	1
AG-896-M10	RM_type_II	2
AG-896-O16	RM_type_II	2
AG-896-O19	PsyrTA	1
AG-896-P11	RM_type_I	1
AG-897-A02	RM_type_I	1
AG-897-B03	Eleos	1
AG-897-B03	RM_type_IIG	1
AG-897-D02	Eleos	1
AG-897-D05	RM_type_I	1
AG-897-D19	Eleos	1
AG-897-D21	Eleos	1
AG-897-D21	RM_type_II	1
AG-897-D21	RM_type_IIG	1
AG-897-G09	RM_type_IIG	1
AG-897-G20	RM_type_I	1
AG-897-I16	RM_type_II	2
AG-897-J18	RM_type_II	1
AG-897-K16	Zorya_type_I	1
AG-897-K19	RM_type_III	1
AG-897-L14	Wadjet_type_I	1
AG-897-M05	Zorya_type_II	1
AG-897-M05	RM_type_I	1
AG-897-M10	Wadjet_type_I	1
AG-897-M10	Cas_Class2_TypeII_subtypeC	1
AG-897-M14	RM_type_IIG	1
AG-897-N06	RM_type_IV	1
AG-897-O11	RM_type_I	1
AG-897-O14	ShosTA	1
AG-897-O14	RM_type_IV	1
AG-897-O19	PsyrTA	1
AG-897-O19	RM_type_II	1
AG-897-P02	RM_type_I	1
AG-898-A14	RM_type_IV	1
AG-898-B13	RM_type_IIG	1
AG-898-B14	RM_type_IV	1
AG-898-C15	RM_type_I	1
AG-898-C16	RM_type_III	1
AG-898-C23	Eleos	1
AG-898-C23	RM_type_IV	1
AG-898-E11	Zorya_type_II	1
AG-898-F03	RM_type_IIG	1
AG-898-F05	RM_type_IV	1
AG-898-F21	Zorya_type_II	1
AG-898-F21	RM_type_IIG	1
AG-898-G02	RM_type_IIG	1
AG-898-G03	RM_type_II	1
AG-898-G05	Eleos	1
AG-898-G18	Eleos	1
AG-898-I14	RM_type_II	1
AG-898-I19	RM_type_IIG	1
AG-898-J04	RM_type_III	1
AG-898-K22	RM_type_I	1
AG-898-L21	RM_type_III	1
AG-898-M04	RM_type_III	1
AG-898-M10	RM_type_IIG	1
AG-898-M13	Cas_Class2_TypeII_subtypeC	1
AG-898-N03	dGTPase	1
AG-898-N23	RM_type_II	2
AG-898-O07	Zorya_type_II	1
AG-898-O20	RM_type_III	1
AG-899-B22	RM_type_II	1
AG-899-C10	RM_type_III	1
AG-899-C17	RM_type_IIG	1
AG-899-E08	RM_type_II	2
AG-899-E14	RM_type_II	1
AG-899-E20	RM_type_I	1
AG-899-F05	RM_type_IV	1
AG-899-F06	PsyrTA	1
AG-899-F06	RM_type_III	1
AG-899-G05	PsyrTA	1
AG-899-G05	RM_type_IV	1
AG-899-G06	PsyrTA	1
AG-899-G10	Pycsar	1
AG-899-G11	RM_type_IV	1
AG-899-G15	Lamassu_type_I	1
AG-899-I06	RM_type_I	1
AG-899-I08	RM_type_IIG	1
AG-899-I09	RM_type_I	1
AG-899-I11	DarTG	1
AG-899-I11	Druantia_type_II	1
AG-899-J06	BREX_type_I	1
AG-899-J13	RM_type_IIG	1
AG-899-J13	RM_type_II	1
AG-899-J15	ShosTA	1
AG-899-J15	Zorya_type_II	1
AG-899-J15	BREX_df	1
AG-899-K13	RM_type_II	1
AG-899-L04	RM_type_IV	1
AG-899-L14	RM_type_II	2
AG-899-L14	RM_type_I	1
AG-899-L16	RM_type_I	1
AG-899-M02	AbiU	1
AG-899-M10	RM_type_IIG	1
AG-899-M10	RM_type_II	1
AG-899-M13	RM_type_I	1
AG-899-M18	RM_type_I	1
AG-899-M19	RM_type_I	1
AG-899-N16	RM_type_I	1
AG-899-N23	RM_type_I	1
AG-899-O08	RM_type_I	1
AG-899-O11	Eleos	1
AG-899-O16	RM_type_IV	1
AG-899-P03	Zorya_type_II	1
AG-899-P04	RM_type_II	1
AG-899-P08	Eleos	1
AG-899-P08	RM_type_IV	1
AG-899-P08	RM_type_I	1
AG-899-P09	RM_type_IV	1
AG-899-P13	RM_type_I	1
AG-899-P20	RM_type_I	1
AG-900-A01	Cas_Class2_TypeII_subtypeC	1
AG-900-B07	RM_type_I	1
AG-900-B08	RM_type_I	1
AG-900-B08	RM_type_III	1
AG-900-B21	RM_type_I	1
AG-900-B23	RM_type_II	1
AG-900-C15	PD-T4-3	1
AG-900-D13	RM_type_IIG	1
AG-900-E02	RM_type_I	1
AG-900-E06	RM_type_II	1
AG-900-F03	RM_type_IV	1
AG-900-F03	RM_type_III	1
AG-900-F08	Eleos	1
AG-900-F17	RM_type_IV	1
AG-900-G07	RM_type_IIG	1
AG-900-G19	RM_type_IV	1
AG-900-G21	RM_type_I	1
AG-900-I06	RM_type_IV	1
AG-900-I13	RM_type_I	1
AG-900-I14	RM_type_II	1
AG-900-I21	RM_type_IV	1
AG-900-J15	RM_type_I	1
AG-900-K04	RM_type_II	1
AG-900-K07	RM_type_II	1
AG-900-K16	RM_type_IIG	1
AG-900-K20	RM_type_II	1
AG-900-L05	RM_type_I	1
AG-900-L23	Eleos	1
AG-900-M07	RM_type_II	1
AG-900-M14	RM_type_IV	1
AG-900-N18	RM_type_IIG	1
AG-900-P04	RM_type_I	1
AG-900-P17	Eleos	1
AG-900-P23	Wadjet_type_I	1
AG-901-A20	RM_type_I	1
AG-901-A23	RM_type_I	1
AG-901-B05	RM_type_IIG	1
AG-901-C06	RM_type_IV	1
AG-901-C10	Eleos	1
AG-901-C10	RM_type_I	1
AG-901-C17	PsyrTA	1
AG-901-C17	RM_type_II	1
AG-901-C21	RM_type_IIG	1
AG-901-D04	PsyrTA	1
AG-901-D22	RM_type_IV	1
AG-901-D23	RM_type_III	1
AG-901-E05	Pycsar	1
AG-901-E20	Eleos	1
AG-901-F04	RM_type_I	1
AG-901-G03	RM_type_I	1
AG-901-G09	RM_type_I	1
AG-901-G13	RM_type_IIG	1
AG-901-G13	RM_type_II	1
AG-901-I21	RM_type_IV	1
AG-901-J04	RM_type_II	1
AG-901-J16	RM_type_III	1
AG-901-K17	RM_type_II	1
AG-901-K17	RM_type_IIG	1
AG-901-L10	RM_type_II	1
AG-901-M03	PD-T4-3	1
AG-901-M03	RM_type_I	1
AG-901-M14	RM_type_II	2
AG-901-M15	RM_type_I	1
AG-901-N10	RM_type_II	1
AG-901-O07	Cas_Class2_TypeII_subtypeC	1
AG-901-O21	RM_type_II	2
AG-901-P11	Pycsar	1
AG-901-P16	Pycsar	1
AG-901-P18	RM_type_II	2
AG-903-A05	RM_type_II	1
AG-903-A16	RM_type_I	1
AG-903-B05	PD-T4-3	1
AG-903-B09	Borvo	1
AG-903-B09	RM_type_IV	1
AG-903-B15	RM_type_IV	1
AG-903-C06	RM_type_IV	1
AG-903-C11	RM_type_I	1
AG-903-C20	RM_type_IIG	1
AG-903-D02	RM_type_IIG	1
AG-903-D04	RM_type_III	1
AG-903-D11	RM_type_IV	1
AG-903-D13	RM_type_IV	1
AG-903-D13	RM_type_III	1
AG-903-D15	RM_type_II	2
AG-903-E05	RM_type_I	1
AG-903-E10	RM_type_I	1
AG-903-E20	Zorya_type_II	1
AG-903-E20	RM_type_IIG	1
AG-903-F15	RM_type_II	1
AG-903-F19	RM_type_IIG	1
AG-903-I03	RM_type_IV	1
AG-903-J18	RM_type_II	1
AG-903-K03	RM_type_II	1
AG-903-K11	RM_type_I	1
AG-903-K13	RM_type_III	1
AG-903-K22	RM_type_I	1
AG-903-L03	RM_type_I	1
AG-903-L15	RM_type_II	1
AG-903-M09	RM_type_I	1
AG-903-N07	RM_type_II	1
AG-903-O03	RM_type_I	1
AG-903-O04	RM_type_I	1
AG-903-O06	RM_type_IV	1
AG-903-O09	Retron_type_XIII	1
AG-903-P08	RM_type_IIG	1
AG-903-P13	Zorya_type_II	1
AG-903-P18	RM_type_II	1
AG-904-A06	RM_type_I	2
AG-904-A07	RM_type_IIG	1
AG-904-A08	RM_type_II	2
AG-904-C02	RM_type_I	1
AG-904-C11	Dpd	1
AG-904-C11	RM_type_IV	1
AG-904-C14	RM_type_I	1
AG-904-D11	RM_type_I	1
AG-904-D23	RM_type_IIG	1
AG-904-E04	RM_type_IV	1
AG-904-E07	RM_type_I	1
AG-904-E10	PD-T4-3	1
AG-904-E19	RM_type_IIG	1
AG-904-E23	RM_type_I	1
AG-904-F08	RM_type_II	1
AG-904-F19	RM_type_II	1
AG-904-G19	Druantia_type_III	1
AG-904-I15	PD-T4-3	1
AG-904-J16	RM_type_I	1
AG-904-K03	RM_type_I	1
AG-904-M07	RM_type_IIG	1
AG-904-M20	Zorya_type_I	1
AG-904-M22	RM_type_II	2
AG-904-N03	Zorya_type_II	1
AG-904-N06	Eleos	1
AG-904-N10	RM_type_IV	1
AG-904-O14	Mokosh_type_I	1
AG-904-O14	RM_type_IV	1
AG-904-O22	RM_type_IV	1
AG-904-O22	RM_type_I	1
AG-904-P17	RM_type_IV	1
AG-905-A03	RM_type_I	1
AG-905-A07	RM_type_III	1
AG-905-B10	RM_type_II	1
AG-905-C16	RM_type_I	1
AG-905-C17	Druantia_type_I	1
AG-905-D04	RM_type_IV	1
AG-905-D04	RM_type_II	2
AG-905-D11	RM_type_III	1
AG-905-D20	RM_type_III	1
AG-905-D23	RM_type_I	1
AG-905-E08	RM_type_IIG	1
AG-905-E11	RM_type_I	1
AG-905-F11	Zorya_type_II	1
AG-905-G05	RM_type_II	1
AG-905-G15	PD-T4-3	1
AG-905-G15	RM_type_II	1
AG-905-I20	PD-T4-3	1
AG-905-I22	Pycsar	1
AG-905-J04	PD-T4-3	1
AG-905-J08	RM_type_II	1
AG-905-K06	PD-T4-3	1
AG-905-L11	Eleos	1
AG-905-L13	RM_type_II	1
AG-905-L21	RM_type_IIG	1
AG-905-M05	RM_type_II	2
AG-905-M07	RM_type_II	2
AG-905-M08	PD-T4-3	1
AG-905-N19	RM_type_I	1
AG-905-O07	RM_type_IIG	1
AG-905-P14	PD-T4-3	1
AG-907-A02	RM_type_IV	1
AG-907-A16	RM_type_I	1
AG-907-B05	Cas_Class2_TypeII_subtypeC	1
AG-907-B06	RM_type_I	1
AG-907-B23	Eleos	1
AG-907-C05	Zorya_type_II	1
AG-907-C11	BREX_type_I	1
AG-907-D10	Zorya_type_II	1
AG-907-D18	RM_type_II	1
AG-907-D19	Eleos	1
AG-907-E06	RM_type_II	1
AG-907-E16	Druantia_type_I	1
AG-907-E22	RM_type_II	1
AG-907-F04	RM_type_I	1
AG-907-F06	RM_type_IIG	1
AG-907-G06	Nhi	1
AG-907-G06	RM_type_IV	1
AG-907-G06	RM_type_I	1
AG-907-G16	RM_type_II	1
AG-907-G23	RM_type_IIG	1
AG-907-I03	RM_type_II	1
AG-907-I07	Druantia_type_II	1
AG-907-I16	RM_type_I	1
AG-907-J09	Eleos	1
AG-907-J09	RM_type_II	1
AG-907-J10	RM_type_II	1
AG-907-K05	RM_type_II	1
AG-907-K09	RM_type_IV	1
AG-907-K13	RM_type_III	1
AG-907-L10	RM_type_I	2
AG-907-L11	Wadjet_type_I	1
AG-907-M08	PsyrTA	1
AG-907-N06	RM_type_IIG	1
AG-907-N21	RM_type_I	1
AG-907-O06	Cas_Class2_TypeII_subtypeC	1
AG-907-P01	RM_type_IIG	1
AG-907-P01	RM_type_II	1
AG-907-P06	RM_type_II	1
AG-907-P15	RM_type_IV	1
AG-907-P16	RM_type_I	1
AG-907-P17	RM_type_II	1
AG-908-A08	PsyrTA	1
AG-908-A11	RM_type_IV	1
AG-908-A22	RM_type_II	1
AG-908-B04	Wadjet_type_I	1
AG-908-B05	RM_type_I	1
AG-908-B06	RM_type_II	1
AG-908-B10	RM_type_II	1
AG-908-B16	RM_type_I	1
AG-908-C09	RM_type_II	1
AG-908-C16	RM_type_I	1
AG-908-C20	RM_type_I	1
AG-908-C23	Eleos	1
AG-908-D05	RM_type_I	1
AG-908-D08	PsyrTA	1
AG-908-D17	RM_type_IIG	1
AG-908-E13	RM_type_I	1
AG-908-E14	Eleos	1
AG-908-E19	RM_type_I	1
AG-908-G22	RM_type_III	1
AG-908-I10	RM_type_IIG	1
AG-908-J14	RM_type_II	1
AG-908-L02	RM_type_II	1
AG-908-L06	SoFic	1
AG-908-L09	RM_type_IV	1
AG-908-L11	RM_type_IV	1
AG-908-M04	RM_type_IIG	1
AG-908-M13	PsyrTA	1
AG-908-M16	SspBCD	1
AG-908-N09	RM_type_IV	1
AG-908-P09	RM_type_II	1
AG-908-P10	RM_type_II	1
AG-908-P16	RM_type_IIG	1
AG-908-P17	RM_type_IV	1
AG-908-P18	PD-T4-3	1
AG-909-A20	RM_type_II	2
AG-909-B23	RM_type_III	1
AG-909-D07	RM_type_I	1
AG-909-E06	RM_type_II	1
AG-909-E18	Zorya_type_II	1
AG-909-F03	RM_type_IV	1
AG-909-F07	RM_type_II	1
AG-909-G18	Eleos	1
AG-909-G18	Pycsar	1
AG-909-G21	Eleos	1
AG-909-I03	RM_type_II	1
AG-909-I15	RM_type_IV	1
AG-909-J09	RM_type_I	1
AG-909-J14	RM_type_IV	1
AG-909-J19	RM_type_I	1
AG-909-J22	RM_type_IIG	1
AG-909-K15	RM_type_IV	1
AG-909-K20	RM_type_IIG	1
AG-909-M13	RM_type_III	1
AG-909-M20	RM_type_II	2
AG-909-N06	RM_type_III	1
AG-909-N08	RM_type_I	1
AG-909-N08	RM_type_IV	1
AG-909-O02	Borvo	1
AG-909-O02	RM_type_I	1
AG-909-O03	RM_type_II	1
AG-909-O03	RM_type_I	1
AG-909-O05	RM_type_IV	2
AG-909-O05	RM_type_II	1
AG-909-O09	RM_type_II	1
AG-909-P05	RM_type_I	1
AG-909-P15	RM_type_II	2
AG-910-A10	PD-T4-3	1
AG-910-A10	RM_type_II	1
AG-910-A14	RM_type_IIG	1
AG-910-A19	RM_type_IV	1
AG-910-A20	RM_type_II	1
AG-910-B21	PD-T4-3	1
AG-910-C21	RM_type_IIG	1
AG-910-C23	RM_type_II	1
AG-910-D13	RM_type_II	2
AG-910-D18	RM_type_IIG	1
AG-910-D19	RM_type_II	1
AG-910-D19	RM_type_IV	1
AG-910-D20	RM_type_I	1
AG-910-E03	RM_type_IV	1
AG-910-E09	RM_type_IIG	1
AG-910-E09	RM_type_II	2
AG-910-E10	RM_type_I	1
AG-910-E13	RM_type_II	1
AG-910-E14	RM_type_I	1
AG-910-E19	Eleos	1
AG-910-E21	RM_type_I	1
AG-910-E22	RM_type_II	1
AG-910-E23	Zorya_type_II	1
AG-910-F02	RM_type_IIG	1
AG-910-F14	Borvo	1
AG-910-G11	RM_type_IIG	1
AG-910-I07	Zorya_type_II	1
AG-910-I14	RM_type_I	1
AG-910-I15	RM_type_II	1
AG-910-J04	RM_type_II	1
AG-910-J11	RM_type_II	1
AG-910-J15	RM_type_II	1
AG-910-J22	RM_type_I	1
AG-910-K06	Zorya_type_I	1
AG-910-K09	RM_type_II	1
AG-910-K09	RM_type_IV	1
AG-910-L06	RM_type_II	1
AG-910-L07	RM_type_I	1
AG-910-L07	RM_type_II	1
AG-910-M02	Eleos	1
AG-910-M06	Eleos	1
AG-910-M10	RM_type_II	1
AG-910-M21	RM_type_IV	1
AG-910-N11	PD-Lambda-1	1
AG-910-O03	RM_type_I	1
AG-910-O05	RM_type_III	1
AG-910-O20	RM_type_I	1
AG-910-O23	Eleos	1
AG-910-P02	RM_type_IIG	1
AG-910-P02	RM_type_II	1
AG-910-P04	RM_type_I	1
AG-910-P08	RM_type_I	1
AG-911-A11	RM_type_II	1
AG-911-A11	RM_type_I	1
AG-911-A15	RM_type_II	1
AG-911-B04	RM_type_II	2
AG-911-B05	RM_type_IIG	1
AG-911-B05	RM_type_II	2
AG-911-B17	RM_type_IV	1
AG-911-B18	Dpd	1
AG-911-B18	RM_type_IIG	1
AG-911-B23	RM_type_I	1
AG-911-C05	RM_type_IV	1
AG-911-C10	Eleos	1
AG-911-C13	RM_type_IV	1
AG-911-C17	RM_type_IIG	1
AG-911-C17	RM_type_II	1
AG-911-D08	RM_type_I	1
AG-911-D09	RM_type_IIG	1
AG-911-E05	RM_type_IIG	1
AG-911-E22	RM_type_IIG	1
AG-911-F21	RM_type_IV	2
AG-911-G02	RM_type_IIG	1
AG-911-G05	RM_type_III	1
AG-911-G10	RM_type_II	1
AG-911-G22	Eleos	1
AG-911-I15	RM_type_IIG	1
AG-911-I15	RM_type_II	1
AG-911-I17	Dpd	1
AG-911-I17	RM_type_II	1
AG-911-I18	RM_type_I	1
AG-911-J02	RM_type_IIG	1
AG-911-J16	RM_type_IIG	2
AG-911-J21	RM_type_II	2
AH-326-N03	RM_type_IIG	1
AH-326-N07	RM_type_I	1
AH-326-N13	RM_type_II	1
AH-326-N22	RM_type_I	1
AH-326-O05	RM_type_I	1
AH-326-P06	RM_type_II	1
AH-326-O21	RM_type_II	2
AH-326-P07	RM_type_I	1
AH-326-P16	RM_type_IIG	1
AG-319-J03	RM_type_II	1
AG-319-L18	RM_type_II	1
AG-325-K07	RM_type_II	2
AG-325-P16	Dpd	1
AG-325-K06	RM_type_IIG	2
AH-326-N04	RM_type_III	1
AH-326-N02	RM_type_III	1
AG-911-P14	Eleos	1
AG-912-A09	RM_type_IIG	1
AG-912-A09	RM_type_II	1
AG-912-B16	RM_type_II	1
AG-912-C06	RM_type_I	1
AG-912-C07	Borvo	1
AG-912-C10	Pycsar	1
AG-912-C20	RM_type_IIG	1
AG-912-D09	RM_type_II	1
AG-912-D14	RM_type_I	1
AG-912-E13	RM_type_III	1
AG-912-F07	RM_type_II	1
AG-912-F17	RM_type_II	1
AG-912-F21	RM_type_IIG	1
AG-912-G03	RM_type_I	1
AG-912-G10	PsyrTA	1
AG-912-I02	RM_type_IIG	1
AG-912-J06	RM_type_II	2
AG-912-J07	RM_type_IIG	1
AG-912-J16	RM_type_II	1
AG-912-K05	RM_type_I	1
AG-912-K17	RM_type_IIG	1
AG-912-L10	RM_type_II	1
AG-912-O02	RM_type_I	1
AG-912-O07	RM_type_I	1
AG-912-P07	RM_type_IV	2
AG-912-P10	RM_type_III	1
AG-912-P17	RM_type_I	1
AG-913-A05	RM_type_IIG	1
AG-913-A06	RM_type_I	1
AG-913-A07	RM_type_IIG	1
AG-913-A16	RM_type_II	1
AG-913-B07	RM_type_IIG	1
AG-913-B07	RM_type_II	1
AG-913-B19	RM_type_I	1
AG-913-B20	Eleos	1
AG-913-B20	RM_type_II	1
AG-913-C06	RM_type_I	1
AG-913-D09	Eleos	1
AG-913-D22	RM_type_II	1
AG-913-E04	RM_type_I	1
AG-913-E07	RM_type_III	1
AG-913-E17	RM_type_II	1
AG-913-F17	Eleos	1
AG-913-G13	PD-T4-3	1
AG-913-G13	RM_type_II	1
AG-913-G17	RM_type_I	1
AG-913-I04	Lamassu_type_I	1
AG-913-I04	Pycsar	1
AG-913-J04	PD-T4-3	1
AG-913-J04	pAgo_type_I	1
AG-913-J07	RM_type_I	1
AG-913-J16	RM_type_I	1
AG-913-J18	PD-T4-3	1
AG-913-J18	RM_type_III	1
AG-913-K07	RM_type_III	1
AG-913-K07	RM_type_IV	1
AG-913-K10	pAgo_type_I	1
AG-913-K11	RM_type_III	1
AG-913-K15	RM_type_II	2
AG-913-L03	RM_type_IV	1
AG-913-L04	RM_type_II	1
AG-913-L07	RM_type_I	1
AG-913-L09	RM_type_II	1
AG-913-L16	RM_type_II	1
AG-913-M03	Lamassu_type_I	1
AG-913-M07	RM_type_II	1
AG-913-M15	Eleos	1
AG-913-M18	RM_type_II	2
AG-913-M18	RM_type_IIG	1
AG-913-M20	RM_type_II	2
AG-913-N02	Zorya_type_II	1
AG-913-N04	Eleos	1
AG-913-N09	RM_type_I	1
AG-913-N15	RM_type_IIG	1
AG-913-N15	RM_type_II	1
AG-913-N17	RM_type_IV	1
AG-913-O03	RM_type_II	2
AG-913-O04	SspBCD	1
AG-913-O18	RM_type_I	1
AG-913-O20	RM_type_II	1
AG-913-O22	RM_type_I	1
AG-913-P02	RM_type_II	1
AG-913-P05	Lamassu_type_I	1
AG-913-P09	PsyrTA	1
AG-913-P09	RM_type_IIG	1
AG-914-A11	RM_type_II	1
AG-914-A14	ShosTA	1
AG-914-A14	RM_type_IV	1
AG-914-A17	RM_type_II	1
AG-914-A22	RM_type_II	1
AG-914-B08	RM_type_IV	1
AG-914-B15	Zorya_type_II	1
AG-914-B17	RM_type_II	2
AG-914-B17	RM_type_IV	1
AG-914-B18	PsyrTA	1
AG-914-C03	RM_type_IV	1
AG-914-C05	RM_type_IV	1
AG-914-C09	DRT_type_VIII	1
AG-914-C20	PD-T4-3	1
AG-914-D20	RM_type_IIG	1
AG-914-E21	RM_type_II	2
AG-914-F03	PD-T4-3	1
AG-914-F09	RM_type_II	1
AG-914-F20	PD-Lambda-1	1
AG-914-G02	Eleos	1
AG-914-G14	RM_type_IV	1
AG-914-G20	RM_type_IV	1
AG-914-G22	RM_type_IIG	1
AG-914-I23	RM_type_IV	1
AG-914-J05	RM_type_I	1
AG-914-J07	Zorya_type_II	1
AG-914-J13	RM_type_I	1
AG-914-J16	Eleos	1
AG-914-K03	PD-T4-3	1
AG-914-K05	RM_type_II	1
AG-914-K10	RM_type_II	1
AG-914-K17	RM_type_I	1
AG-914-K18	RM_type_IV	1
AG-914-K21	RM_type_II	1
AG-914-L02	RM_type_I	1
AG-914-L04	RM_type_I	1
AG-914-L19	RM_type_III	1
AG-914-L20	RM_type_IIG	1
AG-914-L21	RM_type_IIG	1
AG-914-M02	RM_type_II	1
AG-914-M08	RM_type_II	1
AG-914-M09	RM_type_II	2
AG-914-M13	RM_type_I	1
AG-914-N20	RM_type_II	1
AG-914-N21	Eleos	1
AG-914-N21	RM_type_I	1
AG-914-N23	ShosTA	1
AG-914-O05	RM_type_II	1
AG-914-O07	RM_type_II	1
AG-914-O08	RM_type_I	1
AG-914-O11	Eleos	1
AG-914-O11	RM_type_II	1
AG-914-O15	DarTG	1
AG-914-O23	RM_type_II	1
AG-914-P02	RM_type_II	1
AG-914-P04	RM_type_I	1
AG-914-P05	RM_type_II	1
AG-914-P08	RM_type_II	1
AG-914-P14	RM_type_I	1
AG-914-P19	RM_type_III	1
AG-915-A01	RM_type_I	1
AG-915-A06	RM_type_I	1
AG-915-B03	RM_type_II	1
AG-915-B19	RM_type_IIG	1
AG-915-B19	RM_type_II	1
AG-915-B22	Lamassu_type_I	1
AG-915-B22	Zorya_type_I	1
AG-915-B22	RM_type_III	1
AG-915-C06	RM_type_III	1
AG-915-C07	RM_type_II	2
AG-915-C22	RM_type_IIG	1
AG-915-D02	RM_type_I	1
AG-915-D08	RM_type_I	1
AG-915-D19	RM_type_II	2
AG-915-E04	RM_type_I	1
AG-915-E06	RM_type_II	2
AG-915-E09	RM_type_I	1
AG-915-E10	RM_type_IIG	1
AG-915-E13	Zorya_type_I	1
AG-915-F03	RM_type_II	1
AG-915-F07	RM_type_II	1
AG-915-F07	RM_type_IIG	1
AG-915-F11	RM_type_I	1
AG-915-F20	RM_type_IV	1
AG-915-F23	RM_type_I	1
AG-915-G04	RM_type_II	2
AG-915-G06	RM_type_II	2
AG-915-G07	Eleos	1
AG-915-G10	RM_type_IIG	1
AG-915-G17	RM_type_II	2
AG-915-G22	RM_type_II	1
AG-915-I14	RM_type_IV	1
AG-915-J10	RM_type_IV	1
AG-915-J16	RM_type_II	1
AG-915-K04	RM_type_I	1
AG-915-K05	AbiO	1
AG-915-K07	RM_type_II	1
AG-915-K17	RM_type_IIG	1
AG-915-L04	RM_type_I	1
AG-915-L18	RM_type_II	1
AG-915-N20	RM_type_I	1
AG-915-N21	RM_type_IIG	2
AG-915-O02	RM_type_I	1
AG-915-O06	RM_type_II	1
AG-915-O22	RM_type_I	1
AG-915-P07	ShosTA	1
AG-915-P09	RM_type_II	1
AG-916-A16	RM_type_II	1
AG-916-A19	RM_type_I	1
AG-916-A23	RM_type_II	1
AG-916-B09	RM_type_IV	1
AG-916-B13	ShosTA	1
AG-916-B16	RM_type_II	1
AG-916-B20	RM_type_IV	1
AG-916-C06	RM_type_II	1
AG-916-C10	RM_type_I	1
AG-916-D20	RM_type_II	1
AG-916-E10	Eleos	1
AG-916-E11	RM_type_IIG	1
AG-916-E18	RM_type_I	1
AG-916-F06	RM_type_IIG	1
AG-916-F16	RM_type_III	1
AG-916-F21	RM_type_I	1
AG-916-F21	RM_type_IV	1
AG-916-G05	RM_type_II	2
AG-916-G10	RM_type_IIG	1
AG-916-G20	Eleos	1
AG-916-G23	RM_type_II	1
AG-916-I03	RM_type_IV	1
AG-916-I05	RM_type_IV	1
AG-916-I08	RM_type_III	1
AG-916-I16	RM_type_I	1
AG-916-J09	PsyrTA	1
AG-916-J14	RM_type_II	1
AG-916-K09	RM_type_II	1
AG-916-K23	RM_type_III	1
AG-916-L04	RM_type_I	1
AG-916-L16	RM_type_II	1
AG-916-L17	RM_type_II	1
AG-916-M10	RM_type_II	1
AG-916-M13	RM_type_I	1
AG-916-M22	Eleos	1
AG-916-N03	PsyrTA	1
AG-916-N04	RM_type_II	1
AG-916-N14	RM_type_II	2
AG-916-N15	RM_type_IV	1
AG-916-N22	Borvo	1
AG-916-O07	Eleos	1
AG-916-O07	RM_type_II	1
AG-916-O20	RM_type_I	1
AG-916-O23	RM_type_III	1
AG-916-P14	RM_type_IIG	1
AG-916-P17	PD-T4-3	1
AG-916-P19	ShosTA	1
AG-916-P19	PD-T4-3	1
AG-916-P19	RM_type_IV	1
AG-916-P22	RM_type_IIG	1
AG-917-A03	RM_type_I	1
AG-917-A21	RM_type_II	1
AG-917-B15	RM_type_IV	1
AG-917-C08	RM_type_III	1
AG-917-C18	RM_type_I	1
AG-917-C23	RM_type_IV	1
AG-917-D07	RM_type_IV	1
AG-917-D08	RM_type_IIG	1
AG-917-D14	RM_type_IV	1
AG-917-E11	Retron_type_XIII	1
AG-917-F02	ShosTA	1
AG-917-F02	RM_type_II	1
AG-917-F11	RM_type_II	2
AG-917-F15	RM_type_I	1
AG-917-F20	RM_type_IV	1
AG-917-G04	Lamassu_type_I	1
AG-917-G13	RM_type_I	1
AG-917-G14	RM_type_III	1
AG-917-G16	Eleos	1
AG-917-G18	PsyrTA	1
AG-917-I05	RM_type_I	1
AG-917-I07	RM_type_IIG	1
AG-917-I09	RM_type_IIG	1
AG-917-I09	RM_type_II	1
AG-917-I17	RM_type_I	1
AG-917-J06	RM_type_II	2
AG-917-K07	RM_type_II	1
AG-917-K10	RM_type_IV	1
AG-917-K13	RM_type_IV	1
AG-917-K20	RM_type_IV	1
AG-917-M04	RM_type_II	1
AG-917-M08	RM_type_II	2
AG-917-M09	RM_type_IV	1
AG-917-M14	RM_type_I	1
AG-917-M19	RM_type_II	1
AG-917-M19	RM_type_IIG	1
AG-917-M21	RM_type_IIG	1
AG-917-N04	Zorya_type_II	1
AG-917-N04	RM_type_III	1
AG-917-N11	RM_type_II	2
AG-917-N20	RM_type_II	2
AG-917-O05	Zorya_type_II	1
AG-917-O14	Lamassu_type_I	1
AG-917-O14	RM_type_II	1
AG-917-O14	RM_type_IV	1
AG-917-O14	RM_type_IIG	1
AG-917-P11	Eleos	1
AG-917-P17	RM_type_II	1
AG-918-B05	RM_type_IV	1
AG-918-B16	RM_type_II	1
AG-918-C03	RM_type_IV	1
AG-918-C03	RM_type_I	1
AG-918-C11	dGTPase	1
AG-918-C11	RM_type_II	1
AG-918-C23	RM_type_IIG	1
AG-918-D04	RM_type_II	1
AG-918-D08	RM_type_II	1
AG-918-E02	RM_type_II	2
AG-918-E21	RM_type_II	2
AG-918-F23	RM_type_II	2
AG-918-G17	Pycsar	1
AG-918-G18	Eleos	1
AG-918-I10	RM_type_IV	1
AG-918-I22	RM_type_II	1
AG-918-J22	RM_type_II	1
AG-918-K05	PD-T4-3	1
AG-918-L05	RM_type_IV	1
AG-918-L06	RM_type_I	1
AG-918-L07	RM_type_I	1
AG-918-L14	RM_type_II	1
AG-918-L21	RM_type_II	2
AG-918-L22	RM_type_II	1
AG-918-L22	RM_type_I	2
AG-918-M14	RM_type_IIG	1
AG-918-M20	RM_type_IIG	1
AG-918-M22	RM_type_II	1
AG-918-N11	RM_type_IIG	1
AG-918-N11	RM_type_II	2
AG-918-N23	RM_type_II	2
AG-918-O13	RM_type_II	2
AG-918-O17	RM_type_II	1
AG-918-O17	RM_type_IIG	1
AG-918-P11	RM_type_II	1
AG-918-P14	RM_type_II	1
AG-918-P15	RM_type_I	1
AG-919-A02	RM_type_I	1
AG-919-A15	RM_type_I	1
AG-919-A21	RM_type_I	1
AG-919-B14	Zorya_type_II	1
AG-919-C11	Eleos	1
AG-919-C14	RM_type_II	1
AG-919-C15	RM_type_I	1
AG-919-C22	RM_type_II	2
AG-919-D03	RM_type_I	1
AG-919-E11	RM_type_II	1
AG-919-F03	RM_type_III	1
AG-919-F09	RM_type_IV	1
AG-919-F13	RM_type_IIG	1
AG-919-F18	RM_type_III	1
AG-919-G08	RM_type_II	1
AG-919-G20	Eleos	1
AG-919-G23	RM_type_I	1
AG-919-I04	RM_type_I	1
AG-919-I05	Zorya_type_II	1
AG-919-I05	RM_type_IIG	1
AG-919-I05	RM_type_I	1
AG-919-I06	RM_type_I	1
AG-919-I17	RM_type_IV	1
AG-919-I23	RM_type_II	1
AG-919-J02	RM_type_I	1
AG-919-J11	RM_type_I	1
AG-919-J14	RM_type_I	1
AG-919-K20	RM_type_II	2
AG-919-K21	RM_type_IV	1
AG-919-L15	RM_type_IV	1
AG-919-M04	AbiU	1
AG-919-N16	RM_type_IV	1
AG-919-N16	RM_type_I	1
AG-919-N18	AbiU	1
AG-919-N22	RM_type_IV	1
AG-919-N22	RM_type_I	1
AG-919-O04	SspBCD	1
AG-919-O06	RM_type_II	1
AG-919-O21	Eleos	1
AG-919-P03	RM_type_IIG	1
AG-919-P03	RM_type_II	1
AG-919-P03	RM_type_III	1
AG-919-P09	RM_type_I	1
AG-919-P15	RM_type_II	1
AG-920-B04	PD-T4-3	1
AG-920-B11	Eleos	1
AG-920-B11	Pycsar	1
AG-920-D02	RM_type_IIG	1
AG-920-D06	RM_type_IIG	1
AG-920-D13	RM_type_III	1
AG-920-D15	Borvo	1
AG-920-E03	RM_type_I	1
AG-920-E06	Mokosh_type_I	1
AG-920-F09	RM_type_IV	1
AG-920-F14	RM_type_I	1
AG-920-F19	RM_type_IV	1
AG-920-F19	RM_type_I	1
AG-920-G10	RM_type_I	1
AG-920-G11	TerY	1
AG-920-G11	RM_type_IV	1
AG-920-G11	RM_type_II	1
AG-920-G17	RM_type_II	1
AG-920-I08	PD-T4-3	1
AG-920-I11	RM_type_III	1
AG-920-I17	Eleos	1
AG-920-I17	RM_type_IIG	1
AG-920-I22	Zorya_type_II	1
AG-920-J03	RM_type_IV	1
AG-920-J05	RM_type_II	2
AG-920-J11	RM_type_II	1
AG-920-J13	RM_type_IV	1
AG-920-K03	RM_type_I	1
AG-920-K13	RM_type_IIG	1
AG-920-M16	PD-T4-3	1
AG-920-O05	Zorya_type_II	1
AG-920-O09	RM_type_I	1
AG-920-O11	RM_type_I	1
AG-920-O19	AbiJ	1
AG-920-O20	RM_type_I	1
AG-920-P19	Zorya_type_II	1
AH-287-E16	BREX_type_I	1
AH-287-E16	RM_type_IV	1
AH-287-A06	RM_type_IV	2
AH-287-A16	RM_type_II	2
AH-287-A17	RM_type_II	2
AH-287-A22	RM_type_I	1
AH-287-B02	RM_type_IV	1
AH-287-B10	RM_type_I	1
AH-287-B15	RM_type_IV	1
AH-287-B15	RM_type_II	1
AH-287-C02	RM_type_IV	1
AH-287-C03	RM_type_IV	1
AH-287-C14	RM_type_III	1
AH-287-C15	RM_type_IV	1
AH-287-C18	RM_type_II	1
AH-287-C20	RM_type_I	2
AH-287-D06	RM_type_III	1
AH-287-D15	RM_type_IIG	1
AH-287-D18	RM_type_IV	1
AH-287-E04	RM_type_II	1
AH-287-E07	RM_type_IV	1
AH-287-E08	RM_type_I	1
AH-287-E09	RM_type_I	1
AH-287-E14	PD-T4-3	1
AH-287-E15	RM_type_IV	1
AH-287-E20	RM_type_IV	1
AH-287-E21	PsyrTA	1
AH-287-F03	PD-Lambda-1	1
AH-287-F08	PsyrTA	1
AH-287-F09	Pycsar	1
AH-287-F23	RM_type_II	2
AH-287-G02	Eleos	1
AH-287-G06	RM_type_IIG	1
AH-287-G16	RM_type_II	1
AH-287-G23	RM_type_IV	1
AH-287-I06	RM_type_IV	1
AH-287-I11	RM_type_IV	1
AH-287-I14	Eleos	1
AH-287-I22	Mokosh_type_I	1
AH-287-J03	RM_type_III	1
AH-287-J03	RM_type_IIG	1
AH-287-J10	Eleos	1
AH-287-J22	pAgo_type_I	1
AH-287-K04	RM_type_IV	1
AH-287-K16	RM_type_III	1
AH-287-L02	PD-Lambda-1	1
AH-287-L02	RM_type_I	1
AH-287-L03	PD-T4-3	1
AH-287-L05	RM_type_II	1
AH-287-L13	RM_type_I	1
AH-287-L18	RM_type_II	1
AH-287-M08	Shango	1
AH-287-M08	RM_type_IIG	1
AH-287-M08	RM_type_III	1
AH-287-M14	RM_type_IV	1
AH-287-M14	RM_type_IIG	1
AH-287-M23	Mokosh_type_I	1
AH-287-N04	RM_type_II	2
AH-287-N13	ShosTA	1
AH-287-N13	RM_type_II	1
AH-287-N17	TerY	1
AH-287-N17	Eleos	1
AH-287-N17	RM_type_II	1
AH-287-N20	PD-T4-3	1
AH-287-O10	RM_type_IIG	1
AH-287-O10	RM_type_IV	1
AH-287-O15	RM_type_I	1
AH-287-O17	RM_type_I	1
AH-287-O21	RM_type_II	1
AH-287-P07	RM_type_IV	1
AH-287-P14	PsyrTA	1
AH-321-A07	Eleos	1
AH-321-A08	RM_type_I	1
AH-321-B08	PD-T4-3	1
AH-321-B08	RM_type_II	1
AH-321-B19	RM_type_II	1
AH-321-B21	Druantia_type_II	1
AH-321-B21	RM_type_II	2
AH-321-B23	RM_type_IIG	1
AH-321-C10	RM_type_II	1
AH-321-C14	RM_type_I	1
AH-321-C15	BREX_type_I	1
AH-321-C15	RM_type_IV	1
AH-321-C19	RM_type_IIG	1
AH-321-C20	Pycsar	1
AH-321-C20	RM_type_I	1
AH-321-D04	RM_type_I	1
AH-321-D13	RM_type_I	1
AH-321-F10	RM_type_II	2
AH-321-G07	RM_type_IV	1
AH-321-I13	RM_type_IV	1
AH-321-J04	RM_type_II	1
AH-321-J04	RM_type_IIG	1
AH-321-J15	RM_type_I	1
AH-321-J21	RM_type_II	1
AH-321-K02	RM_type_IV	1
AH-321-K03	RM_type_IV	1
AH-321-K11	PsyrTA	1
AH-321-K11	RM_type_II	1
AH-321-K14	RM_type_IIG	2
AH-321-K16	RM_type_IIG	1
AH-321-K21	Eleos	1
AH-321-L02	RM_type_IV	2
AH-321-L06	Eleos	1
AH-321-M18	RM_type_I	1
AH-321-M19	RM_type_II	1
AH-321-N11	RM_type_II	2
AH-321-N22	Borvo	1
AH-321-O13	RM_type_I	1
AH-321-P11	RM_type_II	1
AH-321-P23	RM_type_I	1
AH-324-A03	RM_type_II	1
AH-324-A10	RM_type_II	1
AH-324-A18	Eleos	1
AH-324-A19	PsyrTA	1
AH-324-A22	Lamassu_type_I	1
AH-324-B08	RM_type_II	2
AH-326-E18	RM_type_I	1
AH-326-E22	RM_type_I	1
AH-326-F06	RM_type_I	1
AH-326-F10	RM_type_III	1
AH-324-B10	RM_type_III	1
AH-326-F16	Pycsar	1
AH-324-D13	RM_type_II	1
AH-324-E14	RM_type_I	1
AH-326-J13	RM_type_II	1
AH-326-F13	RM_type_I	1
AH-324-F04	RM_type_II	1
AH-324-C14	DRT_type_II	1
AH-324-C14	PD-T7-5	1
AH-324-C14	RM_type_IIG	1
AH-324-F16	RM_type_II	1
AH-324-F23	Zorya_type_I	1
AH-326-F19	RM_type_II	1
AH-324-G15	RM_type_II	1
AH-324-G16	RM_type_II	2
AH-326-G17	Pycsar	1
AH-324-G23	RM_type_IV	2
AH-324-G23	RM_type_I	1
AH-324-I08	RM_type_I	1
AH-324-I15	RM_type_IV	1
AH-324-I20	RM_type_II	2
AH-324-J06	AbiU	1
AH-324-J06	RM_type_II	1
AH-324-J08	Cas_cluster	1
AH-324-J11	RM_type_I	1
AH-324-J20	RM_type_II	1
AH-324-K17	Eleos	1
AH-324-L13	RM_type_II	1
AH-324-M03	PsyrTA	1
AH-326-G04	RM_type_II	1
AH-326-G02	pAgo_type_I	1
AH-324-M21	PD-T4-3	1
AH-324-M21	RM_type_III	1
AH-324-M22	RM_type_I	1
AH-324-O04	RM_type_II	1
AH-324-O06	RM_type_IV	1
AH-324-O11	RM_type_IIG	1
AH-326-G22	RM_type_IV	1
AH-324-O23	RM_type_II	1
AH-324-P01	RM_type_II	1
AH-324-P04	RM_type_II	1
AH-324-P07	RM_type_II	1
AH-326-A09	RM_type_II	1
AH-326-A13	RM_type_I	1
AH-324-P17	RM_type_I	1
AH-324-P18	Lamassu_type_I	1
AH-324-P18	RM_type_II	1
AH-324-P18	RM_type_IV	1
AH-326-J08	RM_type_IV	1
AH-326-B04	RM_type_I	1
AH-326-J17	RM_type_II	1
AH-326-K03	RM_type_II	2
AH-326-J09	RM_type_II	1
AH-326-B07	PD-T4-3	1
AH-326-B07	RM_type_II	1
AH-326-M03	RM_type_II	1
AH-326-M03	RM_type_IV	1
AH-326-L08	Pycsar	1
AH-326-L08	Eleos	1
AH-326-J10	Eleos	1
AH-326-C13	RM_type_I	1
AH-326-J23	RM_type_IV	1
AH-326-M06	RM_type_IV	1
AH-326-D07	RM_type_II	1
AH-326-C06	RM_type_I	1
AH-326-D08	RM_type_II	1
AH-326-K19	RM_type_II	1
AH-326-C23	RM_type_II	1
AH-326-E05	Eleos	1
AH-326-L16	RM_type_II	1
AH-326-L16	RM_type_IIG	1
AH-326-L19	RM_type_II	2
AH-326-L14	RM_type_I	1
AG-426-D23	Eleos	1
AG-426-E05	Eleos	1
AG-426-E05	RM_type_IIG	1
AG-426-E06	RM_type_II	1
AG-426-E09	dGTPase	1
AG-426-F13	RM_type_III	1
AG-426-F13	RM_type_II	1
AG-426-G06	RM_type_I	1
AG-426-G11	RM_type_I	1
AG-426-G23	PsyrTA	1
AG-426-G23	RM_type_IIG	1
AG-426-I04	RM_type_IV	1
AG-426-I14	RM_type_IV	1
AG-426-I21	RM_type_II	2
AG-426-J23	RM_type_III	1
AG-426-K10	RM_type_IV	1
AG-426-K19	RM_type_I	1
AG-426-K21	RM_type_I	1
AG-426-L04	PsyrTA	1
AG-426-L10	RM_type_II	1
AG-426-M05	RM_type_IV	1
AG-426-M08	AbiU	1
AG-426-M08	DarTG	1
AG-426-M10	Eleos	1
AG-426-M17	RM_type_I	1
AG-426-M19	RM_type_IIG	1
AG-426-M20	PsyrTA	1
AG-426-M20	Eleos	1
AG-426-M20	RM_type_II	1
AG-426-M22	RM_type_II	2
AG-426-M23	RM_type_IIG	1
AG-426-N08	RM_type_I	1
AG-426-N16	RM_type_II	1
AG-426-O04	RM_type_I	1
AG-426-O11	RM_type_IV	1
AG-426-O15	Mokosh_type_I	1
AG-426-O19	Pycsar	1
AG-426-O23	RM_type_II	1
AG-426-P02	PsyrTA	1
AG-426-P14	RM_type_II	1
AG-426-P23	RM_type_IIG	1
AG-430-A03	RM_type_III	1
AG-430-A20	RM_type_I	1
AG-430-B04	RM_type_II	1
AG-430-B11	RM_type_II	1
AG-430-C06	AbiE	1
AG-430-C07	Wadjet_type_I	1
AG-430-C07	Cas_cluster	1
AG-430-C08	RM_type_I	1
AG-430-C17	ShosTA	1
AG-430-E19	RM_type_II	1
AG-430-E22	RM_type_IIG	1
AG-430-F09	RM_type_II	2
AG-430-F14	RM_type_I	1
AG-430-G03	RM_type_IV	1
AG-430-G08	RM_type_IIG	1
AG-430-G23	Dpd	1
AG-430-G23	RM_type_II	1
AG-430-I08	RM_type_II	1
AG-430-I13	RM_type_I	1
AG-430-I17	RM_type_IV	1
AG-430-I18	RM_type_I	1
AG-430-J18	Zorya_type_II	1
AG-430-K07	RM_type_II	1
AG-430-K11	RM_type_III	1
AG-430-K18	RM_type_II	1
AG-430-M10	RM_type_IV	1
AG-430-M14	RM_type_II	2
AG-430-M19	RM_type_I	1
AG-430-N08	RM_type_II	1
AG-430-N11	PsyrTA	1
AG-430-N14	Pycsar	1
AG-430-N16	RM_type_IIG	1
AG-430-N20	RM_type_III	1
AG-430-N21	Shango	1
AG-430-N21	RM_type_IIG	1
AG-430-N21	RM_type_IV	1
AG-430-O03	RM_type_II	3
AG-430-O03	RM_type_I	1
AG-430-P08	RM_type_IIG	1
AG-430-P14	RM_type_II	1
AG-430-P15	ShosTA	1
AG-435-A02	RM_type_II	1
AG-435-A21	Lamassu_type_I	1
AG-435-A22	Hydrolase_TM	1
AG-435-C11	Lamassu_type_I	1
AG-435-C11	RM_type_II	2
AG-435-C17	RM_type_I	1
AG-435-D02	RM_type_I	1
AG-435-E03	RM_type_II	1
AG-435-E03	RM_type_IIG	1
AG-435-G02	Pycsar	1
AG-435-G19	RM_type_II	1
AG-435-I03	RM_type_II	1
AG-435-J18	DarTG	1
AG-435-L19	RM_type_I	1
AG-435-M06	RM_type_II	2
AG-435-M21	RM_type_I	1
AG-435-N11	RM_type_I	1
AG-435-P09	Eleos	1
AG-435-P09	RM_type_I	1
AG-435-P18	RM_type_II	1
AG-435-P21	RM_type_II	1
AG-439-A14	Retron_type_XII	1
AG-439-A17	DarTG	1
AG-439-A17	RM_type_II	1
AG-439-B06	RM_type_II	2
AG-439-B07	RM_type_II	2
AG-439-B12	RM_type_I	1
AG-439-B17	RM_type_I	1
AG-439-B19	Dpd	2
AG-439-C09	dGTPase	1
AG-439-C18	DarTG	1
AG-439-D04	RM_type_I	1
AG-439-D08	Dpd	1
AG-439-D15	RM_type_II	2
AG-439-D18	RM_type_I	1
AG-439-E16	AbiU	1
AG-439-G03	Druantia_type_II	1
AG-439-G03	RM_type_II	1
AG-439-G07	AbiE	2
AG-439-G20	BREX_type_I	1
AG-439-I03	RM_type_I	1
AG-439-I13	RM_type_II	2
AG-439-I17	RM_type_II	2
AG-439-J05	RM_type_II	1
AG-439-J22	PsyrTA	1
AG-439-K12	RM_type_I	1
AG-439-K14	PsyrTA	1
AG-439-K19	RM_type_I	1
AG-439-K22	Dnd_ABCDE	1
AG-439-L06	RM_type_II	1
AG-439-L07	RM_type_II	1
AG-439-L23	RM_type_IV	1
AG-439-M03	DarTG	1
AG-439-M04	RM_type_IV	1
AG-439-M12	AbiU	1
AG-439-M12	RM_type_IIG	1
AG-439-N06	RM_type_II	2
AG-439-N20	RM_type_I	1
AG-439-N22	Viperin_solo	1
AG-439-N22	RM_type_II	1
AG-439-O08	RM_type_I	1
AG-439-O21	RM_type_I	1
AG-439-P07	RM_type_I	1
AG-439-P13	Lamassu_type_I	1
AG-447-A01	RM_type_I	1
AG-447-A02	RM_type_I	1
AG-447-A17	Eleos	1
AG-447-A20	Eleos	1
AG-447-B21	RM_type_IIG	1
AG-447-B23	RM_type_II	2
AG-447-C02	RM_type_II	1
AG-447-C15	DarTG	1
AG-447-C15	RM_type_II	2
AG-447-C16	RM_type_IV	1
AG-447-C17	RM_type_IV	1
AG-447-C19	AbiU	1
AG-447-C19	DarTG	1
AG-447-C19	RM_type_I	1
AG-447-C19	RM_type_IV	1
AG-447-C23	RM_type_IIG	1
AG-447-D03	RM_type_IV	1
AG-447-D04	RM_type_II	2
AG-447-D08	Eleos	1
AG-447-D09	RM_type_II	1
AG-447-D11	RM_type_II	1
AG-447-D14	RM_type_II	1
AG-447-D14	RM_type_IIG	1
AG-447-D19	Borvo	1
AG-447-D22	RM_type_IIG	1
AG-447-E04	RM_type_IIG	1
AG-447-E06	RM_type_IV	2
AG-447-E07	RM_type_I	1
AG-447-E09	Zorya_type_II	1
AG-447-E09	RM_type_II	1
AG-447-E10	RM_type_IV	1
AG-447-E14	Borvo	1
AG-447-E17	RM_type_II	1
AG-447-E20	Zorya_type_II	1
AG-447-E21	Viperin_solo	1
AG-447-E21	RM_type_II	1
AG-447-E21	RM_type_I	1
AG-447-F07	Eleos	1
AG-447-G17	RM_type_IV	1
AG-447-I14	RM_type_II	2
AG-447-I19	RM_type_I	1
AG-447-I21	RM_type_II	1
AG-447-J07	RM_type_I	1
AG-447-J08	RM_type_III	1
AG-447-J20	RM_type_I	1
AG-447-K03	ShosTA	1
AG-447-K03	RM_type_II	1
AG-447-K06	RM_type_II	1
AG-447-K09	RM_type_II	2
AG-447-K19	RM_type_III	1
AG-447-K22	RM_type_I	1
AG-447-K23	RM_type_II	1
AG-447-L04	RM_type_I	1
AG-447-L09	RM_type_II	3
AG-447-L11	RM_type_II	1
AG-447-L16	RM_type_II	2
AG-447-M05	RM_type_I	1
AG-447-M09	PD-T4-3	1
AG-447-M23	Eleos	1
AG-447-N02	RM_type_I	1
AG-447-N04	Eleos	1
AG-447-N04	RM_type_I	1
AG-447-N07	Zorya_type_I	1
AG-447-N19	RM_type_I	1
AG-447-O03	RM_type_I	1
AG-447-O15	RM_type_II	1
AG-447-O21	AbiU	1
AG-447-P03	RM_type_IIG	1
AG-447-P03	RM_type_II	2
AG-447-P15	RM_type_II	2
AG-447-P22	RM_type_II	2
AG-453-A03	PsyrTA	1
AG-453-A01	RM_type_II	1
AG-453-A18	RM_type_III	1
AG-453-B04	RM_type_IIG	1
AG-453-B11	RM_type_I	1
AG-453-B15	RM_type_II	1
AG-453-C05	Pycsar	1
AG-453-C10	RM_type_I	1
AG-453-C20	RM_type_IV	1
AG-453-D18	Eleos	1
AG-453-D18	RM_type_I	1
AG-453-D22	Eleos	1
AG-453-E05	PD-T4-3	1
AG-453-E08	Mokosh_type_I	1
AG-453-E08	Cas_Class2_TypeII_subtypeC	1
AG-453-E17	RM_type_II	1
AG-453-E20	RM_type_II	1
AG-453-E21	PsyrTA	1
AG-453-E21	RM_type_II	1
AG-453-E21	RM_type_IIG	1
AG-453-E23	RM_type_II	1
AG-895-B13	Zorya_type_I	1
AG-453-F20	RM_type_III	1
AG-453-F21	RM_type_II	1
AG-453-G02	RM_type_I	1
AG-453-G08	RM_type_II	1
AG-453-G17	Eleos	1
AG-453-G21	RM_type_IIG	1
AG-453-I03	RM_type_IIG	1
AG-453-I07	PsyrTA	1
AG-453-I19	RM_type_I	1
AG-453-J05	ShosTA	1
AG-453-J18	RM_type_I	1
AG-453-J21	RM_type_IV	1
AG-453-K03	Paris_type_I	1
AG-453-K06	RM_type_I	1
AG-453-K19	RM_type_I	1
AG-453-K22	RM_type_II	2
AG-453-L02	RM_type_II	1
AG-895-E02	RM_type_II	2
AG-453-L04	RM_type_I	1
AG-453-L05	PsyrTA	1
AG-453-L14	RM_type_IV	1
AG-453-L16	RM_type_I	1
AG-453-M09	PsyrTA	1
AG-453-M14	Eleos	1
AG-453-M16	RM_type_IV	1
AG-453-N10	RM_type_IV	1
AG-453-N19	ShosTA	1
AG-453-N20	Zorya_type_II	1
AG-453-O04	RM_type_I	1
AG-453-O09	PD-T4-3	1
AG-453-O20	RM_type_I	1
AG-453-O21	RM_type_IIG	1
AG-453-P01	RM_type_II	1
AG-453-P17	RM_type_I	1
AG-453-P18	RM_type_II	1
AG-894-P13	RM_type_I	1
AG-895-B03	Pycsar	1
AG-895-B03	RM_type_IIG	1
AG-895-B03	RM_type_II	1
AG-895-B03	RM_type_I	1
AG-895-A23	Zorya_type_I	1
AG-895-A23	RM_type_I	1
AG-895-P10	RM_type_IIG	1
AG-894-G19	RM_type_IIG	1
AG-894-A18	RM_type_IIG	1
AG-893-O15	RM_type_IV	1
AG-896-B20	RM_type_II	1
AG-893-M03	RM_type_I	1
AG-894-L18	Pycsar	1
AG-894-F03	RM_type_II	2
AG-893-O18	PsyrTA	1
AG-895-D11	Druantia_type_I	1
AG-895-B06	RM_type_IV	1
AG-893-O11	RM_type_II	1
AG-894-C21	RM_type_IV	1
AG-896-E11	RM_type_I	1
AG-893-J15	RM_type_I	1
AG-896-D15	RM_type_II	1
AG-896-E14	RM_type_II	1
AG-895-K06	RM_type_I	1
AG-894-G22	RM_type_IV	1
AG-893-J16	RM_type_I	1
AG-894-G20	RM_type_II	1
AG-894-G20	RM_type_IIG	1
AG-893-J18	RM_type_I	1
AG-894-F10	RM_type_IV	1
AG-313-A14	RM_type_II	1
AG-313-A15	RM_type_II	1
AG-313-A17	PsyrTA	1
AG-313-A23	PsyrTA	1
AG-313-B04	Eleos	1
AG-313-B04	RM_type_II	1
AG-313-B13	RM_type_II	1
AG-313-B19	RM_type_I	1
AG-313-B21	RM_type_I	1
AG-313-C03	Eleos	1
AG-313-C04	RM_type_II	1
AG-313-C05	RM_type_I	1
AG-313-C14	pAgo_type_I	1
AG-313-C14	RM_type_II	2
AG-313-C20	BREX_type_I	1
AG-313-C23	PsyrTA	1
AG-313-E06	Retron_type_XI	1
AG-313-E16	RM_type_II	1
AG-313-F05	RM_type_I	1
AG-313-G03	Paris_type_I	1
AG-313-G03	RM_type_II	1
AG-313-G08	RM_type_II	1
AG-313-G11	RM_type_II	1
AG-313-I09	ShosTA	1
AG-313-I13	RM_type_IIG	1
AG-313-I13	RM_type_II	1
AG-313-I16	RM_type_II	1
AG-313-I17	RM_type_II	1
AG-313-I22	RM_type_III	1
AG-313-I22	RM_type_II	1
AG-313-J06	Eleos	1
AG-313-J08	RM_type_II	1
AG-313-J11	RM_type_II	2
AG-313-K16	RM_type_II	1
AG-313-L04	RM_type_IV	1
AG-313-L14	RM_type_II	1
AG-313-L18	RM_type_II	1
AG-313-L18	RM_type_I	1
AG-313-M10	RM_type_II	2
AG-313-M22	RM_type_IV	1
AG-313-N22	RM_type_I	1
AG-313-O13	RM_type_II	2
AG-313-P05	RM_type_IV	1
AG-313-P08	RM_type_I	1
AG-313-P13	RM_type_II	1
AG-313-P23	PD-T4-3	1
AG-319-A09	RM_type_II	1
AG-319-B05	PD-T4-3	1
AG-319-B07	RM_type_II	1
AG-319-B10	PsyrTA	1
AG-319-B10	RM_type_IIG	1
AG-319-B11	PsyrTA	1
AG-319-B16	RM_type_II	1
AG-319-B23	Eleos	1
AG-319-C02	RM_type_IV	1
AG-319-C07	AbiU	1
AG-319-C11	Retron_type_XII	1
AG-319-C11	BREX_type_III	1
AG-319-C14	dGTPase	1
AG-319-C19	RM_type_IIG	1
AG-319-C21	RM_type_I	1
AG-319-D05	RM_type_IV	1
AG-319-D07	RM_type_II	1
AG-319-D09	PD-T4-3	1
AG-319-D20	Eleos	1
AG-319-D22	RM_type_II	1
AG-319-E05	dGTPase	1
AG-319-E06	RM_type_III	1
AG-319-E08	RM_type_I	1
AG-319-E08	RM_type_II	2
AG-319-E09	RM_type_II	1
AG-319-E10	RM_type_IV	1
AG-319-E14	RM_type_I	1
AG-319-E18	RM_type_I	1
AG-319-E19	dGTPase	1
AG-319-E22	RM_type_I	1
AG-319-F15	RM_type_II	2
AG-319-F15	Cas_Class1_TypeIV_subtypeA	1
AG-319-F19	RM_type_I	1
AG-319-F21	RM_type_II	1
AG-319-F23	AbiU	1
AG-319-G05	Viperin_solo	1
AG-319-G15	PD-T4-3	1
AG-319-G16	Mokosh_type_I	1
AG-319-G16	RM_type_II	1
AG-319-G17	Eleos	1
AG-319-G22	Pycsar	1
AG-319-G23	RM_type_I	1
AG-319-I07	RM_type_II	1
AG-319-I09	dGTPase	1
AG-319-I20	PD-T4-3	1
AG-319-I22	dGTPase	1
AG-319-I22	RM_type_I	1
AG-319-J06	Viperin_solo	1
AG-319-J09	RM_type_IIG	1
AG-319-J13	RM_type_II	1
AG-319-J13	RM_type_I	1
AG-319-J18	RM_type_IV	1
AG-319-J21	RM_type_II	1
AG-319-J21	RM_type_IV	1
AG-319-J23	AbiU	1
AG-319-K03	PD-T4-3	1
AG-319-K03	RM_type_I	1
AG-319-K10	RM_type_IV	1
AG-319-K10	RM_type_II	1
AG-319-K13	Mokosh_type_I	1
AG-319-K17	Viperin_solo	1
AG-319-K17	pAgo_type_I	1
AG-319-K19	PD-T4-3	1
AG-319-L06	PD-T4-3	1
AG-319-L09	dGTPase	1
AG-319-L14	Cas_Class1_TypeI_subtypeF	1
AG-319-M02	Eleos	1
AG-319-M03	dGTPase	1
AG-319-M07	RM_type_II	1
AG-319-M19	RM_type_I	1
AG-319-N06	AbiU	1
AG-319-N09	PD-T4-3	1
AG-319-N09	RM_type_II	1
AG-319-N13	Eleos	1
AG-319-N17	AbiU	1
AG-319-N20	RM_type_I	1
AG-319-P11	Viperin_solo	1
AG-319-P13	Eleos	1
AG-319-P13	RM_type_I	1
AG-319-P18	RM_type_II	1
AG-319-P19	dGTPase	1
AG-325-A01	RM_type_II	2
AG-325-A10	Dpd	1
AG-325-A16	PD-T4-3	1
AG-325-A20	RM_type_I	1
AG-325-A21	RM_type_I	1
AG-325-B05	RM_type_I	1
AG-325-B10	RM_type_I	1
AG-325-B13	RM_type_II	1
AG-325-B19	RM_type_I	1
AG-325-C05	RM_type_II	1
AG-325-C14	RM_type_II	1
AG-325-C17	RM_type_IIG	1
AG-325-C17	RM_type_II	1
AG-325-C17	Cas_cluster	1
AG-325-E03	SspBCD	1
AG-325-E04	Pycsar	1
AG-325-E07	Eleos	1
AG-325-E07	RM_type_IIG	1
AG-325-E08	RM_type_I	1
AG-325-E18	RM_type_IV	1
AG-325-E23	RM_type_I	1
AG-325-F08	RM_type_II	1
AG-325-F22	RM_type_II	1
AG-325-F22	RM_type_I	1
AG-325-G17	ShosTA	1
AG-325-I05	RM_type_I	1
AG-325-I05	RM_type_II	1
AG-325-I08	Eleos	1
AG-325-I09	Eleos	1
AG-325-I21	Zorya_type_II	1
AG-325-I23	RM_type_IV	1
AG-325-J02	Eleos	1
AG-325-J11	RM_type_II	1
AG-325-J17	RM_type_IIG	1
AG-325-J18	RM_type_IV	1
AG-325-K05	Eleos	1
AG-325-K09	RM_type_IIG	1
AG-325-K09	RM_type_II	2
AG-325-K10	RM_type_IIG	1
AG-325-K17	RM_type_II	1
AG-325-L09	PsyrTA	1
AG-325-M14	RM_type_I	1
AG-325-N09	RM_type_IV	1
AG-325-N15	Dpd	1
AG-325-O11	Eleos	1
AG-325-O18	Zorya_type_I	1
AG-325-P04	Eleos	1
AG-325-P10	RM_type_I	1
AG-333-A02	RM_type_II	1
AG-333-A08	RM_type_IIG	1
AG-895-O19	RM_type_IV	1
AG-333-A19	RM_type_II	1
AG-333-A22	Borvo	1
AG-333-B06	Mokosh_type_II	1
AG-333-B06	Zorya_type_II	1
AG-333-B14	RM_type_I	1
AG-333-B20	RM_type_I	1
AG-333-C03	RM_type_II	2
AG-333-C06	RM_type_II	1
AG-333-C13	RM_type_II	1
AG-333-C16	RM_type_I	1
AG-333-C18	RM_type_I	1
AG-333-C21	RM_type_II	1
AG-333-D21	RM_type_II	1
AG-333-D22	PD-T4-3	1
AG-333-E02	RM_type_I	1
AG-333-E10	DarTG	1
AG-333-E15	RM_type_II	1
AG-333-E17	RM_type_II	1
AG-333-F15	PsyrTA	1
AG-333-F19	RM_type_II	1
AG-333-F22	DISARM_type_I	1
AG-333-F22	RM_type_II	1
AG-333-F23	Cas_Class1_TypeI_subtypeC	1
AG-333-G02	RM_type_IIG	1
AG-333-G05	RM_type_I	1
AG-333-G07	RM_type_II	2
AG-333-G08	RM_type_I	1
AG-333-G13	RM_type_I	1
AG-333-G14	RM_type_I	1
AG-333-G16	RM_type_I	1
AG-333-G22	RM_type_III	1
AG-333-I02	RM_type_I	1
AG-333-I10	RM_type_I	1
AG-333-I11	RM_type_I	1
AG-333-I22	RM_type_II	1
AG-333-I22	RM_type_IV	1
AG-333-J09	PD-T4-3	1
AG-333-J09	RM_type_II	1
AG-333-J11	RM_type_II	1
AG-333-J17	RM_type_III	1
AG-333-K08	RM_type_II	1
AG-333-K17	Eleos	1
AG-333-K23	RM_type_IV	1
AG-333-L05	Eleos	1
AG-333-L13	RM_type_I	1
AG-333-N10	RM_type_II	2
AG-333-O10	PD-T4-3	1
AG-333-P07	RM_type_II	1
AG-333-P16	PD-T4-3	1
AG-333-P23	RM_type_IIG	1
AG-337-A10	RM_type_I	1
AG-337-A13	RM_type_IIG	1
AG-337-A15	RM_type_I	1
AG-337-A21	Eleos	1
AG-337-B05	RM_type_III	1
AG-337-B08	RM_type_II	1
AG-337-B09	SspBCD	1
AG-337-B13	BREX_type_I	1
AG-337-B13	RM_type_IV	2
AG-337-B16	RM_type_III	1
AG-337-C06	RM_type_II	1
AG-337-C17	Eleos	1
AG-337-D20	RM_type_II	1
AG-337-E07	RM_type_I	1
AG-337-E14	RM_type_II	1
AG-337-E18	RM_type_IIG	1
AG-337-E19	RM_type_II	1
AG-337-E20	ShosTA	1
AG-337-E21	RM_type_I	1
AG-337-F03	RM_type_II	1
AG-337-F08	RM_type_II	1
AG-337-F11	RM_type_II	1
AG-337-F11	RM_type_IIG	1
AG-337-F19	RM_type_II	1
AG-337-G03	RM_type_II	1
AG-337-G09	RM_type_I	1
AG-337-G10	PD-T4-3	1
AG-337-I10	RM_type_II	2
AG-337-I11	Dsr_type_I	2
AG-337-I11	CapRel	1
AG-337-I11	CBASS_type_II	1
AG-337-I11	RM_type_I	1
AG-337-I02	RM_type_I	1
AG-337-I02	RM_type_II	1
AG-337-I08	RM_type_II	1
AG-337-I18	RM_type_II	2
AG-337-I22	RM_type_II	1
AG-337-J13	RM_type_IV	1
AG-337-J16	Eleos	1
AG-337-J16	RM_type_I	1
AG-337-K10	PsyrTA	1
AG-337-K10	RM_type_I	1
AG-337-K15	RM_type_I	1
AG-337-K17	Zorya_type_II	1
AG-337-K17	Eleos	1
AG-337-K17	RM_type_III	1
AG-337-K23	RM_type_IIG	1
AG-337-L02	RM_type_II	1
AG-337-L06	Pycsar	1
AG-337-L06	RM_type_I	1
AG-337-L07	RM_type_II	1
AG-337-L14	RM_type_II	1
AG-337-M03	RM_type_II	1
AG-337-M04	RM_type_II	1
AG-895-P19	RM_type_IV	1
AG-337-M23	RM_type_I	1
AG-337-N02	RM_type_I	1
AG-337-N21	RM_type_II	1
AG-337-N21	RM_type_IIG	1
AG-337-O06	RM_type_IIG	1
AG-337-O08	RM_type_II	1
AG-337-O15	RM_type_I	2
AG-337-O17	RM_type_II	1
AG-337-O20	RM_type_I	1
AG-337-P02	RM_type_III	1
AG-337-P03	Zorya_type_II	1
AG-337-P05	RM_type_I	1
AG-337-P11	Lamassu_type_I	1
AG-337-P18	RM_type_I	1
AG-343-A05	RM_type_II	1
AG-343-A06	RM_type_I	1
AG-343-A07	RM_type_II	1
AG-343-A18	RM_type_II	1
AG-343-A21	RM_type_II	1
AG-343-B06	dGTPase	1
AG-343-B06	Zorya_type_II	1
AG-343-B13	Mokosh_type_I	1
AG-343-B17	RM_type_II	1
AG-343-C03	RM_type_II	1
AG-343-C05	RM_type_I	1
AG-343-C08	ShosTA	1
AG-343-C10	Pycsar	1
AG-343-C22	RM_type_II	1
AG-343-C23	RM_type_IV	1
AG-343-E15	RM_type_I	1
AG-343-E16	RM_type_II	2
AG-894-J17	RM_type_II	2
AG-894-J17	RM_type_I	1
AG-343-E18	RM_type_II	1
AG-343-F17	ShosTA	1
AG-343-F17	RM_type_II	2
AG-343-F17	Cas_Class2_TypeII_subtypeC	1
AG-343-G05	Dpd	1
AG-343-G09	RM_type_IV	1
AG-343-G10	RM_type_III	1
AG-343-G17	RM_type_IIG	1
AG-343-G18	Eleos	1
AG-343-G19	RM_type_II	1
AG-343-G22	Lamassu_type_I	1
AG-343-I02	RM_type_II	1
AG-343-I03	RM_type_II	2
AG-343-I08	RM_type_IIG	1
AG-343-I09	RM_type_II	1
AG-343-J07	RM_type_IV	1
AG-343-J10	RM_type_II	1
AG-343-J15	RM_type_I	1
AG-343-J21	RM_type_I	1
AG-343-J22	RM_type_II	1
AG-343-L03	dGTPase	1
AG-343-L14	PsyrTA	1
AG-343-L16	Lamassu_type_I	1
AG-343-M05	RM_type_IV	2
AG-343-M19	AbiU	1
AG-343-M19	RM_type_II	1
AG-343-N02	RM_type_IV	2
AG-343-N09	RM_type_II	1
AG-343-N22	dGTPase	1
AG-343-O03	RM_type_IV	1
AG-343-O09	RM_type_II	1
AG-343-O10	Eleos	1
AG-343-O17	RM_type_II	2
AG-343-O17	RM_type_IIG	1
AG-343-O21	PD-T4-3	1
AG-343-P05	RM_type_IV	1
AG-349-A09	RM_type_IV	1
AG-349-B14	RM_type_I	1
AG-349-B17	RM_type_IV	1
AG-349-B18	RM_type_IV	1
AG-349-B18	RM_type_I	1
AG-349-B21	RM_type_I	1
AG-349-C10	RM_type_II	1
AG-349-C13	RM_type_IV	1
AG-349-C16	RM_type_IV	1
AG-349-D16	RM_type_II	1
AG-349-E03	RM_type_I	1
AG-349-E04	RM_type_II	1
AG-349-E07	RM_type_II	1
AG-349-E14	PD-T4-3	1
AG-349-E15	SoFic	1
AG-349-E15	RM_type_II	1
AG-349-E15	RM_type_IIG	1
AG-349-E16	RM_type_IIG	1
AG-349-E23	RM_type_IV	1
AG-349-F19	RM_type_II	1
AG-349-F23	RM_type_II	1
AG-349-G13	Eleos	1
AG-349-G20	RM_type_III	1
AG-349-G23	RM_type_I	1
AG-349-G23	RM_type_IV	1
AG-349-I04	Eleos	1
AG-349-I05	RM_type_I	1
AG-349-I20	Eleos	1
AG-349-I21	RM_type_II	1
AG-349-I22	Retron_type_XIII	1
AG-349-I23	RM_type_II	1
AG-349-J18	RM_type_II	2
AG-349-K06	RM_type_I	1
AG-349-K14	RM_type_I	1
AG-349-K21	RM_type_IIG	1
AG-349-L06	RM_type_II	1
AG-349-L09	Eleos	1
AG-349-L17	RM_type_II	2
AG-349-M08	RM_type_I	1
AG-349-M09	RM_type_II	2
AG-349-M17	Borvo	1
AG-349-M18	RM_type_II	2
AG-349-M20	RM_type_III	1
AG-349-M21	Eleos	1
AG-349-N02	RM_type_IV	1
AG-349-N14	Pycsar	1
AG-349-N17	PD-T4-3	1
AG-349-N17	RM_type_I	1
AG-349-N17	RM_type_II	2
AG-349-N21	RM_type_IIG	1
AG-349-O02	PD-T4-3	1
AG-349-O04	RM_type_I	1
AG-349-O20	RM_type_IIG	1
AG-349-P06	RM_type_IV	1
AG-359-A03	RM_type_II	1
AG-359-A04	RM_type_IV	1
AG-359-A11	Wadjet_type_I	1
AG-359-A11	Retron_type_I_C	1
AG-359-A11	RM_type_II	1
AG-359-A11	Cas_cluster	1
AG-359-B02	RM_type_IV	1
AG-359-B05	RM_type_IIG	1
AG-359-C06	Eleos	1
AG-359-D02	RM_type_II	2
AG-359-D15	RM_type_I	1
AG-359-E02	PD-T4-3	1
AG-359-E06	RM_type_IV	1
AG-359-E10	RM_type_III	1
AG-359-E17	ShosTA	1
AG-359-F03	Eleos	1
AG-359-F09	RM_type_II	1
AG-359-G09	RM_type_I	1
AG-359-G16	RM_type_II	1
AG-359-G18	RM_type_III	1
AG-359-I05	RM_type_I	1
AG-359-I04	PD-T4-3	1
AG-359-I11	RM_type_I	1
AG-359-I22	RM_type_II	1
AG-359-J04	RM_type_II	1
AG-359-J11	RM_type_II	1
AG-359-J14	RM_type_II	1
AG-359-K02	RM_type_IIG	1
AG-359-K15	PD-T4-3	1
AG-359-K15	RM_type_IV	1
AG-359-K20	Lamassu_type_I	1
AG-359-K20	Zorya_type_II	1
AG-359-K21	RM_type_II	1
AG-359-K22	RM_type_II	1
AG-359-L04	RM_type_II	1
AG-359-L15	Dpd	1
AG-359-L15	RM_type_II	1
AG-359-M15	RM_type_II	1
AG-359-N04	RM_type_IV	1
AG-359-O02	RM_type_IIG	1
AG-359-O02	RM_type_II	1
AG-359-O04	RM_type_I	1
AG-359-O07	RM_type_IIG	1
AG-359-O08	RM_type_IV	1
AG-359-P21	RM_type_I	1
AG-360-A16	RM_type_I	1
AG-360-C15	RM_type_III	1
AG-360-C21	Eleos	1
AG-360-C21	RM_type_IV	1
AG-360-F20	RM_type_II	1
AG-360-G02	Eleos	1
AG-360-G03	Eleos	1
AG-360-G04	RM_type_II	1
AG-360-G06	RM_type_IIG	1
AG-360-G06	RM_type_II	2
AG-360-J04	Borvo	1
AG-360-J17	RM_type_I	1
AG-360-L09	RM_type_I	1
AG-360-L21	RM_type_I	1
AG-360-M02	RM_type_II	1
AG-360-M02	RM_type_IIG	1
AG-360-M13	RM_type_I	1
AG-360-N03	RM_type_II	1
AG-360-N08	Pycsar	1
AG-360-O20	RM_type_II	1
AG-360-P05	RM_type_II	1
AG-360-P20	Zorya_type_II	1
AG-361-J22	RM_type_I	1
AG-362-M19	RM_type_II	1
AG-365-B23	RM_type_II	2
AG-365-C09	RM_type_I	1
AG-365-D06	RM_type_I	1
AG-365-D07	RM_type_IIG	1
AG-365-D17	RM_type_II	1
AG-365-D17	RM_type_I	1
AG-365-D19	RM_type_II	1
AG-365-D23	Lamassu_type_I	2
AG-365-D23	RM_type_IIG	1
AG-365-E08	RM_type_I	1
AG-365-E21	RM_type_I	1
AG-365-F06	RM_type_I	1
AG-365-F10	RM_type_IIG	1
AG-365-F11	Zorya_type_II	1
AG-365-F20	RM_type_I	1
AG-365-G10	RM_type_IV	1
AG-365-G13	AbiU	1
AG-365-I16	RM_type_IIG	1
AG-365-J18	RM_type_I	1
AG-365-K07	RM_type_IV	1
AG-365-K18	RM_type_I	1
AG-365-L02	Cas_Class2_TypeII_subtypeC	1
AG-365-L06	RM_type_II	1
AG-365-L13	RM_type_I	1
AG-365-L22	RM_type_I	1
AG-365-L23	RM_type_IV	1
AG-365-M05	PD-T4-3	1
AG-365-M08	DarTG	1
AG-365-M19	PD-T4-3	1
AG-365-M19	RM_type_IIG	1
AG-365-M23	AbiU	1
AG-365-N05	Eleos	1
AG-365-N05	RM_type_I	1
AG-365-N16	RM_type_II	1
AG-365-N21	Retron_type_XIII	1
AG-365-N21	RM_type_IV	1
AG-365-O10	RM_type_I	1
AG-365-O11	RM_type_II	1
AG-365-O23	RM_type_II	1
AG-365-P03	RM_type_IV	1
AG-390-A05	RM_type_IIG	1
AG-390-A18	RM_type_IIG	1
AG-390-A19	RM_type_IV	1
AG-390-B14	RM_type_I	1
AG-390-B21	RM_type_I	1
AG-390-C04	RM_type_IV	1
AG-390-C05	RM_type_II	1
AG-390-C07	Pycsar	1
AG-390-C08	RM_type_II	1
AG-390-C08	RM_type_IIG	1
AG-390-C08	RM_type_I	1
AG-390-C16	RM_type_II	1
AG-390-C17	RM_type_IIG	1
AG-390-C19	RM_type_II	1
AG-390-C20	RM_type_II	1
AG-390-C22	RM_type_II	2
AG-390-C23	PD-T4-3	1
AG-390-D10	RM_type_I	1
AG-390-D16	RM_type_III	1
AG-390-D17	RM_type_I	1
AG-390-D20	BREX_type_I	1
AG-390-D20	RM_type_IIG	1
AG-390-E02	Zorya_type_II	1
AG-390-E14	RM_type_IIG	1
AG-390-E14	RM_type_II	1
AG-390-E16	RM_type_IV	1
AG-390-F02	RM_type_I	2
AG-390-F02	RM_type_II	1
AG-390-F10	RM_type_I	1
AG-390-F15	RM_type_IV	1
AG-390-F23	RM_type_I	1
AG-390-F23	RM_type_IV	1
AG-390-G08	RM_type_IIG	1
AG-390-G09	RM_type_IIG	1
AG-390-G11	RM_type_I	1
AG-390-G17	RM_type_IIG	1
AG-390-G17	RM_type_II	1
AG-390-I08	PsyrTA	1
AG-390-I08	RM_type_I	1
AG-390-I11	RM_type_II	1
AG-390-I13	RM_type_II	1
AG-390-I17	RM_type_II	2
AG-390-I23	Lamassu_type_I	1
AG-390-I23	RM_type_II	1
AG-390-J07	RM_type_I	1
AG-390-J21	RM_type_II	2
AG-390-J22	RM_type_IIG	1
AG-390-K07	RM_type_II	1
AG-390-K08	Pycsar	1
AG-390-K16	Eleos	2
AG-390-L02	RM_type_II	1
AG-390-L05	RM_type_I	1
AG-390-L06	RM_type_II	1
AG-390-L09	Eleos	1
AG-390-L10	RM_type_IV	1
AG-390-L14	RM_type_IIG	1
AG-390-L18	RM_type_IIG	1
AG-390-L20	RM_type_II	1
AG-390-L22	Eleos	1
AG-390-L23	RM_type_II	1
AG-390-M03	Eleos	1
AG-390-M08	PD-T4-3	1
AG-390-M08	RM_type_II	1
AG-390-M14	RM_type_IIG	1
AG-390-M20	RM_type_I	1
AG-390-M22	Pycsar	1
AG-390-N02	Eleos	1
AG-390-N05	RM_type_II	1
AG-390-N11	RM_type_IV	1
AG-390-N18	RM_type_II	1
AG-390-N19	RM_type_II	1
AG-390-N22	RM_type_IIG	1
AG-390-O05	RM_type_II	1
AG-390-O08	RM_type_IIG	1
AG-390-O14	RM_type_II	1
AG-390-O20	RM_type_II	1
AG-390-O21	RM_type_II	1
AG-390-O21	Cas_Class2_TypeII_subtypeC	1
AG-390-O23	RM_type_II	1
AG-390-P01	RM_type_I	1
AG-390-P05	PD-T4-3	1
AG-390-P09	PsyrTA	1
AG-390-P09	Eleos	1
AG-390-P11	Eleos	1
AG-390-P11	Pycsar	1
AG-390-P16	RM_type_I	1
AG-390-P17	RM_type_I	1
AG-390-P20	RM_type_I	1
AG-404-A19	Viperin_solo	1
AG-404-B06	RM_type_II	2
AG-404-B11	RM_type_III	1
AG-404-C08	Pycsar	1
AG-404-D18	ShosTA	1
AG-404-D18	RM_type_II	1
AG-404-F06	Pycsar	1
AG-404-F07	RM_type_II	1
AG-404-F09	dGTPase	1
AG-404-G02	dGTPase	1
AG-404-I02	RM_type_I	1
AG-404-I03	RM_type_I	1
AG-404-K13	Mokosh_type_II	1
AG-404-K15	AbiU	1
AG-404-K16	Viperin_solo	1
AG-404-K16	RM_type_II	1
AG-404-K18	RM_type_IV	1
AG-404-K22	RM_type_I	1
AG-404-L17	DarTG	1
AG-404-N20	Viperin_solo	1
AG-404-N20	PD-T4-3	1
AG-404-N20	RM_type_IIG	1
AG-404-N20	RM_type_II	1
AG-404-P04	RM_type_II	1
AG-404-P05	dGTPase	1
AG-404-P22	RM_type_II	1
AG-410-A05	RM_type_II	1
AG-410-A08	PD-T4-3	1
AG-410-A08	RM_type_I	2
AG-410-B14	RM_type_I	1
AG-410-B17	AbiE	1
AG-410-B17	Paris_type_II_merge	1
AG-410-B17	RM_type_I	1
AG-410-B17	RM_type_III	1
AG-410-E20	RM_type_II	1
AG-410-G07	RM_type_II	1
AG-410-G20	RM_type_III	1
AG-410-J17	RM_type_IV	1
AG-410-J17	RM_type_II	1
AG-410-J19	RM_type_III	1
AG-410-K11	AbiE	1
AG-410-K11	Eleos	1
AG-410-K11	RM_type_IV	1
AG-410-K16	RM_type_I	1
AG-410-K17	Eleos	1
AG-410-K20	RM_type_I	1
AG-410-L19	RM_type_II	2
AG-410-O05	AbiU	1
AG-410-P11	RM_type_II	1
AG-410-P14	RM_type_I	1
AG-410-P14	RM_type_IV	1
AG-414-A11	RM_type_II	1
AG-414-A22	RM_type_I	1
AG-414-B07	RM_type_IV	1
AG-414-B09	AbiU	1
AG-414-B18	DISARM_type_II	1
AG-414-B18	RM_type_II	1
AG-414-C16	RM_type_II	2
AG-414-D07	RM_type_IV	1
AG-414-D15	RM_type_III	1
AG-414-D15	RM_type_II	2
AG-414-E04	RM_type_II	1
AG-414-E10	Retron_type_XIII	1
AG-414-E10	RM_type_I	1
AG-414-F02	PsyrTA	1
AG-414-F02	RM_type_II	1
AG-414-F04	dGTPase	1
AG-414-G13	Druantia_type_II	1
AG-414-G15	RM_type_II	2
AG-414-I21	RM_type_IV	1
AG-414-I21	RM_type_I	1
AG-414-J08	DarTG	1
AG-414-J17	RM_type_II	1
AG-414-J19	RM_type_IIG	1
AG-414-M02	RM_type_II	1
AG-414-M13	DarTG	1
AG-414-M23	RM_type_II	1
AG-414-N05	RM_type_I	1
AG-414-N23	RM_type_IV	1
AG-414-N23	RM_type_IIG	1
AG-896-A02	RM_type_II	2
AG-414-O08	RM_type_II	1
AG-414-P18	AVAST_type_II	1
AG-414-P18	SoFic	2
AG-414-P18	RM_type_II	2
AG-422-A01	RM_type_II	1
AG-422-A04	RM_type_IV	1
AG-422-B03	RM_type_IIG	1
AG-422-B05	SspBCD	1
AG-422-B06	Dnd_ABCDE	1
AG-422-B21	RM_type_II	1
AG-422-C03	Borvo	1
AG-422-C04	Dpd	1
AG-422-C04	RM_type_I	1
AG-422-C05	RM_type_IV	1
AG-422-C05	RM_type_I	1
AG-422-C09	RM_type_II	2
AG-422-C20	RM_type_II	2
AG-422-C20	RM_type_IIG	1
AG-422-C23	RM_type_III	1
AG-422-D03	Zorya_type_II	1
AG-422-D03	RM_type_IIG	1
AG-422-D03	RM_type_II	1
AG-422-D14	RM_type_II	1
AG-422-D14	RM_type_IV	1
AG-422-E02	RM_type_III	1
AG-422-F19	RM_type_I	1
AG-422-G06	Pycsar	1
AG-422-G21	RM_type_II	1
AG-422-I06	RM_type_I	1
AG-422-I13	RM_type_IV	1
AG-422-I15	RM_type_IIG	1
AG-422-I18	RM_type_II	1
AG-422-I22	RM_type_II	1
AG-422-J05	RM_type_I	1
AG-422-J16	RM_type_IV	1
AG-422-J23	RM_type_I	1
AG-422-K05	RM_type_IV	1
AG-422-K10	RM_type_IV	1
AG-422-K11	PD-Lambda-1	1
AG-422-K17	RM_type_IIG	1
AG-422-K20	Eleos	1
AG-422-L15	RM_type_II	2
AG-422-L20	PD-T4-3	1
AG-422-L22	ShosTA	1
AG-422-L23	RM_type_IV	1
AG-422-L23	RM_type_IIG	1
AG-422-M03	RM_type_I	1
AG-422-M21	PD-T4-3	1
AG-422-M21	Eleos	1
AG-422-N07	RM_type_IV	1
AG-422-O02	RM_type_IV	2
AG-422-O03	RM_type_II	1
AG-422-O03	RM_type_IIG	1
AG-422-O05	RM_type_I	1
AG-422-P05	Zorya_type_II	1
AG-422-P08	PD-T4-3	1
AG-422-P11	RM_type_I	1
AG-426-A06	PD-T4-3	1
AG-426-A06	RM_type_IV	1
AG-426-B02	RM_type_IV	1
AG-426-B02	RM_type_I	1
AG-426-B06	RM_type_I	1
AG-426-B11	RM_type_I	1
AG-426-B21	RM_type_I	1
AG-426-B21	RM_type_II	1
AG-426-D04	RM_type_I	1
AG-426-D04	RM_type_IV	1
AG-426-D13	RM_type_II	1
AG-319-F09	AbiU	1
AG-319-F09	RM_type_IV	1
AG-892-M03	PD-T4-3	1
AG-892-M03	RM_type_IIG	1
AG-892-M03	RM_type_II	2
AG-892-M06	RM_type_I	1
AG-892-M15	Eleos	1
AG-892-M16	RM_type_I	1
AG-892-M17	RM_type_II	1
AG-892-M21	PD-Lambda-1	1
AG-892-M22	Eleos	1
AG-892-N21	RM_type_I	1
AG-892-O17	RM_type_II	1
AG-892-P03	Eleos	1
AG-892-P04	RM_type_IV	1
AG-892-P21	RM_type_IIG	1
AG-893-A01	RM_type_III	1
AG-893-A04	RM_type_IV	1
AG-893-B06	RM_type_II	1
AG-893-B06	RM_type_IIG	1
AG-893-C02	Retron_type_XIII	1
AG-893-C13	RM_type_IIG	1
AG-895-E03	Pycsar	1
AG-893-D08	Eleos	1
AG-893-D16	Eleos	1
AG-893-D16	RM_type_II	1
AG-457-B16	RM_type_I	1
AG-457-B22	RM_type_IV	1
AG-457-C19	RM_type_IIG	1
AG-457-C21	PD-T4-3	1
AG-457-D05	Borvo	1
AG-457-D06	RM_type_IIG	1
AG-457-D15	PsyrTA	1
AG-457-D15	RM_type_II	1
AG-457-D22	RM_type_II	2
AG-457-E07	RM_type_IV	1
AG-457-F11	RM_type_II	1
AG-457-F15	RM_type_I	1
AG-457-I04	RM_type_II	1
AG-457-I10	Pycsar	1
AG-457-I15	RM_type_I	1
AG-457-K05	AbiD	1
AG-457-K05	Viperin_solo	1
AG-457-K05	Gabija	2
AG-457-K05	Dsr_type_I	1
AG-457-K05	CBASS_type_II	1
AG-457-K05	RM_type_I	1
AG-457-K05	RM_type_III	1
AG-457-K18	RM_type_III	1
AG-457-L04	PsyrTA	1
AG-457-L05	RM_type_IIG	1
AG-457-L07	RM_type_IIG	1
AG-457-L23	RM_type_II	2
AG-457-M10	RM_type_II	1
AG-457-M13	PD-T4-3	1
AG-457-M16	RM_type_II	1
AG-457-M19	RM_type_IIG	1
AG-457-M21	Eleos	1
AG-457-M21	RM_type_II	1
AG-457-M21	RM_type_IIG	1
AG-457-N10	RM_type_III	1
AG-457-N16	RM_type_II	1
AG-457-O06	RM_type_I	1
AG-457-O14	RM_type_II	1
AG-457-O20	RM_type_I	1
AG-457-P06	RM_type_I	1
AG-457-P15	RM_type_II	2
AG-457-P23	DISARM_type_II	1
AG-461-A11	RM_type_II	1
AG-461-A13	RM_type_III	1
AG-461-A16	PD-Lambda-1	1
AG-461-A16	RM_type_II	1
AG-461-B10	RM_type_II	1
AG-461-B10	RM_type_IIG	1
AG-461-C02	RM_type_I	1
AG-461-C05	RM_type_IV	1
AG-461-C13	RM_type_I	1
AG-461-D04	RM_type_II	1
AG-461-D09	PD-T4-3	1
AG-461-E02	DISARM_type_I	1
AG-461-E02	RM_type_IV	1
AG-461-E10	RM_type_II	1
AG-461-E16	Lamassu_type_I	1
AG-461-E16	RM_type_IV	1
AG-461-E19	RM_type_IIG	1
AG-461-E21	Eleos	1
AG-461-E22	RM_type_I	1
AG-461-F09	RM_type_II	1
AG-461-F11	RM_type_I	1
AG-461-G18	RM_type_II	1
AG-461-G23	Lamassu_type_I	1
AG-461-G23	Mokosh_type_I	1
AG-461-G23	RM_type_II	1
AG-461-I20	RM_type_IIG	1
AG-461-J16	RM_type_II	1
AG-461-K16	ShosTA	1
AG-461-K16	RM_type_IV	1
AG-461-L03	RM_type_II	1
AG-461-L13	RM_type_I	1
AG-461-L19	Eleos	1
AG-461-N07	RM_type_II	1
AG-461-O08	RM_type_I	1
AG-461-O09	RM_type_IV	1
AG-461-O21	Eleos	1
AG-461-O21	Pycsar	1
AG-893-P05	Zorya_type_II	1
AG-893-P05	RM_type_IIG	1
AG-461-P14	RM_type_I	1
AG-461-P17	Pycsar	1
AG-461-P19	RM_type_IIG	1
AG-464-A01	AbiU	1
AG-464-A01	RM_type_IIG	1
AG-464-A07	RM_type_I	2
AG-464-B02	RM_type_I	1
AG-464-B02	RM_type_IV	1
AG-464-B07	RM_type_IV	1
AG-464-D08	RM_type_I	1
AG-464-D09	RM_type_II	2
AG-464-E05	PD-T4-3	1
AG-464-F05	PsyrTA	1
AG-464-F06	Dpd	1
AG-464-F19	RM_type_IV	1
AG-464-F20	dGTPase	1
AG-464-F20	RM_type_II	1
AG-464-F22	AbiU	1
AG-464-F23	AbiU	1
AG-464-F23	RM_type_I	1
AG-464-G17	AbiU	1
AG-464-G19	RM_type_IIG	1
AG-464-I13	RM_type_II	1
AG-464-I16	AbiU	1
AG-464-K08	RM_type_IV	1
AG-464-L23	RM_type_IIG	1
AG-464-M02	RM_type_II	1
AG-464-N14	AbiU	1
AG-464-N15	Dnd_ABCDE	1
AG-464-N22	RM_type_IIG	1
AG-464-O06	RM_type_III	1
AG-464-O19	RM_type_II	1
AG-464-O20	RM_type_IIG	1
AG-464-P05	AbiU	1
AG-464-P06	RM_type_I	1
AG-464-P21	Retron_type_XIII	1
AG-464-P21	RM_type_IIG	1
AG-470-A17	RM_type_II	1
AG-470-A20	RM_type_IV	1
AG-470-A22	RM_type_IIG	1
AG-470-A23	Eleos	1
AG-470-B16	Eleos	1
AG-470-C13	RM_type_I	1
AG-470-E04	Eleos	1
AG-470-E04	RM_type_IIG	1
AG-894-D03	RM_type_IV	1
AG-470-F09	RM_type_I	1
AG-470-F21	RM_type_IIG	1
AG-470-G06	RM_type_I	1
AG-470-G10	RM_type_I	1
AG-894-P18	RM_type_II	1
AG-470-I13	RM_type_II	1
AG-470-I21	PD-Lambda-1	1
AG-470-I21	RM_type_I	1
AG-470-J04	RM_type_IIG	1
AG-470-J05	RM_type_II	1
AG-470-J09	Lamassu_type_I	1
AG-470-J19	RM_type_IV	1
AG-470-K09	Eleos	1
AG-470-K11	RM_type_II	1
AG-470-L08	RM_type_II	2
AG-470-L09	RM_type_II	1
AG-470-M04	RM_type_II	1
AG-470-M14	RM_type_IIG	1
AG-470-N06	PD-T4-3	1
AG-470-N06	Dpd	1
AG-470-P18	RM_type_I	1
AG-891-A01	RM_type_IV	1
AG-891-A01	RM_type_IIG	1
AG-891-A04	RM_type_II	1
AG-891-A05	RM_type_IIG	1
AG-891-A05	RM_type_II	2
AG-891-A09	RM_type_II	1
AG-891-A14	Cas_Class2_TypeII_subtypeC	1
AG-891-A21	RM_type_I	1
AG-891-A21	RM_type_IV	1
AG-891-B07	Cas_Class2_TypeII_subtypeC	1
AG-891-B08	RM_type_I	1
AG-891-B14	Zorya_type_I	1
AG-891-B14	RM_type_II	1
AG-891-B17	RM_type_II	1
AG-891-B17	RM_type_IV	1
AG-891-B20	Eleos	1
AG-891-B21	RM_type_IIG	1
AG-891-C06	Cas_Class2_TypeII_subtypeC	1
AG-891-C16	RM_type_II	1
AG-891-D09	AbiJ	1
AG-891-D09	RM_type_II	1
AG-891-D10	RM_type_IV	1
AG-891-D16	Druantia_type_II	1
AG-891-D18	SoFic	1
AG-891-E17	RM_type_II	1
AG-891-E17	RM_type_IIG	1
AG-891-E19	RM_type_IIG	1
AG-891-F06	RM_type_II	1
AG-891-F07	RM_type_I	1
AG-891-F08	RM_type_I	1
AG-891-F11	RM_type_IV	1
AG-891-F19	RM_type_I	1
AG-891-F22	Eleos	1
AG-891-G11	PD-T4-3	1
AG-891-G11	RM_type_II	1
AG-891-G13	RM_type_IV	1
AG-891-G19	RM_type_III	1
AG-891-G21	Eleos	1
AG-891-G23	RM_type_I	1
AG-894-B06	RM_type_I	1
AG-891-I06	Pycsar	1
AG-891-I06	Eleos	1
AG-891-I07	RM_type_I	1
AG-891-I14	RM_type_II	1
AG-891-I22	RM_type_IIG	1
AG-891-J04	RM_type_II	2
AG-891-J06	RM_type_I	1
AG-891-J10	RM_type_II	1
AG-891-J19	RM_type_IV	1
AG-891-J19	RM_type_I	1
AG-891-J21	RM_type_IV	1
AG-891-K05	RM_type_III	1
AG-891-K07	RM_type_I	1
AG-891-K18	RM_type_I	1
AG-891-K21	RM_type_I	1
AG-891-L15	RM_type_II	2
AG-892-I04	PD-T4-3	1
AG-891-N07	Eleos	1
AG-891-N07	RM_type_IV	1
AG-891-N17	RM_type_II	1
AG-891-N21	Pycsar	1
AG-891-O09	RM_type_IV	1
AG-891-O09	RM_type_IIG	1
AG-891-P06	RM_type_II	1
AG-891-P07	DISARM_type_I	1
AG-892-F07	BREX_df	1
AG-891-P17	RM_type_I	1
AG-891-P18	RM_type_I	1
AG-891-P20	RM_type_IV	1
AG-891-P22	Dnd_ABCDE	1
AG-892-A08	Eleos	1
AG-892-A22	RM_type_I	1
AG-892-B04	RM_type_I	1
AG-892-B11	RM_type_IIG	1
AG-892-B20	RM_type_I	2
AG-892-C19	RM_type_II	1
AG-892-C23	Retron_type_XIII	1
AG-892-D02	RM_type_IV	1
AG-892-D02	RM_type_II	3
AG-892-D02	RM_type_IIG	1
AG-892-D03	RM_type_I	1
AG-892-D07	PD-T4-3	1
AG-892-D09	RM_type_I	1
AG-892-D16	Pycsar	1
AG-892-D18	RM_type_II	1
AG-892-E02	RM_type_I	1
AG-892-E05	RM_type_II	1
AG-892-E05	RM_type_IIG	1
AG-892-E23	RM_type_II	2
AG-892-F10	PD-T4-3	1
AG-892-F10	RM_type_IV	1
AG-892-F18	RM_type_I	1
AG-892-G04	RM_type_IV	1
AG-892-G09	RM_type_IIG	1
AG-892-G11	Pycsar	1
AG-892-G16	RM_type_II	1
AG-892-G16	RM_type_IIG	1
AG-892-G22	RM_type_II	1
AG-892-I21	DISARM_type_I	1
AG-892-I21	RM_type_IV	1
AG-892-J04	RM_type_II	1
AG-896-D22	Pycsar	1
AG-892-J13	RM_type_II	2
AG-892-J18	RM_type_IV	1
AG-892-J21	RM_type_IV	1
AG-892-K10	RM_type_I	1
AG-892-K14	RM_type_IV	1
AG-892-K17	Eleos	1
AG-892-K21	RM_type_I	1
AG-892-L02	RM_type_II	1
AG-892-L15	RM_type_I	1
AG-893-E21	RM_type_I	1
AG-893-E22	RM_type_I	1
AG-893-F05	Zorya_type_I	1
AG-893-F15	RM_type_III	1
AG-893-G09	RM_type_IV	2
AG-893-G16	Zorya_type_II	1
AG-893-I03	RM_type_IV	1
AG-893-I11	SspBCD	1
AG-893-E02	RM_type_II	1
AG-896-F13	RM_type_III	1
AG-893-I18	RM_type_II	1
AG-893-I22	RM_type_I	1
AG-893-J08	RM_type_II	2
AG-893-J23	RM_type_I	1
AG-893-K04	PsyrTA	1
AG-893-K07	RM_type_II	1
AG-893-K09	RM_type_IV	1
AG-893-K11	Eleos	1
AG-894-C15	RM_type_II	1
AG-892-M06	RM_type_II	1
AG-422-C20	dGTPase	1
AG-333-F09	dGTPase	1
AG-910-D18	RM_type_II	1
AG-414-L09	dGTPase	1
AG-918-N18	dGTPase	1
AG-337-L16	dGTPase	1
AG-337-L16	RM_type_II	1
AH-321-L07	RM_type_II	1
AG-894-J16	RM_type_II	1
AG-894-J16	dGTPase	1
AG-360-C08	RM_type_II	1
AG-909-I15	RM_type_II	1
AG-909-I15	dGTPase	1
AG-359-I03	dGTPase	1
AG-359-I03	Hhe	1
AG-359-I03	Zorya_other	1
AH-287-N18	RM_type_II	1
AH-324-J23	RM_type_II	1
AG-908-L02	TerY_other	1
AG-908-L02	Zorya_other	1
AG-349-D19	dGTPase	1
AG-349-D19	RM_type_II	1
AG-365-M21	RM_type_II	1
AG-365-M21	dGTPase	1
AG-899-J10	RM_type_II	1
AG-893-A06	dGTPase	1
AG-894-N09	RM_type_II	1
AG-915-C08	RM_type_II	1
AG-915-C08	dGTPase	1
AG-904-M20	Mza	1
AG-904-M20	Pycsar_unknown	1
AG-904-M20	RM_type_II	1
AG-904-O05	RM_type_II	1
AG-907-E04	RM_type_II	1
AG-907-E04	dGTPase	1
AG-891-D10	RM_type_II	1
AG-891-D10	dGTPase	1
AG-891-D16	Druantia_type_IV	1
AG-892-E02	dGTPase	1
AG-909-L14	dGTPase	1
AG-313-J17	RM_type_II	1
AG-319-M14	RM_type_II	2
AG-319-M14	dGTPase	1
AG-325-N16	Viperin_solo	1
AG-891-J18	RM_type_II	1
AG-900-N20	RM_type_II	1
AG-333-J17	RM_type_II	1
AG-333-J17	dGTPase	1
AG-333-J17	Viperin_solo	1
AG-919-K14	RM_type_II	1
AG-913-B19	RM_type_II	1
AG-913-P01	RM_type_II	1
AG-895-J17	dGTPase	1
AG-897-N19	dGTPase	1
AG-897-N19	RM_type_II	1
AG-899-E21	RM_type_II	1
AG-916-C19	dGTPase	1
AG-917-G11	dGTPase	1
AG-917-G11	AbiU	2
AG-917-G11	RM_type_II	1
AG-918-B17	RM_type_II	1
AG-905-K02	RM_type_II	1
AG-900-D09	dGTPase	1
AG-900-I09	dGTPase	1
AG-900-I09	RM_type_II	1
AG-910-A15	dGTPase	1
AG-910-F10	RM_type_II	1
AG-898-O15	RM_type_II	1
AG-898-O15	dGTPase	1
AG-905-J21	dGTPase	1
AH-326-C19	RM_type_II	1
AG-899-O16	RM_type_II	1
AG-907-P08	dGTPase	1
AG-912-B10	RM_type_II	2
AG-912-B10	dGTPase	1
AG-914-D10	Zorya_other	1
AG-903-E15	RM_type_II	1
AG-903-E15	dGTPase	1
AG-912-B16	Druantia_other	1
AG-912-I02	RM_type_II	1
AG-912-I02	dGTPase	1
AG-913-O23	RM_type_II	1
AG-913-O23	dGTPase	1
AG-904-G09	dGTPase	1
AG-904-O04	RM_type_II	1
AG-909-L23	RM_type_II	1
AG-911-B04	dGTPase	1
AG-913-D03	dGTPase	1
AG-914-O09	RM_type_II	1
AG-916-D05	dGTPase	1
AG-916-D05	RM_type_II	1
AG-919-O13	RM_type_II	1
AG-919-O13	dGTPase	1
AG-915-C06	dGTPase	1
AG-915-C06	Zorya_other	1
AG-910-A17	dGTPase	1
AG-910-A17	RM_type_II	1
AG-910-L21	RM_type_II	1
AG-912-G23	Zorya_other	1
AG-912-G23	Cas_adaptation	1
AG-894-J23	dGTPase	1
AG-360-K21	RM_type_II	1
AG-918-I18	RM_type_II	1
AH-324-K04	RM_type_II	1
AG-365-C04	RM_type_II	1
AG-349-I21	Mza_other	1
AG-914-O08	RM_type_II	1
AG-914-D21	RM_type_II	1
AG-920-M15	dGTPase	1
AG-920-M15	RM_type_II	1
AG-913-O21	dGTPase	1
AG-913-O21	RM_type_II	1
AG-914-D13	dGTPase	1
AG-914-D13	RM_type_II	1
AH-287-E04	Mza	1
AH-324-P05	dGTPase	1
AG-919-E18	dGTPase	1
AG-919-E18	RM_type_II	1
AH-324-P11	RM_type_II	1
AG-337-K17	RM_type_IV	1
AG-349-D08	RM_type_II	1
AG-349-D08	dGTPase	1
AG-365-C14	RM_type_II	1
AG-325-J23	RM_type_II	1
AG-325-N08	RM_type_II	1
AG-333-A02	PbeABCD	1
AG-414-I06	RM_type_II	1
AG-916-C20	dGTPase	1
AG-918-I22	Mza	1
AG-919-E15	RM_type_II	1
AH-324-F03	RM_type_II	2
AH-324-F03	dGTPase	1
AG-457-B14	dGTPase	1
AG-457-B14	RM_type_II	1
AG-919-P03	dGTPase	1
AG-430-J18	RM_type_II	1
AG-896-G14	RM_type_II	1
AG-464-B21	RM_type_II	1
AG-319-D18	RM_type_II	1
AG-897-O11	dGTPase	1
AG-897-O11	RM_type_II	1
AG-337-K15	dGTPase	1
AG-349-I20	RM_type_II	1
AG-390-D02	dGTPase	1
AG-390-D02	RM_type_II	1
AG-390-D09	RM_type_II	1
AG-410-M07	RM_type_II	1
AG-898-J22	Zorya_other	1
AG-898-J22	Pycsar_unknown	1
AG-899-L04	PbeABCD	1
AG-457-G23	dGTPase	1
AH-287-N15	dGTPase	1
AH-321-P04	RM_type_II	2
AH-324-E14	RM_type_II	1
AH-324-E14	dGTPase	1
AG-325-P21	RM_type_II	1
AG-337-K04	dGTPase	1
AG-343-O18	RM_type_II	1
AG-349-N13	dGTPase	1
AG-349-N13	RM_type_II	1
AG-343-M06	RM_type_II	1
AG-457-E16	RM_type_II	1
AG-319-M11	RM_type_II	2
AG-422-I20	PbeABCD	1
AG-439-H11	RM_type_II	1
AG-319-F05	RM_type_II	1
AG-447-O02	dGTPase	1
AG-447-O02	RM_type_II	1
AG-426-J05	RM_type_II	2
AG-337-K18	Zorya_other	1
AG-325-J13	RM_type_II	1
AG-325-J13	dGTPase	1
AG-333-J14	dGTPase	1
AG-337-J23	RM_type_II	1
AG-337-J23	dGTPase	1
AG-907-B05	Druantia_other	1
AG-912-F11	PbeABCD	1
AG-333-P13	RM_type_II	1
AG-914-F04	dGTPase	1
AG-447-K14	dGTPase	1
AG-360-K19	dGTPase	1
AG-360-K19	RM_type_II	1
AG-390-A06	RM_type_II	1
AG-430-D23	Pycsar_unknown	1
AG-435-O03	RM_type_II	1
AG-365-C11	RM_type_II	1
AG-365-C11	dGTPase	1
AG-422-C21	RM_type_II	1
AG-422-C21	dGTPase	1
AG-470-L17	dGTPase	1
AG-891-A09	Mza_other	1
AG-447-K11	dGTPase	1
AG-447-K11	RM_type_II	1
AG-470-L20	dGTPase	1
AG-470-L20	RM_type_II	1
AG-905-D23	dGTPase	1
AG-410-M08	RM_type_II	1
AG-464-C23	RM_type_II	1
AG-390-D07	dGTPase	1
AG-422-C18	RM_type_II	1
AG-410-A18	dGTPase	1
AG-439-J09	RM_type_II	1
AG-914-K07	dGTPase	1
AG-916-A14	RM_type_II	1
AG-899-L03	Cas_adaptation	1
AG-390-J13	dGTPase	1
AG-390-J13	RM_type_II	1
AG-422-J03	dGTPase	1
AG-422-J03	RM_type_II	1
AG-422-N16	dGTPase	1
AG-422-N16	RM_type_II	1
AG-898-J15	dGTPase	1
AG-898-J15	RM_type_II	1
AG-898-O08	dGTPase	1
AG-410-M04	RM_type_II	1
AG-410-M04	Pycsar_unknown	1
AG-898-N21	RM_type_II	1
AG-430-K11	RM_type_II	1
AG-891-N03	RM_type_II	1
AG-891-N03	dGTPase	1
AG-895-G06	RM_type_II	1
AG-895-G06	dGTPase	1
AG-435-N15	dGTPase	1
AG-439-N15	RM_type_II	1
AG-439-N15	dGTPase	1
AG-464-L04	RM_type_II	1
AG-464-L04	dGTPase	1
AG-919-F17	RM_type_II	1
AG-919-F18	RM_type_II	1
AG-891-A07	dGTPase	1
AG-894-P04	RM_type_II	1
AG-894-P04	dGTPase	1
AG-894-P05	RM_type_II	1
AG-896-N10	RM_type_II	1
AG-896-N10	dGTPase	1
AG-897-F14	dGTPase	1
AG-447-B15	RM_type_II	1
AG-447-B15	dGTPase	1
AG-447-F16	RM_type_II	1
AG-447-N20	dGTPase	1
AG-461-B13	RM_type_II	1
AG-461-B13	dGTPase	1
AG-892-K05	RM_type_II	1
AG-892-K05	dGTPase	1
AG-923-D17	dGTPase	1
AG-447-O04	RM_type_II	1
AG-891-M17	RM_type_II	1
AH-321-P10	RM_type_II	1
AH-321-P10	dGTPase	1
AG-891-G17	RM_type_II	1
AG-892-K09	dGTPase	1
AG-903-K03	dGTPase	1
AG-904-G11	dGTPase	1
AG-907-G06	AbiO	1
AG-894-C10	Mza_other	1
AG-894-C10	RM_type_II	1
AG-325-C02	dGTPase	1
AG-893-A21	Zorya_other	1
AG-893-A21	dGTPase	1
AG-895-F19	RM_type_II	1
AH-321-K22	RM_type_II	1
AG-904-B15	dGTPase	1
AG-913-B05	Zorya_other	1
AG-913-B05	dGTPase	1
AG-909-F03	dGTPase	1
AG-909-M13	dGTPase	1
AG-909-M20	Mza_other	1
AG-916-G09	RM_type_II	1
AG-917-L16	RM_type_II	1
AG-917-L16	dGTPase	1
AG-894-C14	RM_type_II	1
AG-894-C14	dGTPase	1
AG-917-L19	dGTPase	1
AG-917-L19	RM_type_II	1
AG-897-E16	RM_type_II	1
AG-895-F17	RM_type_II	1
AG-895-F17	dGTPase	1
AG-896-B21	RM_type_II	1
AG-899-K23	RM_type_II	2
AG-899-K23	dGTPase	1
AG-918-C06	RM_type_II	1
AG-897-M10	Wadjet_other	1
AG-900-E18	dGTPase	1
AG-900-E18	RM_type_II	1
AG-319-D09	RM_type_II	1
AG-349-F06	AbiU	1
AG-908-C18	RM_type_II	1
AG-908-C18	dGTPase	1
AG-912-L09	dGTPase	1
AH-321-K19	RM_type_II	1
AG-900-L18	RM_type_II	1
AG-901-G21	RM_type_II	1
AG-904-B13	dGTPase	1
AG-911-P03	dGTPase	1
AG-919-F15	dGTPase	1
AG-911-I17	Pycsar_unknown	1
AG-911-I17	Zorya_other	1
AG-907-B03	RM_type_II	1
AG-907-B03	dGTPase	1
AG-909-F07	dGTPase	1
AG-920-D03	dGTPase	1
AG-916-A16	dGTPase	1
AG-916-G05	dGTPase	1
AG-916-L16	Mza	1
AG-917-L20	dGTPase	1
AG-910-I08	Zorya_other	1
AG-910-N07	dGTPase	1
AG-337-P10	RM_type_II	1
AG-349-F08	RM_type_II	1
AG-908-C17	dGTPase	1
AG-912-E21	RM_type_II	1
AG-325-O10	Zorya_other	1
AG-333-O13	dGTPase	1
AG-414-C21	Pycsar_unknown	1
AG-919-F09	RM_type_II	1
AG-918-C08	RM_type_II	1
AG-918-C08	dGTPase	1
AG-918-J23	RM_type_II	1
AG-918-J23	dGTPase	1
AG-919-M08	RM_type_II	1
AG-430-K18	dGTPase	1
AG-447-F02	dGTPase	1
AG-453-O10	dGTPase	1
AH-287-C09	RM_type_II	1
AG-917-F15	dGTPase	1
AG-919-A06	dGTPase	1
AG-910-N21	Zorya_other	1
AG-910-N21	RM_type_II	1
AG-914-P22	RM_type_II	1
AG-915-E06	dGTPase	1
AG-917-L18	dGTPase	1
AG-919-A04	Cas_adaptation	1
AG-919-A04	RM_type_II	1
AG-919-A04	dGTPase	1
AG-920-C15	dGTPase	1
AH-321-A17	RM_type_II	1
AH-321-A17	dGTPase	1
AH-326-A15	RM_type_II	1
AG-891-F03	RM_type_II	1
AG-325-E23	dGTPase	1
AG-325-I21	dGTPase	1
AG-917-F14	dGTPase	1
AG-917-M03	RM_type_II	1
AG-365-P13	dGTPase	1
AG-365-P13	RM_type_II	1
AG-404-J03	dGTPase	1
AG-349-F22	dGTPase	1
AG-333-L10	dGTPase	1
AG-333-I15	PbeABCD	1
AG-414-C19	RM_type_II	2
AG-349-P08	RM_type_II	1
AG-919-N06	RM_type_II	1
AG-325-K02	RM_type_II	1
AG-333-B15	PbeABCD	1
AG-325-B16	dGTPase	1
AG-325-B16	RM_type_II	1
AG-359-F09	Zorya_other	1
AH-287-C13	RM_type_II	1
AH-287-C13	dGTPase	1
AH-321-L05	RM_type_IV	1
AH-324-L17	dGTPase	1
AH-326-E11	RM_type_II	1
AG-325-K03	RM_type_II	1
AG-337-D23	RM_type_II	1
AG-464-A15	RM_type_II	1
AG-892-D10	RM_type_II	1
AG-901-E22	RM_type_II	1
AG-390-O16	RM_type_II	1
AG-337-D08	Zorya_other	1
AG-337-B03	Zorya_other	1
AG-414-C16	Mza	1
AG-435-J03	RM_type_II	1
AG-349-P05	dGTPase	1
AG-319-F03	RM_type_II	2
AG-319-F03	Zorya_other	1
AG-390-N22	RM_type_II	1
AG-404-O06	RM_type_II	1
AG-414-K20	Viperin_solo	1
AG-426-J10	Mza_other	1
AG-426-J10	dGTPase	1
AG-426-C16	dGTPase	1
AG-447-J19	dGTPase	1
AG-337-I18	dGTPase	1
AG-404-A03	RM_type_II	1
AG-313-K16	dGTPase	1
AG-333-C06	dGTPase	1
AG-439-G03	Druantia_type_IV	1
AG-439-G03	Druantia_other	1
AG-447-E19	dGTPase	1
AG-325-C07	RM_type_II	1
AG-337-P16	RM_type_II	1
AG-410-J18	dGTPase	1
AG-410-J18	RM_type_II	1
AG-422-M20	Mza_other	1
AG-333-B23	RM_type_II	1
AG-359-F14	dGTPase	1
AG-359-L11	RM_type_II	1
AG-343-E19	RM_type_II	1
AG-343-E19	dGTPase	1
AG-360-I21	RM_type_II	2
AG-891-M21	Zorya_other	1
AG-439-E20	RM_type_II	1
AG-422-B22	dGTPase	1
AG-390-A10	RM_type_II	1
AG-404-P01	dGTPase	1
AG-404-P01	RM_type_II	1
AG-410-J13	dGTPase	1
AG-410-J15	dGTPase	1
AG-365-J21	RM_type_II	1
AG-365-J21	dGTPase	1
AG-911-G16	dGTPase	1
AG-916-K05	dGTPase	1
AG-390-O20	dGTPase	1
AG-390-N19	PbeABCD	1
AG-453-O04	dGTPase	1
AG-899-C09	RM_type_II	1
AG-905-A08	RM_type_II	1
AG-905-A08	dGTPase	1
AG-905-G15	dGTPase	1
AG-414-L03	RM_type_II	1
AG-426-C19	dGTPase	1
AG-404-C02	dGTPase	1
AG-404-C02	RM_type_II	1
AG-903-D18	RM_type_II	1
AG-447-E22	dGTPase	1
AG-457-O03	RM_type_II	1
AG-464-P21	DRT_other	1
AG-470-P13	RM_type_II	1
AG-457-K05	Viperin_toxin	1
AG-892-L17	RM_type_II	1
AG-892-L17	dGTPase	1
AG-404-O05	dGTPase	1
AG-404-O05	RM_type_II	1
AG-414-D15	dGTPase	1
AG-439-L13	RM_type_II	1
AG-447-A16	dGTPase	1
AG-430-K19	RM_type_II	2
AG-430-K19	dGTPase	1
AG-435-I23	RM_type_II	1
AG-453-O21	dGTPase	1
AG-453-O21	RM_type_II	1
AG-457-L02	dGTPase	1
AG-894-F15	RM_type_II	1
AG-894-F15	dGTPase	1
AG-470-D16	dGTPase	1
AG-470-D16	RM_type_II	1
AG-892-L10	RM_type_II	1
AG-892-L10	dGTPase	1
AG-899-A06	RM_type_II	1
AG-901-G09	dGTPase	1
AG-901-G09	RM_type_II	1
AG-894-P03	RM_type_II	1
AG-895-E16	dGTPase	1
AG-911-N20	RM_type_II	1
AG-911-P04	dGTPase	1
AG-893-M20	dGTPase	1
AG-894-K14	RM_type_II	1
AG-894-K14	dGTPase	1
AG-892-F22	Zorya_other	1
AG-894-F17	dGTPase	1
AG-894-L05	RM_type_II	1
AG-894-L05	Pycsar_unknown	1
AH-321-L23	dGTPase	1
AH-321-L23	RM_type_II	1
AH-324-P10	RM_type_II	1
AG-898-L13	Zorya_other	1
AG-916-E05	RM_type_II	1
AG-916-J16	RM_type_II	1
AG-916-J16	dGTPase	1
AG-918-B09	RM_type_II	1
AG-895-F06	dGTPase	1
AG-896-A07	Zorya_other	1
AG-899-F03	dGTPase	1
AG-899-F04	Dpd	1
AG-912-N10	dGTPase	1
AG-913-B20	Dpd	1
AG-913-I14	RM_type_II	1
AG-913-I14	dGTPase	1
AH-324-K07	RM_type_II	1
AH-324-K11	RM_type_II	2
AH-326-D06	RM_type_II	1
AH-326-D06	dGTPase	1
AG-904-O13	dGTPase	1
AG-905-D17	RM_type_II	1
AG-905-D17	dGTPase	1
AG-908-G09	dGTPase	1
AG-911-I23	RM_type_II	1
AG-915-F17	dGTPase	1
AG-904-C07	RM_type_II	1
AG-916-E04	RM_type_II	1
AG-908-E22	dGTPase	1
AG-909-A20	Mza_other	1
AG-907-C04	RM_type_II	1
AG-905-D16	dGTPase	1
AG-905-D16	RM_type_II	1
AG-911-K03	RM_type_II	1
AG-319-B11	Pycsar_unknown	1
AG-898-G21	RM_type_II	1
AG-900-I18	RM_type_II	1
AG-903-C07	Zorya_other	1
AG-903-O04	RM_type_II	1
AG-319-E09	Mza_other	1
AG-909-A17	dGTPase	1
AG-909-F08	dGTPase	1
AG-909-F08	RM_type_II	1
AG-908-M04	dGTPase	1
AG-912-I23	dGTPase	1
AG-907-G14	RM_type_II	1
AG-903-C11	RM_type_II	1
AG-903-C11	dGTPase	1
AG-905-E02	RM_type_II	2
AG-911-N18	dGTPase	1
AG-912-C08	dGTPase	1
AG-912-J05	RM_type_II	1
AG-914-C13	dGTPase	1
AG-325-C14	dGTPase	1
AG-908-F08	RM_type_II	1
AG-900-I19	RM_type_II	1
AG-900-I19	dGTPase	1
AG-905-J10	dGTPase	1
AG-918-F14	RM_type_II	1
AG-925-C22	dGTPase	1
AG-913-I09	dGTPase	1
AG-913-I09	RM_type_II	1
AG-913-N14	RM_type_II	1
AG-917-F21	dGTPase	1
AG-343-I07	RM_type_II	1
AG-920-N17	Zorya_other	1
AG-911-D15	Cas_type_other	1
AG-904-O14	dGTPase	1
AG-904-O14	RM_type_II	1
AG-911-D08	RM_type_II	1
AG-911-D08	dGTPase	1
AG-911-K02	RM_type_II	1
AG-349-K07	RM_type_II	1
AG-919-L14	dGTPase	1
AG-919-L14	RM_type_II	1
AH-321-M03	RM_type_II	1
AH-321-M03	dGTPase	1
AG-911-J07	RM_type_II	1
AG-911-J07	dGTPase	1
AH-321-I08	dGTPase	1
AG-915-L05	RM_type_II	1
AG-918-L19	RM_type_II	1
AG-911-J10	Zorya_other	1
AG-349-K05	RM_type_II	1
AG-912-O15	RM_type_II	1
AG-913-B21	RM_type_II	1
AG-913-B21	dGTPase	1
AG-913-C20	dGTPase	1
AG-913-C20	RM_type_II	1
AG-913-I05	RM_type_II	1
AG-914-G21	dGTPase	1
AG-914-G21	Zorya_other	1
AG-917-B15	dGTPase	1
AG-917-B15	RM_type_II	1
AH-287-D02	RM_type_II	1
AG-359-I06	RM_type_II	1
AG-333-E22	RM_type_II	2
AG-333-E22	dGTPase	1
AG-912-N07	RM_type_II	1
AG-913-B07	dGTPase	1
AG-914-G22	RM_type_II	1
AG-914-G22	dGTPase	1
AG-915-E23	Cas_type_other	1
AG-916-J09	PbeABCD	1
AG-390-M06	RM_type_II	1
AG-337-E22	RM_type_II	1
AH-287-L13	Zorya_other	1
AG-430-L04	dGTPase	1
AG-430-L04	RM_type_II	1
AG-319-P14	RM_type_II	1
AG-325-A02	dGTPase	1
AG-915-K14	RM_type_II	1
AG-916-J11	RM_type_II	1
AG-916-J11	dGTPase	1
AG-916-J14	Mza_other	1
AG-333-E11	RM_type_II	1
AG-918-A03	dGTPase	1
AG-918-A03	RM_type_II	1
AH-287-I02	dGTPase	1
AH-287-I02	RM_type_II	1
AH-324-F15	Zorya_other	1
AH-324-F15	dGTPase	1
AG-915-E09	Zorya_other	1
AG-919-G03	dGTPase	1
AG-919-G06	dGTPase	1
AG-919-G06	Cas_adaptation	1
AG-919-G06	Zorya_other	1
AG-920-B13	dGTPase	1
AG-920-B13	RM_type_II	1
AG-894-I08	dGTPase	1
AG-894-I08	Zorya_other	1
AG-325-L02	dGTPase	1
AG-333-P08	RM_type_II	1
AG-337-E13	RM_type_II	1
AG-319-D22	Mza_other	1
AG-349-E04	Mza	1
AH-324-O11	dGTPase	1
AH-324-O11	Zorya_other	1
AG-892-F14	RM_type_II	1
AG-313-M10	dGTPase	1
AG-325-K10	dGTPase	1
AG-359-D03	RM_type_II	1
AG-359-D03	Pycsar_unknown	1
AG-349-A03	RM_type_II	1
AH-326-C06	Hma	1
AH-326-O10	RM_type_II	1
AG-319-B16	dGTPase	1
AG-447-B22	dGTPase	1
AG-447-M19	RM_type_II	1
AG-359-M21	dGTPase	1
AG-359-M21	RM_type_II	1
AG-390-P16	RM_type_II	1
AG-337-O05	RM_type_II	1
AG-337-O05	dGTPase	1
AG-343-M18	RM_type_II	1
AG-343-P19	dGTPase	1
AG-390-J21	dGTPase	1
AG-390-P07	RM_type_II	1
AG-390-P07	dGTPase	1
AG-414-A03	dGTPase	1
AG-414-A03	RM_type_II	1
AG-422-A01	dGTPase	1
AG-319-D07	dGTPase	1
AH-326-O15	dGTPase	1
AG-325-D14	dGTPase	1
AG-343-M19	Pycsar_unknown	1
AG-359-C21	dGTPase	1
AG-333-A23	dGTPase	1
AG-430-D11	Zorya_other	1
AG-435-M07	RM_type_II	1
AG-426-J11	dGTPase	1
AG-430-B09	RM_type_II	1
AG-349-O02	dGTPase	1
AG-359-N02	dGTPase	1
AG-349-A08	RM_type_II	1
AG-349-A08	dGTPase	1
AG-349-E03	dGTPase	1
AG-359-M18	RM_type_II	1
AG-430-I15	dGTPase	1
AG-430-I15	RM_type_II	1
AG-447-J11	dGTPase	1
AG-453-B14	RM_type_II	1
AG-899-D19	RM_type_II	1
AG-390-D16	dGTPase	1
AG-390-D16	RM_type_II	1
AG-453-L07	dGTPase	1
AG-464-E17	dGTPase	1
AG-359-C20	dGTPase	1
AG-900-J10	RM_type_II	1
AG-900-J10	Zorya_other	1
AG-903-L15	Mza_other	1
AG-464-K02	RM_type_II	1
AG-464-P13	RM_type_II	1
AG-464-P13	dGTPase	1
AG-905-O21	dGTPase	1
AG-905-O21	Zorya_other	1
AG-908-K09	dGTPase	1
AG-909-E22	RM_type_II	1
AG-337-N21	Zorya_other	1
AG-359-D08	RM_type_II	1
AG-360-C15	dGTPase	1
AG-426-J15	RM_type_II	1
AG-900-N21	Zorya_other	1
AG-900-N21	Pycsar_unknown	1
AG-435-C18	RM_type_II	1
AG-435-D10	RM_type_II	1
AG-435-D10	dGTPase	1
AG-439-A14	Zorya_other	1
AG-904-M22	dGTPase	1
AG-457-K13	dGTPase	1
AG-457-K13	RM_type_II	1
AG-461-J19	RM_type_II	1
AG-359-C09	dGTPase	1
AG-359-D09	dGTPase	1
AG-359-G18	dGTPase	1
AG-359-G20	dGTPase	1
AG-359-G20	RM_type_II	1
AG-359-G22	RM_type_II	2
AG-464-D19	RM_type_II	1
AG-439-N04	RM_type_II	1
AG-365-L04	dGTPase	1
AG-439-N02	RM_type_II	1
AG-453-L06	dGTPase	1
AG-895-J15	RM_type_II	1
AG-893-M17	RM_type_II	1
AG-894-I05	RM_type_II	1
AG-894-I05	dGTPase	1
AG-422-P07	RM_type_II	1
AG-426-N15	RM_type_II	1
AG-426-N15	dGTPase	1
AG-430-B21	RM_type_II	1
AG-435-G17	dGTPase	1
AG-435-G17	RM_type_II	1
AG-414-I04	dGTPase	1
AG-414-I04	RM_type_II	1
AG-426-N10	Shedu	1
AG-430-L17	RM_type_II	1
AG-430-L17	dGTPase	1
AG-439-C18	dGTPase	1
AG-439-C18	RM_type_II	1
AG-911-L18	dGTPase	1
AG-911-L18	RM_type_II	1
AG-426-A07	RM_type_IIG	1
AG-435-B20	RM_type_II	1
AG-891-E08	RM_type_II	1
AG-430-D06	dGTPase	1
AG-430-I08	Mza_other	1
AG-430-I06	RM_type_II	1
AG-430-I06	dGTPase	1
AG-891-O15	RM_type_II	1
AG-891-O15	dGTPase	1
AG-892-F02	RM_type_II	1
AG-892-F02	dGTPase	1
AG-470-J14	dGTPase	1
AG-470-J14	RM_type_II	1
AG-892-E19	dGTPase	1
AG-439-D05	dGTPase	1
AG-439-I13	Zorya_other	1
AG-439-I13	dGTPase	1
AG-447-J08	dGTPase	1
AG-447-J08	RM_type_II	1
AG-457-P03	RM_type_II	1
AG-457-P03	dGTPase	1
AG-461-N20	RM_type_II	1
AG-896-O22	Pycsar_unknown	1
AG-896-O22	RM_type_II	1
AG-901-C15	dGTPase	1
AG-896-K04	dGTPase	1
AG-894-N13	dGTPase	1
AG-464-K14	Pycsar_unknown	1
AG-461-K07	RM_type_II	1
AG-461-K07	dGTPase	1
AG-900-D02	RM_type_II	2
AG-900-D02	Pycsar_unknown	1
AG-900-I13	dGTPase	1
AG-900-I13	RM_type_II	1
AG-901-J09	RM_type_II	1
AG-891-E06	RM_type_II	1
AG-891-J07	dGTPase	1
AG-891-J07	RM_type_II	1
AG-910-E22	Zorya_other	1
AG-911-A21	RM_type_II	1
AG-911-A21	dGTPase	1
AG-911-A15	dGTPase	1
AG-908-D11	dGTPase	1
AG-915-A14	dGTPase	1
AG-915-O08	RM_type_II	1
AG-915-O08	dGTPase	1
AG-916-C15	dGTPase	1
AG-916-K14	RM_type_II	1
AG-918-C14	dGTPase	1
AG-333-L20	RM_type_II	1
AG-333-L20	dGTPase	1
AG-337-M07	RM_type_II	1
AG-359-G19	RM_type_II	1
AG-360-K16	RM_type_II	1
AG-915-N18	RM_type_IV	1
AG-915-N18	Zorya_other	1
AG-916-K03	RM_type_II	1
AG-916-K04	RM_type_II	1
AG-916-K04	dGTPase	1
AG-918-K22	RM_type_II	1
AG-422-G19	RM_type_II	1
AG-430-N20	RM_type_II	1
AG-447-N08	dGTPase	1
AG-447-N08	RM_type_II	1
AG-904-B14	dGTPase	1
AG-919-A21	RM_type_II	1
AG-919-A21	dGTPase	1
AG-900-E15	RM_type_II	1
AG-903-G21	dGTPase	1
AG-905-A11	Mza_other	1
AG-905-A11	dGTPase	1
AG-404-P11	Zorya_other	1
AG-404-P11	RM_type_II	1
AG-325-D15	SspE	1
AG-447-L18	Druantia_other	2
AH-324-B07	dGTPase	1
AG-464-O20	dGTPase	1
AG-426-B19	dGTPase	1
AG-426-B19	RM_type_II	1
AG-333-L23	Druantia_other	1
AH-287-B07	dGTPase	1
AH-287-B07	RM_type_II	1
AH-287-G05	RM_type_II	1
AH-287-G05	dGTPase	1
AH-321-L20	dGTPase	1
AH-324-I16	dGTPase	1
AH-324-I16	RM_type_II	1
AH-326-G23	dGTPase	1
AG-893-G21	Zorya_other	1
AG-892-J03	dGTPase	1
AG-892-J03	RM_type_II	1
AG-325-D17	dGTPase	1
AG-325-D17	RM_type_II	1
AG-349-L15	PbeABCD	1
AG-325-D19	dGTPase	1
AG-325-D19	RM_type_II	1
AG-325-E19	RM_type_II	1
AG-359-F07	RM_type_II	1
AH-326-G20	dGTPase	1
AH-326-G20	RM_type_II	1
AG-911-J02	dGTPase	1
AG-911-J02	Zorya_other	1
AG-390-G23	RM_type_II	1
AG-390-G23	dGTPase	1
AG-895-L23	RM_type_II	1
AG-913-L23	Zorya_other	1
AG-435-L07	RM_type_II	1
AG-435-N16	dGTPase	1
AG-899-J02	RM_type_II	1
AG-899-J02	dGTPase	1
AG-349-K18	dGTPase	1
AG-426-K20	RM_type_II	1
AG-343-I15	dGTPase	1
AG-343-I16	dGTPase	1
AG-404-P08	RM_type_II	1
AG-426-J22	Druantia_other	1
AG-426-K03	RM_type_II	1
AG-404-J20	RM_type_II	1
AG-404-J20	dGTPase	1
AG-404-P13	RM_type_II	1
AG-422-A05	RM_type_II	2
AG-360-K11	RM_type_II	1
AG-360-K11	dGTPase	1
AG-390-C18	dGTPase	1
AG-891-P06	dGTPase	1
AG-891-P06	Mza_other	1
AG-891-P06	Mza	1
AG-365-N08	dGTPase	1
AG-365-N08	RM_type_II	1
AG-404-C04	RM_type_II	2
AG-404-C04	dGTPase	1
AG-404-P07	dGTPase	1
AG-404-P07	RM_type_II	1
AG-453-J21	Mza_other	1
AG-909-E04	RM_type_II	1
AG-909-E04	dGTPase	1
AG-910-C11	RM_type_II	1
AG-896-K07	dGTPase	1
AG-896-K07	RM_type_II	1
AG-901-J13	RM_type_II	1
AG-891-B17	Mza_other	1
AG-898-C07	dGTPase	1
AG-898-C07	RM_type_II	1
AG-914-P03	Hma	1
AG-901-J06	RM_type_II	1
AG-901-J10	RM_type_II	1
AG-901-J10	dGTPase	1
AG-447-J09	dGTPase	1
AG-414-F21	dGTPase	1
AG-414-F21	RM_type_II	1
AG-900-F10	dGTPase	1
AG-918-K09	dGTPase	1
AG-426-P02	Dnd_ABCDE	1
AG-439-K07	dGTPase	1
AG-891-P05	RM_type_II	1
AG-891-P05	dGTPase	1
AG-461-B09	dGTPase	1
AG-910-K18	RM_type_II	1
AG-916-F06	dGTPase	1
AG-896-C22	RM_type_II	1
AH-321-K15	RM_type_II	1
AH-321-K15	dGTPase	1
AG-892-G22	Mza	1
AG-892-G22	dGTPase	1
AG-908-E21	dGTPase	1
AG-908-E21	RM_type_II	1
AG-365-A04	dGTPase	1
AG-365-A04	RM_type_II	1
AG-365-P23	RM_type_II	1
AG-365-P23	dGTPase	1
AG-426-B16	RM_type_II	1
AG-426-P23	RM_type_II	1
AG-430-O11	RM_type_II	1
AG-430-O11	dGTPase	1
AG-439-F08	RM_type_II	1
AG-911-N13	dGTPase	1
AG-911-N13	RM_type_II	1
AG-911-O20	RM_type_II	1
AG-891-P20	Zorya_other	1
AG-891-P20	dGTPase	1
AG-893-O16	RM_type_II	2
AG-893-O16	dGTPase	1
AG-899-B06	Zorya_other	1
AG-899-B06	dGTPase	1
AG-893-I03	dGTPase	1
AH-321-L06	dGTPase	1
AG-343-A13	RM_type_II	1
AG-343-A13	dGTPase	1
AG-899-O21	RM_type_II	1
AG-892-O09	RM_type_II	1
AG-896-P17	RM_type_II	1
AG-917-C23	Zorya_other	1
AG-917-I15	dGTPase	1
AG-910-D19	Mza_other	1
AG-905-K05	RM_type_II	1
AG-908-O10	RM_type_II	1
AG-908-O10	dGTPase	1
AG-904-B16	RM_type_II	1
AG-891-P17	dGTPase	1
AG-903-I03	dGTPase	1
AG-430-O03	Mza	1
AG-892-N22	Zorya_other	1
AG-907-A10	dGTPase	1
AG-907-A10	RM_type_II	1
AG-914-P02	Cas_type_other	1
AG-914-P02	Druantia_other	1
AG-910-J22	RM_type_II	1
AG-917-D03	RM_type_II	1
AG-899-J06	Pycsar_unknown	1
AG-899-J06	RM_type_IIG	1
AG-899-J06	RM_type_II	1
AG-919-B19	RM_type_II	1
AG-905-A07	dGTPase	1
AG-905-A07	RM_type_II	1
AG-907-J03	dGTPase	1
AG-426-P15	dGTPase	1
AG-911-N14	RM_type_II	1
AG-390-A02	RM_type_II	1
AG-912-M06	RM_type_II	1
AG-912-M06	dGTPase	1
AG-414-E02	RM_type_II	1
AG-426-P19	TerY	1
AG-447-M21	RM_type_II	1
AG-447-M21	dGTPase	1
AG-912-G03	RM_type_II	1
AG-912-N08	RM_type_II	1
AH-287-O21	dGTPase	1
AH-326-K08	RM_type_II	1
AG-430-G21	dGTPase	1
AG-349-J03	Zorya_other	1
AG-426-K19	RM_type_II	1
AG-910-C18	RM_type_II	1
AG-910-C18	dGTPase	1
AG-913-M07	Zorya_other	1
AG-913-M07	dGTPase	1
AG-917-C18	Zorya_other	2
AG-917-C18	RM_type_II	1
AG-908-B21	dGTPase	1
AH-321-E05	dGTPase	1
AH-324-O07	Zorya_other	1
AG-919-J06	dGTPase	1
AG-430-O14	RM_type_II	1
AG-905-C11	dGTPase	1
AG-905-C11	RM_type_II	1
AG-349-F15	RM_type_II	1
AG-911-G20	RM_type_II	1
AG-918-A18	RM_type_II	1
AH-321-K14	dGTPase	1
AG-917-J08	RM_type_II	1
AG-917-G19	RM_type_II	1
AG-914-P04	Zorya_other	1
AG-920-I11	dGTPase	1
AH-324-B10	dGTPase	1
AG-319-J16	RM_type_II	1
AG-439-A02	RM_type_II	1
AG-896-L15	dGTPase	1
AG-896-L15	RM_type_II	1
AG-390-F08	RM_type_II	1
AG-439-N22	PbeABCD	1
AG-892-O03	RM_type_II	1
AG-892-O03	dGTPase	1
AG-343-G14	dGTPase	1
AG-365-B02	RM_type_IIG	1
AG-359-M22	RM_type_II	1
AG-892-O07	Zorya_other	1
AG-896-M05	dGTPase	1
AG-898-A08	Zorya_other	1
AG-898-A08	Hhe	1
AG-898-A08	dGTPase	1
AG-917-I10	RM_type_II	1
AG-319-J15	RM_type_II	1
AG-325-J07	RM_type_II	1
AG-426-C20	RM_type_II	1
AG-349-O19	dGTPase	1
AG-349-O19	RM_type_II	1
AG-919-A13	RM_type_II	1
AG-919-O09	dGTPase	1
AG-349-J20	RM_type_II	1
AG-349-O17	RM_type_II	1
AG-349-O17	dGTPase	1
AG-365-A20	RM_type_II	1
AG-337-I11	dGTPase	1
AG-337-I11	CBASS_type_Iis	1
AG-337-I11	RM_type_II	1
AG-337-I20	RM_type_II	1
AG-359-F04	dGTPase	1
AG-359-F04	Viperin_solo	1
AG-439-F15	dGTPase	1
AG-457-M22	dGTPase	1
AG-905-C17	Druantia_other	1
AG-905-C17	Cas_type_other	1
AG-439-F07	RM_type_II	1
AG-430-A11	dGTPase	1
AG-319-F14	RM_type_II	1
AG-439-A08	dGTPase	1
AG-426-P20	dGTPase	1
AG-426-P20	RM_type_II	1
AG-901-I21	dGTPase	1
AG-901-I21	RM_type_II	1
AG-891-E17	Zorya_other	1
AG-896-F14	dGTPase	1
AG-896-M21	RM_type_II	1
AG-349-C14	dGTPase	1
AG-430-I02	RM_type_II	1
AG-439-F03	dGTPase	1
AG-390-L08	RM_type_II	1
AG-390-L08	Zorya_other	1
AG-426-B06	Zorya_other	1
AG-426-B06	dGTPase	1
AG-910-B17	RM_type_II	1
AG-319-P07	RM_type_II	1
AG-325-E20	dGTPase	1
AG-325-E20	RM_type_II	1
AG-439-F13	RM_type_II	1
AG-447-I11	dGTPase	1
AG-447-I11	RM_type_II	1
AG-404-G08	Mza	1
AG-435-I06	RM_type_II	1
AG-447-C19	Pycsar_unknown	1
AG-891-M18	RM_type_II	1
AG-913-O16	RM_type_II	1
AG-904-K16	RM_type_II	1
AG-911-J03	RM_type_II	1
AG-911-A02	RM_type_II	1
AG-911-A02	dGTPase	1
AG-911-B05	dGTPase	1
AG-913-G13	Mza	1
AG-410-K05	dGTPase	1
AG-410-K05	RM_type_II	1
AG-457-M14	RM_type_II	1
AG-457-M14	dGTPase	1
AG-898-A06	dGTPase	1
AG-900-L08	RM_type_II	1
AG-900-L08	dGTPase	1
AG-426-C22	dGTPase	1
AG-904-B19	dGTPase	1
AG-904-B19	RM_type_II	1
AG-909-J20	dGTPase	1
AG-915-M14	Zorya_other	1
AG-892-I03	dGTPase	1
AG-892-I03	RM_type_II	1
AG-910-B22	RM_type_II	1
AG-453-K15	dGTPase	1
AG-453-K15	RM_type_II	2
AG-893-G20	Zorya_other	1
AG-894-O19	dGTPase	1
AG-894-O19	RM_type_II	1
AG-919-A20	dGTPase	1
AG-919-I23	dGTPase	1
AH-321-F19	dGTPase	1
AG-894-O04	RM_type_II	1
AG-896-F06	RM_type_II	1
AG-896-F06	dGTPase	1
AG-899-G02	dGTPase	1
AG-899-G02	RM_type_II	1
AG-912-I05	RM_type_II	1
AG-426-L03	dGTPase	1
AG-439-L10	RM_type_II	1
AG-914-L20	RM_type_II	1
AG-897-G09	RM_type_II	1
AG-897-G09	dGTPase	1
AG-899-G20	dGTPase	1
AG-899-N03	RM_type_II	1
AG-912-G22	dGTPase	1
AG-912-G22	RM_type_II	1
AG-912-P11	RM_type_II	1
AG-900-E05	RM_type_II	1
AG-917-O14	Mza	1
AG-917-P03	dGTPase	1
AG-910-A22	RM_type_II	1
AG-910-A22	dGTPase	1
AG-912-O16	RM_type_II	1
AG-914-F19	RM_type_II	2
AG-914-F18	RM_type_II	1
AG-914-F23	Zorya_other	1
AG-910-A21	RM_type_II	1
AG-447-M03	RM_type_II	1
AG-447-M05	RM_type_II	1
AG-447-M05	dGTPase	1
AG-911-A10	RM_type_II	1
AG-911-A10	dGTPase	1
AG-912-O21	RM_type_II	1
AG-920-A02	dGTPase	1
AG-920-A01	dGTPase	1
AG-920-A01	RM_type_II	1
AG-337-E15	RM_type_II	1
AG-337-O03	dGTPase	1
AG-337-O03	RM_type_II	1
AG-343-F07	RM_type_II	1
AG-343-F07	dGTPase	1
AG-916-C11	dGTPase	1
AG-916-C11	RM_type_II	1
AG-325-P18	RM_type_II	1
AG-325-P18	dGTPase	1
AG-333-K14	RM_type_II	1
AG-337-N10	dGTPase	1
AG-912-O20	dGTPase	1
AG-430-A10	RM_type_II	2
AG-430-A10	dGTPase	1
AG-893-C04	dGTPase	1
AG-917-P14	RM_type_II	1
AG-917-P14	dGTPase	1
AH-287-E09	dGTPase	1
AH-321-N05	RM_type_II	1
AH-324-L16	RM_type_II	1
AH-324-M18	dGTPase	1
AG-325-K09	dGTPase	1
AG-333-O05	RM_type_II	1
AG-343-F10	Zorya_other	1
AG-349-G19	RM_type_II	1
AG-349-G19	dGTPase	1
AG-360-F10	RM_type_II	1
AG-360-F10	dGTPase	1
AG-470-I18	RM_type_IV	1
AG-916-C10	RM_type_II	1
AG-916-C10	Zorya_other	1
AG-916-C10	Pycsar_unknown	1
AG-917-B08	dGTPase	1
AG-917-B08	RM_type_II	1
AG-917-I20	RM_type_II	1
AG-919-O08	RM_type_II	1
AG-919-O08	dGTPase	1
AG-917-P01	RM_type_II	1
AG-920-I10	RM_type_II	1
AG-911-G05	RM_type_II	1
AG-911-G05	dGTPase	1
AG-911-I18	RM_type_II	1
AG-422-D23	RM_type_II	2
AG-422-D23	dGTPase	1
AG-891-P22	PbeABCD	1
AG-893-M03	dGTPase	1
AG-895-E17	RM_type_II	1
AG-919-I13	RM_type_II	1
AG-337-N08	dGTPase	1
AG-337-P21	dGTPase	1
AG-913-O18	RM_type_II	1
AG-916-C04	RM_type_II	1
AH-321-A13	dGTPase	1
AG-435-K15	RM_type_II	1
AG-447-G20	RM_type_II	1
AG-901-O20	dGTPase	1
AG-343-L11	RM_type_II	1
AG-916-P23	RM_type_II	1
AG-916-P23	dGTPase	1
AG-920-I17	RM_type_IV	1
AH-326-N18	RM_type_II	1
AG-349-A22	dGTPase	1
AG-349-A22	RM_type_II	1
AG-905-C06	dGTPase	1
AG-905-C06	RM_type_II	1
AH-287-E03	dGTPase	1
AH-324-D13	Mza	1
AG-343-E13	RM_type_II	1
AG-343-E17	RM_type_II	1
AG-343-L18	dGTPase	1
AG-325-F05	dGTPase	1
AG-426-A16	dGTPase	1
AG-337-N04	RM_type_II	1
AG-360-E07	dGTPase	1
AH-326-N10	Mza	1
AG-319-A01	Pycsar_unknown	1
AG-362-A16	dGTPase	1
AG-365-E14	dGTPase	1
AG-414-L17	RM_type_II	1
AG-891-A01	dGTPase	1
AG-891-A01	RM_type_II	1
AG-325-P08	dGTPase	1
AG-901-P13	RM_type_II	1
AG-426-K09	RM_type_II	1
AG-435-L05	dGTPase	1
AG-447-G21	RM_type_II	1
AG-337-E14	Zorya_other	1
AG-337-E14	Pycsar_unknown	1
AG-349-G20	Zorya_other	1
AG-349-G20	dGTPase	1
AG-365-E17	RM_type_II	1
AG-365-E21	RM_type_II	1
AG-457-F17	RM_type_II	1
AG-894-M05	RM_type_II	1
AG-894-M05	dGTPase	1
AG-359-N03	dGTPase	1
AG-359-N03	RM_type_II	1
AG-404-L17	dGTPase	1
AG-894-M18	RM_type_II	1
AG-894-M23	RM_type_II	1
AG-435-A20	RM_type_II	2
AG-905-M07	dGTPase	1
AG-907-D18	Mza	1
AG-909-D09	dGTPase	1
AG-909-D09	RM_type_II	1
AG-909-N10	RM_type_II	1
AG-909-N10	dGTPase	1
AG-910-E18	dGTPase	1
AG-365-E13	dGTPase	1
AG-916-A21	dGTPase	1
AG-916-A21	RM_type_II	1
AG-920-O16	RM_type_II	1
AG-422-E02	dGTPase	1
AG-422-E02	Zorya_other	1
AG-430-J04	dGTPase	1
AG-430-J04	RM_type_II	1
AG-390-I15	RM_type_II	1
AG-390-I15	dGTPase	1
AG-422-L15	dGTPase	1
AG-457-F15	dGTPase	2
AG-457-F15	RM_type_II	1
AG-439-L09	dGTPase	1
AG-447-G18	Viperin_solo	1
AG-457-O16	RM_type_II	1
AG-319-F02	PbeABCD	1
AG-891-J06	RM_type_II	1
AG-892-B11	RM_type_II	1
AG-892-B11	dGTPase	1
AG-464-L20	dGTPase	1
AG-430-A02	RM_type_II	1
AG-453-B15	Mza	1
AG-464-M02	Mza_other	1
AG-899-K02	RM_type_II	1
AG-899-K02	dGTPase	1
AG-903-F16	dGTPase	1
AG-895-D11	Druantia_other	1
AG-913-J04	dGTPase	1
AG-899-J19	Zorya_other	1
AG-899-J19	dGTPase	1
AG-900-A21	Viperin_solo	1
AG-917-A09	RM_type_II	1
AG-917-A09	dGTPase	1
AG-919-D16	RM_type_II	1
AG-919-D16	dGTPase	1
AG-349-C22	RM_type_II	1
AG-913-J21	dGTPase	1
AG-913-J21	RM_type_II	1
AG-914-J10	dGTPase	1
AG-895-L21	dGTPase	1
AG-895-L21	RM_type_II	1
AG-899-B05	RM_type_II	1
AG-899-B05	dGTPase	1
AG-899-J23	RM_type_II	1
AG-903-F19	dGTPase	1
AG-904-K04	RM_type_II	1
AG-909-D07	Cas_type_other	1
AG-911-E14	dGTPase	1
AG-892-B19	RM_type_II	2
AG-461-D05	Cas_type_other	1
AH-287-P08	Zorya_other	1
AG-894-C21	RM_type_II	1
AG-904-B09	dGTPase	1
AG-905-B22	RM_type_II	1
AG-905-C04	dGTPase	1
AG-893-M22	RM_type_II	1
AG-893-M22	dGTPase	1
AG-895-D09	dGTPase	1
AG-896-E15	dGTPase	1
AG-896-E15	RM_type_II	2
AG-896-N07	RM_type_II	1
AG-909-D16	dGTPase	1
AG-909-D16	RM_type_II	1
AG-910-N04	RM_type_II	1
AH-287-K07	Zorya_other	1
AH-287-K07	RM_type_IV	1
AG-907-L10	RM_type_II	1
AG-912-F21	RM_type_II	1
AG-911-M11	RM_type_II	1
AG-911-M11	dGTPase	1
AG-912-G11	dGTPase	1
AG-435-L23	dGTPase	1
AG-447-E23	RM_type_II	1
AG-461-L15	dGTPase	1
AG-898-K13	dGTPase	1
AG-900-G22	RM_type_II	1
AG-910-M23	RM_type_II	1
AG-914-I16	RM_type_II	1
AG-914-I16	dGTPase	1
AG-916-J04	RM_type_II	1
AG-904-B07	RM_type_II	1
AG-904-K03	RM_type_II	1
AG-907-D05	dGTPase	1
AG-908-N09	RM_type_II	1
AG-909-D15	Cas_adaptation	1
AH-326-C09	RM_type_II	1
AH-326-C09	dGTPase	1
AG-917-O11	RM_type_II	1
AG-917-O11	dGTPase	1
AH-324-E10	RM_type_II	1
AG-920-O15	dGTPase	1
AG-920-O20	dGTPase	1
AH-287-J23	PbeABCD	1
AG-909-N06	RM_type_II	1
AG-909-N06	dGTPase	1
AG-910-F03	RM_type_II	1
AG-911-D23	dGTPase	1
AG-911-E02	RM_type_II	1
AG-911-E02	dGTPase	1
AG-919-D14	RM_type_II	1
AG-919-D14	dGTPase	1
AH-287-K04	dGTPase	1
AH-287-K04	RM_type_II	1
AG-916-B06	RM_type_II	1
AG-917-G06	RM_type_II	1
AG-457-N18	RM_type_II	1
AG-916-P05	dGTPase	1
AH-321-F16	dGTPase	1
AH-321-F16	RM_type_II	1
AG-365-B05	RM_type_II	1
AG-911-L20	Zorya_other	1
AG-911-L20	RM_type_II	1
AG-911-L20	dGTPase	1
AG-914-I15	RM_type_II	1
AG-914-I17	Zorya_other	1
AG-914-I17	dGTPase	1
AG-404-O18	dGTPase	1
AG-914-P16	RM_type_II	1
AG-337-C08	RM_type_II	1
AG-325-A10	dGTPase	1
AG-325-B04	Zorya_other	1
AG-365-A19	RM_type_II	1
AG-404-E02	dGTPase	1
AG-404-E02	RM_type_II	1
AG-414-G13	Druantia_type_IV	1
AG-414-G13	RM_type_II	1
AG-414-G13	Druantia_other	1
AG-422-J20	RM_type_II	1
AG-422-J20	dGTPase	1
AG-426-P13	Dnd_ABCDE	1
AG-891-I13	RM_type_II	2
AG-891-I13	dGTPase	1
AG-365-K11	dGTPase	1
AG-457-I23	Mza_other	1
AG-904-F16	RM_type_II	1
AG-917-G23	RM_type_II	1
AG-917-G23	dGTPase	1
AG-343-M03	dGTPase	1
AG-325-F13	RM_type_II	1
AG-325-F15	RM_type_II	1
AH-321-A05	dGTPase	1
AG-910-A06	dGTPase	1
AG-333-G20	RM_type_II	1
AG-912-F15	dGTPase	1
AG-912-F15	RM_type_II	1
AG-337-C13	RM_type_II	1
AG-365-K22	RM_type_II	1
AG-453-B06	dGTPase	1
AG-919-N15	PbeABCD	1
AG-470-A17	Mza_other	1
AG-897-I21	Dnd_ABCDE	1
AG-897-I21	PbeABCD	1
AG-365-K21	RM_type_II	1
AG-365-K21	dGTPase	1
AG-410-N23	RM_type_II	1
AG-410-N23	dGTPase	1
AG-359-I14	RM_type_II	1
AG-390-O06	RM_type_II	1
AG-325-L19	RM_type_II	1
AG-333-I22	Mza_other	1
AG-896-B07	dGTPase	1
AG-325-L13	dGTPase	1
AG-349-C15	RM_type_II	1
AG-365-B06	RM_type_II	1
AG-359-I17	RM_type_II	1
AG-359-I20	dGTPase	1
AG-359-I20	RM_type_II	1
AG-917-F02	Cas_type_other	1
AG-325-M05	dGTPase	1
AG-349-O21	RM_type_II	1
AG-349-O21	dGTPase	1
AG-422-B23	dGTPase	1
AG-422-B23	RM_type_II	1
AG-422-J14	dGTPase	1
AG-898-J19	dGTPase	1
AG-365-M14	dGTPase	1
AG-430-A15	RM_type_II	1
AG-435-D16	dGTPase	1
AG-426-I13	dGTPase	1
AG-430-A09	dGTPase	1
AG-911-L10	Mza_other	1
AG-913-K21	dGTPase	1
AG-913-K21	RM_type_II	1
AG-390-G08	dGTPase	1
AG-390-G08	RM_type_II	1
AG-894-G14	dGTPase	1
AG-899-L08	Zorya_other	1
AG-439-E16	Pycsar_unknown	1
AG-439-F02	dGTPase	1
AG-414-G03	RM_type_II	1
AG-414-G03	dGTPase	1
AG-422-J16	dGTPase	1
AG-422-J16	Zorya_other	1
AG-461-E05	RM_type_II	1
AG-461-E05	dGTPase	1
AG-461-E04	dGTPase	1
AG-461-E04	RM_type_II	1
AG-919-N20	RM_type_II	1
AH-287-F23	dGTPase	1
AG-464-I02	dGTPase	1
AG-898-F04	RM_type_II	1
AH-287-I11	dGTPase	1
AG-899-C03	Pycsar_unknown	1
AG-899-C03	RM_type_II	1
AG-904-C06	RM_type_II	1
AG-897-P16	dGTPase	1
AG-897-E21	Zorya_other	1
AG-908-J11	RM_type_II	1
AG-908-J19	RM_type_II	1
AG-893-J21	RM_type_II	1
AG-893-J21	dGTPase	1
AG-917-E07	RM_type_II	1
AG-917-E07	dGTPase	1
AG-917-E14	dGTPase	1
AG-917-E14	RM_type_II	1
AG-911-G13	RM_type_II	1
AG-911-G13	dGTPase	1
AG-911-I16	dGTPase	1
AG-911-I16	RM_type_II	1
AG-390-N13	RM_type_II	1
AG-325-N17	RM_type_II	1
AG-918-L20	RM_type_II	1
AG-918-L20	dGTPase	1
AG-893-C16	RM_type_II	1
AG-894-F10	dGTPase	1
AG-896-O07	RM_type_II	1
AG-911-M05	dGTPase	1
AG-911-M08	RM_type_II	1
AG-915-N15	RM_type_II	1
AG-915-N15	dGTPase	1
AG-896-I04	dGTPase	1
AG-896-I04	RM_type_II	1
AG-899-C16	RM_type_II	1
AG-899-C16	dGTPase	1
AG-905-A10	dGTPase	1
AG-905-A10	RM_type_II	1
AG-892-D14	Pycsar_unknown	1
AG-892-D14	Dpd	1
AG-893-J20	RM_type_II	1
AG-897-O14	dGTPase	1
AG-439-O22	Pycsar_unknown	1
AG-896-A16	RM_type_II	2
AG-896-M10	Mza	1
AG-897-D18	dGTPase	1
AG-907-E21	dGTPase	1
AG-907-E21	RM_type_II	1
AG-910-D07	RM_type_II	1
AG-910-D07	dGTPase	1
AG-903-N07	Mza	1
AH-324-N17	RM_type_II	1
AG-325-D20	dGTPase	1
AG-390-E05	dGTPase	1
AG-910-J20	RM_type_II	1
AG-912-D13	dGTPase	1
AG-912-D13	RM_type_II	1
AG-912-D10	dGTPase	1
AG-912-D10	RM_type_II	1
AG-914-F06	dGTPase	1
AG-899-C14	RM_type_II	1
AG-901-A06	Zorya_other	1
AG-905-O08	dGTPase	1
AG-905-O08	RM_type_II	1
AG-908-K15	RM_type_II	1
AG-908-K15	dGTPase	1
AG-918-C10	RM_type_II	1
AG-909-G06	dGTPase	1
AG-390-I22	dGTPase	1
AG-390-J11	RM_type_II	1
AG-915-A06	RM_type_II	1
AG-919-B18	AbiU	1
AG-919-B18	dGTPase	1
AG-912-P16	RM_type_II	1
AG-912-P16	dGTPase	1
AG-913-I22	RM_type_II	1
AG-913-I22	dGTPase	1
AG-915-A13	PbeABCD	1
AG-917-E11	DRT_other	1
AG-917-K06	RM_type_II	1
AG-917-K06	dGTPase	1
AG-918-C13	RM_type_II	1
AG-918-C11	Druantia_other	1
AG-337-E07	dGTPase	1
AG-337-E07	RM_type_II	1
AG-916-M15	dGTPase	1
AG-916-M15	RM_type_II	1
AH-324-L08	RM_type_II	1
AG-911-M18	Zorya_other	1
AG-911-M18	RM_type_II	1
AG-917-N02	RM_type_II	1
AG-917-N02	dGTPase	1
AG-920-K18	RM_type_II	1
AG-447-O14	RM_type_II	1
AG-360-A23	dGTPase	1
AG-360-A23	RM_type_II	1
AG-439-G19	dGTPase	1
AG-896-F02	RM_type_II	1
AG-422-E20	RM_type_II	1
AG-422-E20	dGTPase	1
AG-390-K20	RM_type_II	1
AH-287-E17	RM_type_II	2
AH-287-E17	dGTPase	1
AG-457-I22	RM_type_II	1
AG-470-M17	dGTPase	1
AG-894-L03	dGTPase	1
AG-895-B06	RM_type_II	1
AG-897-K15	RM_type_II	1
AG-910-E20	dGTPase	1
AG-910-E20	RM_type_II	1
AG-912-B21	dGTPase	1
AG-918-G15	dGTPase	1
AG-919-K16	RM_type_II	1
AH-321-I22	RM_type_II	1
AH-321-I23	RM_type_II	1
AH-321-I23	dGTPase	1
AG-898-P11	dGTPase	1
AG-898-P11	Hma	1
AG-349-M03	dGTPase	1
AG-349-M03	RM_type_II	1
AG-426-L09	RM_type_II	1
AG-430-N21	Cas_type_other	1
AG-903-P13	Hma	1
AG-910-E23	dGTPase	1
AG-426-O18	dGTPase	1
AG-893-E02	Mza	1
AG-447-L04	RM_type_II	1
AG-903-O22	RM_type_II	1
AG-903-P01	RM_type_II	1
AG-917-D14	dGTPase	1
AG-917-D14	RM_type_II	1
AG-919-O05	RM_type_II	1
AG-904-M13	dGTPase	1
AG-903-P05	RM_type_II	1
AG-903-P05	Zorya_other	1
AG-911-J21	Mza_other	1
AG-911-J21	dGTPase	1
AG-915-P01	dGTPase	1
AG-901-L04	dGTPase	1
AG-891-O14	RM_type_II	1
AG-447-K02	dGTPase	1
AG-895-G15	RM_type_II	1
AG-895-G15	dGTPase	1
AG-901-F03	RM_type_II	1
AG-905-F03	Zorya_other	1
AG-343-M16	RM_type_II	1
AG-343-M16	dGTPase	1
AG-910-E02	dGTPase	1
AG-914-I04	RM_type_II	1
AG-901-J22	Zorya_other	1
AG-901-J22	RM_type_II	1
AG-908-E03	RM_type_II	1
AG-913-K22	dGTPase	1
AG-430-P03	RM_type_II	1
AG-430-P03	dGTPase	1
AG-891-A20	RM_type_II	1
AG-911-K05	RM_type_II	1
AG-913-M20	dGTPase	1
AH-324-O06	dGTPase	1
AG-390-K05	dGTPase	1
AG-390-K05	RM_type_II	1
AG-390-K05	Mza_other	1
AG-426-L19	RM_type_II	1
AG-426-L19	dGTPase	1
AH-324-M09	dGTPase	1
AG-319-J18	RM_type_II	1
AG-325-J17	dGTPase	1
AG-917-D09	RM_type_II	1
AH-287-E19	dGTPase	1
AG-904-B21	dGTPase	1
AH-324-L09	RM_type_II	1
AG-390-P17	dGTPase	1
AG-422-N14	RM_type_II	1
AG-430-K10	dGTPase	1
AG-447-J20	dGTPase	1
AG-457-A05	dGTPase	1
AG-901-K05	dGTPase	1
AG-901-K05	RM_type_II	1
AG-916-M11	RM_type_II	1
AG-905-K11	RM_type_II	1
AH-321-J06	dGTPase	1
AG-913-L08	RM_type_II	1
AG-915-C05	RM_type_II	1
AG-891-L21	dGTPase	1
AG-891-L21	RM_type_II	1
AG-918-G14	RM_type_II	1
AG-447-L07	dGTPase	1
AG-897-C02	RM_type_II	1
AG-892-N06	RM_type_II	1
AG-903-J17	RM_type_II	1
AG-918-G06	RM_type_II	1
AG-918-G06	dGTPase	1
AG-319-N23	RM_type_II	1
AG-319-N23	dGTPase	1
AG-908-D18	RM_type_II	1
AG-900-G11	RM_type_II	1
AG-918-G13	RM_type_II	1
AG-365-F10	dGTPase	1
AG-365-F10	RM_type_II	1
AG-333-E23	RM_type_II	1
AG-439-D12	dGTPase	1
AG-904-M14	RM_type_II	1
AG-343-B21	RM_type_II	1
AG-911-B23	RM_type_II	1
AH-324-O05	RM_type_II	1
AG-422-E09	RM_type_II	1
AG-422-E09	dGTPase	1
AG-426-P08	RM_type_II	2
AG-319-N20	Pycsar_unknown	1
AG-359-L07	RM_type_II	1
AG-909-G11	Pycsar_unknown	1
AG-909-G11	RM_type_II	1
AG-911-B18	dGTPase	1
AG-915-D08	RM_type_II	1
AG-915-D08	dGTPase	1
AG-919-K20	dGTPase	1
AG-919-O02	dGTPase	1
AG-919-O02	RM_type_II	1
AG-319-N21	dGTPase	1
AG-430-I18	RM_type_II	1
AG-430-I18	dGTPase	1
AG-900-K23	RM_type_II	1
AG-892-L05	dGTPase	1
AG-893-P07	RM_type_II	1
AG-893-P07	dGTPase	1
AG-410-I16	RM_type_II	1
AG-893-P05	Zorya_other	1
AG-910-M02	RM_type_II	1
AG-913-N07	RM_type_II	1
AG-901-J20	dGTPase	1
AG-362-O23	RM_type_II	1
AG-362-O23	dGTPase	1
AG-903-D03	dGTPase	1
AG-908-I21	RM_type_II	1
AG-910-J06	RM_type_II	1
AG-909-O21	RM_type_II	1
AG-912-B06	RM_type_II	1
AG-912-B06	dGTPase	1
AG-914-O15	Druantia_other	2
AG-914-O15	RM_type_II	1
AG-920-F20	dGTPase	1
AG-898-P13	RM_type_II	1
AG-898-P13	dGTPase	1
AG-430-A20	RM_type_II	1
AG-895-G19	RM_type_II	1
AG-911-I04	RM_type_II	1
AG-918-J09	RM_type_II	1
AG-422-N15	RM_type_II	1
AG-422-N15	dGTPase	1
AG-435-N03	RM_type_II	1
AG-359-L13	RM_type_II	1
AG-359-L13	dGTPase	1
AG-439-L18	RM_type_II	1
AG-457-K21	dGTPase	1
AG-365-G15	dGTPase	1
AG-907-L11	Wadjet_other	1
AG-920-C13	RM_type_II	1
AG-907-J15	dGTPase	1
AG-907-J15	RM_type_II	1
AG-470-G19	Pycsar_unknown	1
AG-365-G16	RM_type_II	1
AG-365-I20	RM_type_II	1
AG-422-P06	RM_type_II	1
AG-903-D04	RM_type_II	1
AG-470-I23	RM_type_II	1
AG-903-C20	RM_type_II	1
AG-907-J14	RM_type_II	1
AG-359-E10	RM_type_II	1
AG-359-E10	dGTPase	1
AG-470-P06	RM_type_II	1
AG-435-N04	RM_type_II	1
AG-461-G07	RM_type_II	1
AG-914-O14	dGTPase	1
AG-916-N07	dGTPase	1
AG-360-O20	Mza	1
AG-360-O20	dGTPase	1
AG-410-L10	RM_type_II	1
AG-891-M02	dGTPase	1
AG-905-O09	RM_type_II	1
AG-918-I15	dGTPase	1
AG-918-I15	RM_type_II	1
AG-360-A05	RM_type_II	1
AG-915-B23	dGTPase	1
AG-915-B23	RM_type_II	1
AG-918-I10	RM_type_II	1
AH-287-J02	dGTPase	1
AH-287-J02	RM_type_II	1
AG-325-K19	dGTPase	1
AG-918-I11	RM_type_II	2
AG-414-E10	DRT_other	1
AG-447-L08	RM_type_II	1
AG-319-O14	dGTPase	1
AG-917-N15	dGTPase	1
AG-917-N15	RM_type_II	1
AG-365-F17	Zorya_other	1
AG-893-J11	Zorya_other	1
AG-919-K05	RM_type_II	1
AH-326-E19	dGTPase	1
AH-326-E19	RM_type_II	1
AG-916-L09	RM_type_II	1
AG-435-K08	RM_type_II	1
AG-896-J04	Cas_type_other	1
AG-898-G02	RM_type_II	1
AG-898-G02	Pycsar_unknown	2
AG-900-B07	Pycsar_unknown	1
AG-900-B07	RM_type_II	1
AG-910-M08	RM_type_II	1
AG-447-P19	RM_type_II	1
AG-447-P19	dGTPase	1
AG-461-P14	dGTPase	1
AG-461-P14	RM_type_II	1
AG-461-O21	RM_type_II	1
AG-337-I13	RM_type_II	1
AG-337-I13	dGTPase	1
AG-896-J03	dGTPase	1
AG-414-N07	RM_type_II	1
AG-430-B08	RM_type_II	1
AG-470-C08	RM_type_IV	1
AG-896-I18	RM_type_II	1
AG-453-B02	dGTPase	1
AG-453-B02	RM_type_II	1
AG-908-I20	RM_type_II	1
AG-896-P19	RM_type_II	1
AG-896-P19	dGTPase	1
AG-900-M14	RM_type_II	1
AG-900-M14	dGTPase	1
AG-900-M23	dGTPase	1
AG-453-B10	RM_type_II	1
AG-453-B10	dGTPase	1
AG-904-L03	dGTPase	1
AG-897-C05	RM_type_II	1
AG-899-G16	RM_type_II	1
AG-910-D20	dGTPase	1
AG-909-O15	RM_type_II	1
AG-909-O15	dGTPase	1
AG-909-O17	Zorya_other	1
AH-324-I07	dGTPase	1
AG-908-O07	RM_type_II	1
AG-410-L19	dGTPase	1
AG-892-N17	RM_type_II	1
AG-898-F20	dGTPase	1
AG-390-L03	RM_type_II	1
AG-390-L03	dGTPase	1
AG-464-P20	RM_type_II	1
AG-333-F08	dGTPase	1
AG-430-F10	RM_type_II	1
AG-430-F16	RM_type_II	1
AG-430-F16	dGTPase	1
AG-422-B03	dGTPase	1
AG-908-N22	dGTPase	1
AG-908-N22	RM_type_II	1
AG-349-B18	Mza_other	1
AG-457-I20	dGTPase	1
AG-917-A22	RM_type_II	1
AG-313-N20	RM_type_II	1
AG-313-N20	dGTPase	1
AH-287-I19	dGTPase	1
AH-321-M08	RM_type_II	1
AH-321-O10	dGTPase	1
AH-321-O10	RM_type_II	1
AG-333-F23	Cas_type_other	1
AG-333-F23	RM_type_IV	1
AG-359-E20	RM_type_II	1
AG-464-C04	Pycsar_unknown	1
AG-464-K18	RM_type_II	1
AG-464-K18	dGTPase	1
AG-899-J03	dGTPase	1
AG-919-K06	RM_type_II	1
AG-908-O05	dGTPase	1
AG-908-P13	dGTPase	1
AG-457-J14	RM_type_II	1
AG-908-O13	RM_type_II	1
AH-287-O15	Pycsar_unknown	1
AG-337-A14	RM_type_II	1
AG-903-F04	dGTPase	1
AG-903-F04	RM_type_II	1
AG-319-C10	dGTPase	1
AG-414-M22	RM_type_II	1
AG-464-F06	dGTPase	1
AG-893-B07	RM_type_II	1
AG-893-B07	dGTPase	1
AG-913-O07	RM_type_II	1
AG-913-O07	dGTPase	1
AG-892-P09	RM_type_II	1
AG-470-D15	dGTPase	1
AG-912-C16	RM_type_II	1
AG-917-K10	RM_type_II	1
AG-917-K10	dGTPase	1
AH-287-K18	RM_type_II	1
AH-287-K18	dGTPase	1
AG-470-E13	RM_type_II	1
AG-349-E20	dGTPase	1
AH-326-N06	dGTPase	1
AG-904-G21	RM_type_II	1
AG-904-G21	dGTPase	1
AG-905-G23	dGTPase	1
AG-908-E09	RM_type_II	1
AG-910-M19	dGTPase	1
AG-910-M19	RM_type_II	1
AG-447-K17	dGTPase	1
AG-891-I22	dGTPase	1
AG-891-K23	dGTPase	1
AG-894-A09	RM_type_II	1
AG-894-O20	dGTPase	1
AG-895-L15	RM_type_II	1
AG-464-G04	dGTPase	1
AG-894-A11	dGTPase	1
AG-894-A11	RM_type_II	1
AG-916-J06	RM_type_II	1
AG-919-N14	RM_type_II	1
AG-414-F13	RM_type_II	1
AG-461-J22	dGTPase	1
AG-919-N08	RM_type_II	1
AG-337-O13	RM_type_II	1
AG-349-L04	dGTPase	1
AG-349-L04	RM_type_II	1
AG-904-J10	dGTPase	1
AG-404-P09	dGTPase	1
AG-337-B10	RM_type_II	1
AG-910-M21	RM_type_II	1
AG-325-O16	RM_type_II	1
AG-912-D17	RM_type_II	2
AG-912-D17	dGTPase	1
AG-914-A07	dGTPase	1
AG-470-G21	RM_type_II	1
AG-894-A10	RM_type_II	1
AG-894-A10	dGTPase	1
AG-896-K23	dGTPase	1
AG-430-O09	RM_type_II	1
AG-359-G17	RM_type_II	1
AG-359-G17	dGTPase	1
AG-917-C20	dGTPase	1
AG-892-F07	RM_type_II	1
AG-892-F07	Pycsar_unknown	1
AG-365-K08	dGTPase	1
AG-915-K07	dGTPase	1
AG-916-I16	dGTPase	1
AG-916-I16	RM_type_II	1
AG-908-D17	RM_type_II	1
AG-915-F08	RM_type_II	1
AG-337-O14	RM_type_II	1
AG-343-L13	RM_type_II	1
AG-359-P21	RM_type_II	1
AG-359-P21	dGTPase	1
AG-404-B14	RM_type_II	1
AG-404-B14	dGTPase	1
AG-404-P20	dGTPase	1
AG-430-N23	RM_type_II	1
AG-453-F05	dGTPase	1
AG-919-N16	dGTPase	1
AH-287-K21	Zorya_other	1
AH-326-B11	Zorya_other	1
AH-326-B11	dGTPase	1
AG-908-D04	RM_type_II	1
AG-912-L14	RM_type_II	1
AG-916-C14	dGTPase	1
AG-435-M21	RM_type_II	1
AG-333-A04	dGTPase	1
AG-904-C11	Pycsar_unknown	1
AG-904-C11	RM_type_II	1
AG-404-A11	RM_type_II	1
AG-343-L10	Pycsar_unknown	1
AG-426-E04	dGTPase	1
AG-439-P04	RM_type_II	1
AG-426-E19	PbeABCD	1
AG-461-J16	Mza_other	1
AG-461-J16	dGTPase	1
AG-908-I06	dGTPase	1
AG-913-M18	Zorya_other	1
AG-913-M18	Pycsar_unknown	1
AG-913-M18	dGTPase	1
AG-918-A19	RM_type_II	1
AG-894-A03	RM_type_II	1
AG-894-A03	dGTPase	1
AH-321-B23	RM_type_II	1
AG-901-B17	dGTPase	1
AG-907-B17	RM_type_II	1
AG-464-K06	RM_type_II	1
AG-892-E23	Mza_other	1
AG-426-E05	RM_type_II	1
AG-439-N06	Mza_other	1
AG-904-P13	RM_type_II	1
AG-907-B09	RM_type_II	1
AG-447-E05	RM_type_II	1
AH-321-I19	dGTPase	1
AG-410-F03	dGTPase	1
AG-447-L02	RM_type_II	1
AG-464-J21	RM_type_II	1
AG-464-J21	dGTPase	1
AG-894-N22	dGTPase	1
AG-426-F10	RM_type_II	1
AG-426-F10	dGTPase	1
AG-899-J15	dGTPase	1
AG-899-J15	Zorya_other	1
AG-912-L11	dGTPase	1
AG-914-J20	dGTPase	1
AG-914-J20	RM_type_II	1
AG-422-G10	RM_type_II	1
AG-908-D13	dGTPase	1
AG-337-C07	RM_type_II	1
AG-337-C07	dGTPase	1
AG-390-C10	dGTPase	1
AG-390-C10	RM_type_II	1
AG-464-J03	RM_type_II	1
AG-916-B15	dGTPase	1
AG-916-B15	RM_type_II	1
AG-905-G03	Zorya_other	1
AG-903-C06	dGTPase	1
AG-903-A22	Zorya_other	1
AG-903-A22	dGTPase	1
AG-903-A20	dGTPase	1
AG-903-A20	Zorya_other	1
AG-313-O17	dGTPase	1
AG-319-L20	dGTPase	1
AG-909-I23	dGTPase	1
AG-904-P08	dGTPase	1
AG-904-P08	RM_type_II	1
AG-907-B16	RM_type_II	1
AG-360-B02	RM_type_II	1
AG-360-B02	dGTPase	1
AG-915-E10	RM_type_II	1
AG-916-D16	RM_type_II	1
AG-916-D16	dGTPase	1
AG-918-A11	dGTPase	1
AG-453-A17	dGTPase	1
AG-325-D02	RM_type_II	1
AG-325-D02	dGTPase	1
AG-325-E02	RM_type_II	3
AG-325-O19	RM_type_II	1
AG-905-D04	Zorya_other	1
AG-905-D04	Pycsar_unknown	1
AG-910-B05	dGTPase	1
AG-910-B05	RM_type_II	1
AG-911-L11	dGTPase	1
AG-337-O16	RM_type_II	1
AG-404-M10	dGTPase	1
AG-914-I03	dGTPase	1
AG-914-I03	RM_type_II	1
AG-916-B11	RM_type_II	1
AG-916-B11	dGTPase	1
AG-414-I02	Dnd_ABCDE	1
AG-359-A03	Cas_type_other	1
AG-422-J09	dGTPase	1
AG-426-M19	dGTPase	1
AG-426-M19	RM_type_II	1
AG-918-B08	dGTPase	1
AG-918-B08	RM_type_II	1
AG-918-B02	PbeABCD	1
AG-919-N17	dGTPase	1
AG-919-N17	RM_type_II	2
AG-430-F02	dGTPase	1
AG-447-P22	dGTPase	1
AG-453-N09	dGTPase	1
AG-915-B20	RM_type_II	1
AG-349-P21	RM_type_II	1
AG-349-P13	RM_type_II	1
AG-898-I03	Zorya_other	1
AG-337-D05	dGTPase	1
AG-337-D05	RM_type_II	1
AG-904-B17	dGTPase	1
AG-904-B17	RM_type_II	1
AG-910-I11	Zorya_other	1
AG-439-D13	dGTPase	1
AG-439-D13	RM_type_II	1
AG-337-G05	RM_type_II	1
AG-337-G05	dGTPase	1
AG-390-M17	RM_type_II	1
AG-453-A22	dGTPase	1
AG-453-A22	RM_type_II	1
AG-464-J02	dGTPase	1
AG-464-J02	RM_type_II	1
AG-893-G06	RM_type_II	1
AG-893-G06	dGTPase	1
AG-325-O18	Zorya_other	1
AG-349-L06	dGTPase	1
AG-898-I20	dGTPase	1
AG-390-M23	RM_type_II	1
AH-321-B21	Druantia_type_IV	1
AH-321-B21	Druantia_other	1
AG-390-A23	dGTPase	1
AG-390-O13	dGTPase	1
AG-908-I10	dGTPase	1
AG-908-I10	RM_type_II	1
AG-910-G21	dGTPase	1
AG-913-K08	RM_type_II	1
AG-891-G23	RM_type_II	1
AG-894-K13	dGTPase	1
AG-894-K13	RM_type_II	1
AG-896-L05	RM_type_II	1
AG-404-N21	RM_type_II	1
AG-426-F11	RM_type_II	1
AG-911-G04	dGTPase	1
AG-426-F22	Zorya_other	1
AG-426-F22	dGTPase	1
AG-447-E02	dGTPase	1
AG-447-E02	RM_type_II	1
AG-461-D09	dGTPase	1
AG-914-G20	dGTPase	1
AG-470-I02	dGTPase	1
AG-359-A11	Wadjet_other	1
AG-359-A11	Cas_Class2_TypeII_subtypeC	1
AG-359-A11	Mza_other	1
AH-326-K23	RM_type_II	1
AG-914-J07	Zorya_other	1
AG-349-D06	RM_type_II	1
AG-894-D03	Zorya_other	1
AG-325-E03	RM_type_II	1
AG-439-D21	RM_type_II	1
AG-439-D21	dGTPase	1
AG-898-G03	Mza_other	1
AG-917-C11	RM_type_II	1
AG-360-M06	dGTPase	1
AG-360-M06	RM_type_II	1
AG-337-G11	dGTPase	1
AG-337-G11	RM_type_II	1
AG-914-I06	RM_type_II	1
AG-897-P21	Zorya_other	1
AG-909-L11	RM_type_II	1
AG-911-G02	Cas_type_other	1
AG-912-J07	RM_type_II	1
AG-915-F20	dGTPase	1
AG-426-M05	dGTPase	1
AG-426-M05	RM_type_II	1
AG-435-K09	dGTPase	1
AG-898-A23	Zorya_other	1
AG-899-O08	RM_type_II	1
AG-447-B21	RM_type_II	1
AG-447-B21	dGTPase	1
AG-912-J04	RM_type_II	1
AG-918-D18	dGTPase	1
AG-918-D14	dGTPase	1
AH-321-O07	RM_type_II	1
AG-447-M08	RM_type_II	1
AG-414-J16	dGTPase	1
AG-414-J16	RM_type_II	1
AG-422-K15	dGTPase	1
AG-917-A21	Mza_other	1
AG-900-F09	dGTPase	1
AG-893-J04	RM_type_II	1
AG-895-K18	RM_type_II	1
AG-907-F14	RM_type_II	1
AG-918-D20	RM_type_II	1
AG-325-E08	dGTPase	1
AG-325-E08	RM_type_II	1
AG-360-B07	RM_type_II	1
AG-365-D02	dGTPase	1
AG-404-P10	Cas_adaptation	1
AG-333-K22	Zorya_other	1
AG-333-K22	dGTPase	1
AG-349-D03	dGTPase	1
AG-349-D03	RM_type_II	1
AG-390-M18	RM_type_II	1
AG-447-L14	RM_type_II	1
AG-337-G06	dGTPase	1
AG-337-G06	RM_type_II	1
AG-365-N15	dGTPase	1
AG-390-M19	dGTPase	1
AG-892-M07	RM_type_II	1
AG-898-B05	RM_type_II	1
AG-898-O02	Zorya_other	1
AG-900-B23	dGTPase	1
AG-900-N13	RM_type_II	1
AG-422-F15	RM_type_II	1
AG-915-G02	RM_type_II	1
AG-915-G02	Mza_other	1
AG-916-I17	dGTPase	1
AG-916-I17	RM_type_II	1
AG-919-O06	dGTPase	1
AG-904-A08	dGTPase	1
AG-905-G04	RM_type_II	1
AG-908-I16	dGTPase	1
AG-464-I22	RM_type_II	1
AG-912-N22	RM_type_II	1
AG-426-M04	RM_type_II	1
AG-918-C19	Pycsar_unknown	1
AG-343-D16	RM_type_II	1
AG-426-M15	dGTPase	1
AG-426-M15	RM_type_II	1
AG-333-N14	dGTPase	1
AG-333-N14	RM_type_II	1
AG-917-A23	dGTPase	1
AG-464-I13	dGTPase	1
AG-470-I07	RM_type_II	1
AG-914-A08	RM_type_II	2
AG-439-D04	dGTPase	1
AG-905-E10	dGTPase	1
AG-907-I19	Zorya_other	1
AG-907-I19	dGTPase	1
AG-447-P18	RM_type_II	2
AG-447-P18	dGTPase	1
AG-914-E03	RM_type_II	1
AG-461-M18	RM_type_II	1
AG-461-M18	dGTPase	1
AG-896-O13	RM_type_II	1
AG-894-K20	RM_type_II	1
AG-313-D11	RM_type_II	1
AG-319-G13	RM_type_II	1
AG-891-C11	Zorya_other	1
AG-891-C11	dGTPase	1
AG-894-I19	dGTPase	1
AG-894-I19	RM_type_II	1
AG-895-J06	RM_type_II	1
AG-901-E02	dGTPase	1
AG-901-E02	RM_type_II	1
AH-324-G13	RM_type_II	1
AH-324-G13	dGTPase	1
AG-905-G05	Mza_other	1
AG-422-F10	RM_type_II	1
AG-457-L18	dGTPase	1
AG-911-K11	dGTPase	1
AG-914-A09	RM_type_II	1
AG-914-A09	dGTPase	1
AG-916-B03	RM_type_II	1
AG-461-J11	RM_type_II	1
AG-916-A10	RM_type_II	1
AG-430-N06	RM_type_II	1
AG-910-J04	Mza	1
AG-912-O07	dGTPase	1
AG-914-D08	RM_type_II	1
AH-324-D20	RM_type_II	1
AH-287-O09	RM_type_II	1
AH-287-O09	dGTPase	1
AG-325-C17	dGTPase	1
AG-325-C17	Cas_adaptation	1
AG-333-C10	dGTPase	1
AG-414-F04	RM_type_II	1
AG-430-K05	RM_type_II	1
AG-919-D18	RM_type_II	1
AH-321-G15	dGTPase	1
AG-414-D10	dGTPase	1
AG-414-D10	RM_type_II	1
AH-326-A06	dGTPase	1
AH-326-N23	RM_type_II	1
AG-447-P15	dGTPase	1
AG-470-C13	RM_type_II	1
AG-895-J04	RM_type_II	1
AG-325-M17	dGTPase	1
AG-325-M17	RM_type_II	1
AG-333-I10	dGTPase	1
AG-343-D13	dGTPase	1
AG-390-F11	dGTPase	1
AG-447-B20	RM_type_II	1
AG-447-B20	dGTPase	1
AG-447-C03	dGTPase	1
AG-457-L17	RM_type_II	1
AG-365-A08	dGTPase	1
AG-422-I11	dGTPase	1
AG-917-G09	RM_type_II	1
AG-917-G09	dGTPase	1
AG-892-D19	RM_type_II	1
AG-905-P16	RM_type_II	1
AG-905-P16	dGTPase	1
AG-910-J08	dGTPase	1
AG-910-J08	RM_type_II	1
AG-319-F15	Cas_type_other	1
AG-365-C20	dGTPase	1
AG-365-C20	RM_type_II	1
AG-390-G11	RM_type_II	1
AG-414-E08	RM_type_II	1
AG-414-E08	dGTPase	1
AG-909-D23	dGTPase	1
AG-894-I22	RM_type_II	1
AG-410-P11	dGTPase	1
AG-439-D03	dGTPase	1
AG-904-E10	dGTPase	1
AG-904-E10	RM_type_II	1
AG-915-D19	dGTPase	1
AG-917-F17	dGTPase	1
AG-891-C06	Wadjet_other	1
AG-892-B21	RM_type_II	1
AG-917-F11	dGTPase	1
AG-453-G19	dGTPase	1
AG-917-F16	dGTPase	1
AG-919-L06	RM_type_II	1
AG-319-G14	Zorya_other	1
AG-333-C16	dGTPase	1
AG-908-B17	dGTPase	1
AG-914-E21	dGTPase	1
AG-920-K17	RM_type_II	1
AH-287-M23	RM_type_II	1
AH-287-M23	Pycsar_unknown	1
AH-321-M13	dGTPase	1
AH-321-M13	RM_type_II	1
AG-343-I03	Mza	1
AG-905-P17	dGTPase	1
AG-905-P17	RM_type_II	1
AG-912-P01	RM_type_II	1
AG-333-I11	dGTPase	1
AG-337-J06	RM_type_II	1
AG-430-O13	RM_type_II	1
AG-909-F14	dGTPase	1
AG-913-B14	dGTPase	1
AG-913-B14	RM_type_II	1
AG-915-N05	RM_type_II	1
AG-915-N07	Zorya_other	1
AG-892-B23	RM_type_II	1
AG-447-I04	dGTPase	1
AG-457-G04	RM_type_II	1
AG-359-N17	RM_type_II	1
AG-359-P04	RM_type_II	1
AG-359-P04	dGTPase	1
AG-911-M22	RM_type_II	1
AG-911-M22	dGTPase	1
AG-915-N02	RM_type_II	1
AG-896-B09	dGTPase	1
AG-898-M21	dGTPase	1
AG-325-C04	RM_type_II	1
AG-325-C04	dGTPase	1
AG-337-L17	RM_type_II	1
AG-919-F06	RM_type_II	1
AG-365-N07	RM_type_II	1
AG-404-A22	RM_type_II	1
AG-894-N17	Mza	1
AG-900-P23	Wadjet_other	1
AG-900-P23	Dpd	1
AG-916-E11	RM_type_II	1
AG-333-C14	RM_type_II	1
AG-333-C14	dGTPase	1
AG-333-N15	dGTPase	1
AG-333-N15	RM_type_II	1
AG-390-C14	RM_type_II	1
AG-390-C14	dGTPase	1
AG-457-P06	RM_type_II	1
AG-900-P02	dGTPase	1
AG-422-K17	dGTPase	1
AG-426-O05	RM_type_II	1
AG-914-K13	RM_type_II	1
AH-287-M09	dGTPase	1
AG-899-M09	RM_type_II	1
AG-899-M09	Pycsar_unknown	1
AG-904-F15	RM_type_II	1
AG-325-I05	dGTPase	1
AG-337-E16	dGTPase	1
AG-910-E04	RM_type_II	1
AG-910-E04	dGTPase	1
AG-453-I07	dGTPase	1
AG-453-I07	RM_type_II	2
AG-892-I07	RM_type_II	1
AH-321-I20	RM_type_II	1
AG-903-D02	RM_type_II	1
AG-914-G14	RM_type_II	1
AG-447-L03	dGTPase	1
AG-464-M18	RM_type_II	1
AG-901-L13	dGTPase	1
AG-914-G18	RM_type_II	1
AG-919-F03	dGTPase	1
AG-919-F03	RM_type_II	1
AH-321-M18	RM_type_II	1
AG-893-I20	RM_type_II	1
AG-891-A21	RM_type_II	1
AG-892-I02	Zorya_other	1
AG-898-N11	dGTPase	1
AH-326-O04	RM_type_II	1
AH-326-O04	dGTPase	1
AG-891-P07	RM_type_II	1
AG-896-G05	RM_type_II	1
AG-896-G05	dGTPase	1
AG-897-L10	dGTPase	1
AG-898-P07	dGTPase	1
AG-898-P07	RM_type_II	2
AG-907-P23	RM_type_II	1
AG-343-G21	RM_type_II	1
AG-343-G21	dGTPase	1
AG-360-J22	RM_type_II	1
AG-897-G20	RM_type_II	1
AG-897-G20	dGTPase	1
AG-916-M06	dGTPase	1
AG-916-M06	RM_type_II	1
AG-917-O22	RM_type_II	1
AG-917-O22	dGTPase	1
AG-919-F04	RM_type_II	1
AG-912-M05	dGTPase	1
AG-912-M05	RM_type_II	1
AG-918-L15	dGTPase	1
AG-919-O04	SspE	1
AG-897-D05	Pycsar_unknown	1
AG-897-D05	RM_type_II	1
AG-457-A07	dGTPase	1
AG-914-N15	Pycsar_unknown	1
AG-447-E07	dGTPase	1
AG-447-E07	RM_type_II	1
AG-447-O06	dGTPase	1
AG-453-F21	Mza_other	1
AG-360-A21	RM_type_II	1
AG-360-P21	RM_type_II	1
AG-896-P22	RM_type_II	1
AG-896-P20	RM_type_II	1
AG-899-G15	AbiE	1
AG-447-O15	Mza	1
AG-457-L11	dGTPase	1
AG-901-G03	dGTPase	1
AG-901-G03	RM_type_II	1
AG-453-B19	RM_type_II	1
AG-325-C21	dGTPase	1
AG-343-N05	RM_type_II	1
AG-918-L07	RM_type_II	1
AG-918-L07	dGTPase	1
AG-919-F21	RM_type_II	1
AG-337-G18	dGTPase	1
AG-909-O18	RM_type_II	1
AG-905-E11	RM_type_II	1
AG-905-E11	dGTPase	1
AG-907-B07	dGTPase	1
AG-907-B07	RM_type_II	1
AG-898-B15	dGTPase	1
AG-911-L03	Pycsar_unknown	1
AG-917-N05	RM_type_II	1
AG-916-I08	dGTPase	1
AG-916-I08	Zorya_other	1
AG-919-I03	RM_type_II	1
AG-920-G14	dGTPase	1
AG-920-G14	RM_type_II	1
AG-896-E11	RM_type_II	1
AG-898-M13	Cas_type_other	1
AG-899-I11	Druantia_type_IV	1
AG-899-I11	RM_type_II	1
AG-899-I11	Druantia_other	1
AG-901-G05	dGTPase	1
AG-901-G05	RM_type_II	1
AG-903-F06	Zorya_other	1
AG-343-K04	RM_type_II	1
AG-390-C17	RM_type_II	1
AG-414-O08	Mza	1
AG-919-F22	RM_type_II	1
AG-919-F22	dGTPase	1
AH-321-G11	dGTPase	1
AH-321-G14	RM_type_II	1
AH-321-G14	dGTPase	1
AG-453-E16	dGTPase	1
AG-917-C06	RM_type_II	1
AG-917-C06	Pycsar_unknown	1
AG-915-K13	RM_type_II	1
AG-915-K13	dGTPase	1
AG-343-J09	RM_type_II	1
AH-287-G14	RM_type_II	1
AG-909-I06	RM_type_II	1
AG-909-I06	dGTPase	1
AG-910-E09	dGTPase	1
AG-912-J17	RM_type_II	1
AG-414-N23	dGTPase	1
AG-414-N23	Zorya_other	1
AG-430-E17	RM_type_II	1
AG-439-O05	dGTPase	1
AG-439-O05	RM_type_II	1
AG-453-C22	RM_type_II	1
AG-453-E06	RM_type_II	1
AG-461-E13	dGTPase	1
AG-917-M15	RM_type_II	1
AG-917-M15	dGTPase	1
AG-453-N14	PbeABCD	1
AG-891-K18	RM_type_II	1
AG-901-E23	RM_type_II	1
AG-911-A11	dGTPase	1
AH-287-L02	RM_type_II	1
AH-321-O23	dGTPase	1
AH-321-O23	RM_type_II	1
AG-422-L18	Zorya_other	1
AG-333-D08	dGTPase	1
AG-333-D08	RM_type_II	1
AG-390-C20	dGTPase	1
AG-414-N08	dGTPase	1
AG-891-K05	Zorya_other	1
AG-891-K05	dGTPase	1
AG-422-L09	RM_type_II	2
AG-894-P19	dGTPase	1
AG-894-P19	Zorya_other	1
AG-898-G23	Cas_adaptation	1
AG-426-G14	RM_type_II	1
AG-894-O02	RM_type_II	1
AG-908-D23	dGTPase	1
AG-908-D23	RM_type_II	1
AG-337-G02	Zorya_other	1
AG-343-N07	RM_type_II	1
AG-414-O23	RM_type_II	1
AG-439-O06	RM_type_II	1
AG-461-E11	RM_type_II	1
AG-325-C18	dGTPase	1
AG-325-C18	RM_type_II	1
AG-920-M04	dGTPase	1
AG-920-M04	RM_type_II	1
AG-337-N09	RM_type_II	1
AG-904-G05	dGTPase	1
AG-426-G09	dGTPase	1
AG-426-G09	RM_type_II	1
AG-453-E07	dGTPase	1
AG-457-L09	dGTPase	1
AG-360-A04	dGTPase	1
AG-365-I10	dGTPase	1
AG-453-E14	RM_type_II	1
AG-912-E13	dGTPase	1
AG-915-K10	RM_type_II	1
AG-916-J21	dGTPase	1
AG-916-J21	RM_type_II	1
AG-461-J20	dGTPase	1
AG-461-J20	RM_type_II	1
AG-905-G02	dGTPase	1
AG-905-G02	RM_type_II	1
AG-908-E06	dGTPase	1
AG-461-P07	RM_type_II	1
AG-461-P07	dGTPase	1
AG-461-G13	RM_type_II	1
AG-461-G13	dGTPase	1
AG-917-C05	RM_type_II	1
AG-917-C05	dGTPase	1
AG-899-O13	dGTPase	1
AG-908-E15	RM_type_II	1
AG-439-O04	RM_type_II	1
AG-439-O04	dGTPase	1
AG-359-P11	dGTPase	1
AG-464-A01	RM_type_II	1
AG-893-N10	RM_type_II	1
AG-896-K17	RM_type_II	1
AG-915-D22	RM_type_II	1
AG-915-O05	dGTPase	1
AG-891-E15	dGTPase	1
AG-893-O09	Zorya_other	1
AG-893-O09	dGTPase	1
AG-910-B10	RM_type_II	1
AG-447-L10	dGTPase	1
AG-893-O06	dGTPase	1
AG-360-A11	RM_type_II	1
AG-360-A11	dGTPase	1
AG-430-I13	RM_type_II	1
AG-447-A19	dGTPase	1
AG-447-A19	RM_type_II	1
AG-453-E19	RM_type_II	1
AG-453-E19	dGTPase	1
AG-470-O11	RM_type_II	1
AG-404-D18	dGTPase	1
AG-464-P06	dGTPase	1
AG-360-K10	RM_type_II	1
AG-360-K10	dGTPase	1
AG-410-O02	dGTPase	1
AG-892-J17	dGTPase	1
AG-892-J17	Zorya_other	1
AG-893-E04	RM_type_II	1
AG-464-P07	RM_type_II	1
AG-914-L09	dGTPase	1
AG-914-L09	RM_type_II	1
AG-914-L10	dGTPase	1
AG-919-D04	dGTPase	1
AG-891-F02	RM_type_II	1
AG-892-J14	RM_type_II	1
AG-892-J13	Mza	1
AG-893-N09	RM_type_II	1
AG-903-O06	dGTPase	1
AG-903-O06	RM_type_II	1
AG-914-C11	RM_type_II	1
AG-914-C11	Zorya_other	1
AG-901-L15	dGTPase	1
AG-903-O05	Zorya_other	1
AG-908-O20	dGTPase	1
AG-893-N22	dGTPase	1
AG-894-P21	RM_type_II	1
AG-914-D03	dGTPase	1
AG-899-C06	RM_type_II	1
AG-915-O06	Zorya_other	1
AG-915-O06	Mza	1
AG-915-O06	dGTPase	1
AG-916-O13	dGTPase	1
AG-916-O13	RM_type_II	1
AG-917-O03	dGTPase	1
AG-917-P07	dGTPase	1
AG-898-A07	RM_type_II	1
AG-898-A07	dGTPase	1
AG-464-O19	Mza_other	1
AG-897-J23	RM_type_II	1
AG-916-E19	RM_type_II	1
AG-916-E19	dGTPase	1
AG-917-E23	RM_type_II	1
AG-914-L14	RM_type_II	1
AG-917-D23	RM_type_II	1
AG-920-I07	RM_type_II	2
AG-920-I07	dGTPase	1
AG-333-P06	RM_type_II	1
AG-414-K15	RM_type_II	1
AG-414-K15	dGTPase	1
AG-447-I03	dGTPase	1
AG-916-I06	RM_type_II	1
AG-916-N18	Pycsar_unknown	1
AG-916-N18	RM_type_II	1
AG-912-P08	RM_type_II	1
AG-912-P09	dGTPase	1
AG-907-N15	dGTPase	1
AG-912-P06	dGTPase	1
AG-907-E15	dGTPase	1
AG-422-L06	RM_type_II	1
AG-365-G14	RM_type_II	1
AG-365-G14	dGTPase	1
AG-365-O19	dGTPase	1
AG-912-J22	dGTPase	1
AG-912-J22	RM_type_II	1
AG-916-N21	RM_type_II	1
AG-325-E13	dGTPase	1
AG-333-P05	dGTPase	1
AG-361-N21	dGTPase	1
AG-910-L10	dGTPase	1
AG-917-E22	Zorya_other	1
AG-903-N09	RM_type_II	1
AG-920-I21	RM_type_II	1
AG-920-I21	dGTPase	1
AG-435-B02	Viperin_solo	1
AG-920-I09	dGTPase	1
AG-915-B22	Zorya_other	1
AG-920-D05	RM_type_II	1
AG-920-D05	dGTPase	1
AH-324-D17	RM_type_II	1
AG-414-E22	dGTPase	1
AG-907-E16	Druantia_other	1
AG-893-J08	dGTPase	1
AG-343-I21	RM_type_II	1
AG-359-G04	dGTPase	1
AG-447-N16	dGTPase	1
AG-901-I20	RM_type_II	1
AG-911-P08	RM_type_II	1
AG-390-G05	RM_type_II	1
AG-390-G16	RM_type_II	1
AG-404-M15	dGTPase	1
AG-360-A16	RM_type_II	1
AG-439-G13	RM_type_II	1
AG-361-N04	dGTPase	1
AG-447-N15	RM_type_II	1
AG-461-C14	Zorya_other	1
AG-903-C04	dGTPase	1
AG-903-C04	RM_type_II	1
AG-905-L16	RM_type_II	1
AG-905-L16	dGTPase	1
AG-390-J19	dGTPase	1
AG-319-I19	dGTPase	1
AG-920-J17	Pycsar_unknown	1
AG-343-B02	RM_type_II	1
AG-359-J06	dGTPase	1
AG-918-M13	RM_type_II	1
AG-359-I23	RM_type_II	1
AG-414-J22	dGTPase	1
AG-920-P10	dGTPase	1
AG-920-P10	RM_type_II	1
AG-453-M21	dGTPase	1
AG-390-M14	RM_type_II	1
AG-894-P02	RM_type_II	2
AG-422-D03	Zorya_other	1
AG-910-B21	Pycsar_unknown	1
AG-910-B21	RM_type_II	1
AG-910-B21	dGTPase	1
AG-915-D04	RM_type_II	1
AG-349-P01	Mza_other	1
AG-349-O22	dGTPase	1
AG-898-F08	RM_type_II	1
AG-464-O15	RM_type_II	1
AG-917-G13	RM_type_II	1
AG-917-G14	Zorya_other	1
AG-920-P04	RM_type_II	2
AG-359-J03	RM_type_II	2
AG-464-O07	dGTPase	1
AG-430-I09	dGTPase	1
AG-898-F23	dGTPase	1
AG-913-D08	RM_type_II	2
AG-913-D08	dGTPase	1
AG-895-J07	Cas_adaptation	1
AG-895-J07	Zorya_other	1
AG-895-J07	Viperin_solo	1
AG-895-J07	RM_type_II	1
AG-901-B02	RM_type_II	1
AG-901-B06	dGTPase	1
AG-904-F11	RM_type_II	1
AG-904-F11	dGTPase	1
AG-907-N18	dGTPase	1
AG-894-P17	dGTPase	1
AG-325-G15	RM_type_II	1
AG-916-E17	RM_type_II	1
AG-359-G09	dGTPase	1
AG-359-P18	RM_type_II	1
AG-359-P18	dGTPase	1
AG-909-D03	dGTPase	1
AG-916-G19	RM_type_II	1
AG-916-G19	dGTPase	1
AG-453-N02	dGTPase	1
AG-464-D09	dGTPase	1
AG-891-K10	Zorya_other	1
AG-904-F13	RM_type_II	1
AG-390-A19	dGTPase	1
AG-464-M15	dGTPase	1
AG-901-G20	RM_type_II	1
AG-913-O02	dGTPase	1
AG-919-I11	RM_type_II	1
AG-920-D13	RM_type_II	1
AG-920-D13	dGTPase	1
AG-893-L13	RM_type_II	1
AG-893-L13	dGTPase	1
AG-915-M10	RM_type_II	1
AH-324-D10	RM_type_II	1
AG-893-L09	RM_type_II	1
AG-915-L21	RM_type_II	1
AH-324-D11	dGTPase	1
AG-359-G06	RM_type_II	1
AG-905-L21	Zorya_other	1
AG-916-O22	dGTPase	1
AG-909-J14	RM_type_II	1
AG-910-C06	RM_type_II	1
AG-900-F11	RM_type_II	1
AG-911-P17	RM_type_II	1
AG-911-P17	dGTPase	1
AG-447-I09	dGTPase	1
AG-891-I18	dGTPase	1
AG-891-I18	RM_type_II	1
AG-898-P18	RM_type_II	1
AG-404-C23	dGTPase	1
AG-404-C23	RM_type_II	1
AH-321-E03	dGTPase	1
AH-321-E03	RM_type_II	1
AG-325-I17	dGTPase	1
AG-916-O23	dGTPase	1
AG-447-O23	RM_type_II	1
AG-457-G18	RM_type_II	1
AG-457-G18	Viperin_solo	1
AG-359-P07	Viperin_solo	1
AG-360-M08	dGTPase	1
AG-390-J23	dGTPase	1
AG-360-L18	RM_type_II	1
AG-360-L18	dGTPase	1
AG-365-I16	RM_type_II	1
AG-470-O03	RM_type_II	1
AG-911-B19	RM_type_II	1
AH-326-B17	RM_type_II	1
AG-343-N19	RM_type_II	1
AG-426-A03	dGTPase	1
AG-892-C11	RM_type_II	1
AG-892-P04	RM_type_II	1
AG-892-O13	dGTPase	1
AG-892-O13	RM_type_II	1
AG-898-J08	dGTPase	1
AG-911-K13	Mza	1
AG-911-L13	dGTPase	1
AG-911-L13	RM_type_II	1
AG-913-A05	dGTPase	1
AG-422-G23	RM_type_II	1
AG-447-I18	dGTPase	1
AG-447-I18	RM_type_II	1
AG-333-N19	dGTPase	1
AG-390-B14	Pycsar_unknown	1
AG-390-B14	dGTPase	1
AG-390-B14	RM_type_II	1
AG-426-A05	dGTPase	1
AG-453-P03	dGTPase	1
AH-287-A09	dGTPase	1
AH-287-A09	RM_type_II	1
AG-470-O08	dGTPase	1
AG-909-C10	RM_type_II	1
AG-899-M07	RM_type_II	1
AG-899-M05	Zorya_other	1
AG-908-A08	dGTPase	1
AG-908-A08	RM_type_II	1
AG-343-N21	RM_type_II	1
AG-343-N21	dGTPase	1
AG-918-E06	dGTPase	1
AG-918-E06	RM_type_II	1
AG-920-G20	dGTPase	1
AH-287-J22	PbeABCD	1
AG-325-I19	dGTPase	1
AG-470-O18	dGTPase	1
AG-426-L23	RM_type_II	1
AG-426-L23	dGTPase	1
AG-337-O15	Zorya_other	1
AG-899-M06	dGTPase	1
AG-457-K11	dGTPase	1
AG-464-G17	Pycsar_unknown	1
AG-898-B20	Zorya_other	1
AG-898-B20	dGTPase	1
AG-447-I05	dGTPase	1
AG-891-I14	Zorya_other	1
AG-891-I14	dGTPase	1
AG-915-L18	Zorya_other	1
AG-896-G07	RM_type_II	1
AG-896-G07	dGTPase	1
AG-903-G23	dGTPase	1
AG-903-G23	Zorya_other	1
AG-904-E14	RM_type_II	1
AG-904-E14	dGTPase	1
AG-912-E06	dGTPase	1
AG-912-E06	Zorya_other	1
AG-914-P23	RM_type_II	1
AG-914-P23	dGTPase	1
AG-915-A01	Pycsar_unknown	1
AG-919-L02	RM_type_II	1
AG-919-L02	dGTPase	1
AG-912-A04	RM_type_II	1
AG-892-C23	DRT_other	1
AG-892-C23	RM_type_II	1
AG-894-D19	Zorya_other	1
AG-903-L16	dGTPase	1
AG-365-K15	RM_type_II	1
AG-447-C08	dGTPase	1
AG-447-C08	RM_type_II	1
AG-325-B08	dGTPase	1
AG-905-N21	RM_type_II	1
AG-905-B18	RM_type_II	1
AG-359-N23	dGTPase	1
AG-457-A14	RM_type_II	1
AG-461-N03	dGTPase	1
AG-390-D15	dGTPase	1
AG-390-D15	RM_type_II	1
AG-390-E21	dGTPase	1
AG-390-E21	Viperin_solo	1
AG-404-E20	dGTPase	1
AG-333-N21	Viperin_solo	1
AG-908-B04	Wadjet_other	1
AG-914-B16	RM_type_II	1
AG-914-B16	dGTPase	1
AG-917-I08	RM_type_II	1
AG-909-C08	dGTPase	1
AG-447-P03	dGTPase	1
AG-461-B03	dGTPase	1
AG-915-L16	RM_type_II	1
AG-892-C06	Zorya_other	1
AG-899-E17	RM_type_II	1
AG-899-E17	dGTPase	1
AG-903-G15	RM_type_II	1
AG-333-N20	dGTPase	1
AG-333-N20	Zorya_other	1
AG-362-G13	dGTPase	1
AG-390-L21	RM_type_II	1
AG-439-G17	RM_type_II	1
AG-903-K07	RM_type_II	1
AG-908-K18	RM_type_II	2
AG-908-K18	Pycsar_unknown	1
AG-915-M08	Zorya_other	1
AG-911-K15	dGTPase	1
AG-916-E09	RM_type_II	1
AG-918-O13	dGTPase	1
AG-905-M20	RM_type_II	1
AG-893-M16	dGTPase	1
AG-333-I03	Pycsar_unknown	1
AG-333-I03	RM_type_II	1
AG-439-F23	RM_type_II	1
AG-439-P16	dGTPase	1
AG-390-D18	dGTPase	1
AG-390-D18	RM_type_II	1
AG-422-I02	RM_type_II	1
AG-430-O19	dGTPase	1
AG-343-A20	RM_type_II	1
AG-390-L16	dGTPase	1
AG-390-L16	RM_type_II	1
AG-349-L11	RM_type_II	1
AG-349-L11	dGTPase	1
AG-457-A16	RM_type_II	1
AG-457-A16	dGTPase	1
AG-461-B04	dGTPase	1
AG-461-B04	RM_type_II	1
AG-904-O07	RM_type_II	1
AG-464-G09	RM_type_II	1
AG-414-E19	dGTPase	1
AG-426-D19	RM_type_II	1
AG-908-B03	dGTPase	1
AG-910-M09	RM_type_II	1
AG-343-B18	RM_type_II	1
AH-321-B19	Mza_other	1
AG-404-P02	dGTPase	1
AG-414-O11	dGTPase	1
AG-414-O11	RM_type_II	1
AG-439-M09	RM_type_II	1
AG-390-M15	RM_type_II	1
AG-390-M15	dGTPase	1
AG-899-F19	RM_type_II	1
AG-410-O14	RM_type_II	1
AG-447-I16	dGTPase	1
AG-457-J13	DRT_other	1
AG-470-M10	RM_type_II	1
AG-470-M10	dGTPase	1
AG-901-N02	RM_type_II	1
AG-422-N22	Cas_type_other	1
AG-325-I13	RM_type_II	1
AG-349-G10	dGTPase	1
AG-892-C08	RM_type_II	1
AG-908-A06	dGTPase	1
AG-908-A06	RM_type_II	1
AG-908-A06	RM_type_IIG	1
AG-319-B20	dGTPase	1
AG-439-M03	dGTPase	1
AG-325-C03	RM_type_II	1
AG-325-C03	dGTPase	1
AG-470-M09	dGTPase	1
AG-470-M09	RM_type_II	1
AG-907-F09	dGTPase	1
AG-901-D02	dGTPase	1
AG-891-E04	RM_type_II	1
AG-894-G23	dGTPase	1
AG-895-B18	RM_type_II	1
AG-461-K23	dGTPase	1
AG-896-P06	Cas_type_other	1
AG-899-C17	RM_type_II	1
AG-325-I14	RM_type_II	1
AG-911-E05	RM_type_II	1
AG-919-A16	dGTPase	1
AG-919-A16	RM_type_II	1
AG-895-B19	RM_type_II	1
AG-895-B19	dGTPase	1
AH-324-P23	RM_type_II	1
AH-326-O22	RM_type_II	1
AG-313-J11	dGTPase	1
AG-910-L18	dGTPase	1
AG-916-N10	RM_type_II	1
AG-918-P15	RM_type_II	1
AG-918-P15	dGTPase	1
AG-365-G17	dGTPase	1
AG-414-E23	RM_type_II	1
AG-898-J17	dGTPase	1
AG-898-J17	RM_type_II	1
AG-909-E19	RM_type_II	1
AG-909-E19	dGTPase	1
AG-918-E13	dGTPase	1
AG-918-E13	RM_type_II	1
AG-918-E13	Viperin_solo	1
AG-918-E02	dGTPase	1
AH-324-P17	dGTPase	1
AG-390-K13	dGTPase	1
AG-390-K13	RM_type_II	1
AG-422-C22	RM_type_II	1
AG-422-M16	dGTPase	1
AG-422-M11	dGTPase	1
AG-447-M10	RM_type_II	1
AG-390-M07	RM_type_II	1
AG-390-M07	AbiU	1
AG-390-M07	dGTPase	1
AG-908-L09	dGTPase	1
AG-908-L09	RM_type_II	1
AG-913-F05	dGTPase	1
AG-913-F05	RM_type_II	1
AG-457-I17	dGTPase	1
AG-414-O09	dGTPase	1
AG-349-O13	RM_type_II	1
AG-349-O13	dGTPase	1
AG-916-E03	RM_type_II	1
AG-916-E03	dGTPase	1
AH-287-B14	dGTPase	1
AH-326-F10	Viperin_solo	1
AG-404-B21	RM_type_II	1
AG-404-B21	dGTPase	1
AG-343-N15	dGTPase	1
AG-343-N15	RM_type_II	1
AG-361-G19	RM_type_II	1
AH-324-C03	dGTPase	1
AG-333-O20	RM_type_II	1
AG-919-A02	RM_type_II	1
AG-919-A02	dGTPase	1
AH-324-P19	Zorya_other	1
AG-325-P23	RM_type_II	1
AG-426-I10	RM_type_II	1
AG-414-O15	dGTPase	1
AG-435-O19	RM_type_II	1
AG-447-E20	RM_type_II	1
AG-447-E20	dGTPase	1
AH-287-L03	dGTPase	1
AG-447-M11	dGTPase	1
AG-359-J18	dGTPase	1
AG-390-L17	dGTPase	1
AG-390-L17	RM_type_II	1
AG-901-M08	RM_type_II	1
AG-901-M15	Zorya_other	1
AG-333-O18	RM_type_II	1
AG-422-K08	RM_type_II	1
AG-439-A12	dGTPase	1
AG-457-L13	dGTPase	1
AG-470-K10	dGTPase	1
AG-319-C11	RM_type_IV	1
AG-390-L20	Zorya_other	1
AG-390-L20	dGTPase	1
AG-426-E03	RM_type_II	1
AG-426-E03	dGTPase	1
AG-414-A21	RM_type_II	1
AG-430-P16	RM_type_II	1
AG-903-G09	RM_type_II	1
AG-447-F09	RM_type_II	1
AG-390-L14	dGTPase	1
AG-904-E19	dGTPase	1
AG-904-E19	RM_type_II	1
AG-907-K11	dGTPase	1
AG-907-K11	RM_type_II	1
AG-896-F08	dGTPase	1
AG-390-B04	RM_type_II	1
AG-903-F22	RM_type_II	1
AG-908-L16	RM_type_II	1
AG-895-I21	RM_type_II	1
AG-904-F08	Zorya_other	2
AG-908-O06	RM_type_II	1
AG-404-F02	PbeABCD	1
AG-898-J11	dGTPase	1
AH-287-F16	dGTPase	1
AG-914-B14	dGTPase	1
AG-914-B14	RM_type_II	1
AG-917-J20	RM_type_II	1
AG-439-M22	dGTPase	1
AG-453-P06	dGTPase	1
AG-447-F10	dGTPase	1
AG-453-P01	Mza	1
AG-910-I09	RM_type_II	1
AH-321-J05	dGTPase	1
AH-321-J05	Zorya_other	1
AH-324-B22	dGTPase	1
AH-324-B22	RM_type_II	1
AH-324-N06	dGTPase	1
AH-326-O05	RM_type_II	1
AG-907-P16	dGTPase	1
AG-911-A01	dGTPase	1
AG-911-A01	RM_type_II	1
AG-895-I03	dGTPase	1
AG-895-I03	Hma	1
AG-904-F02	RM_type_II	1
AG-430-L03	dGTPase	1
AG-447-M09	Zorya_other	1
AG-447-M09	dGTPase	1
AG-333-F17	RM_type_II	1
AG-343-O07	RM_type_II	1
AG-895-I10	RM_type_II	1
AG-914-B17	dGTPase	1
AG-901-C16	RM_type_II	2
AG-904-F19	Mza_other	2
AG-909-B15	RM_type_II	1
AG-435-O14	dGTPase	1
AG-920-B06	RM_type_II	1
AG-913-E20	dGTPase	1
AG-430-P14	Pycsar_unknown	1
AG-447-E04	dGTPase	1
AH-287-F15	AbiU	1
AH-287-F15	RM_type_II	1
AH-287-F15	dGTPase	1
AH-324-N05	RM_type_II	1
AH-324-N05	dGTPase	1
AH-324-N20	RM_type_II	1
AH-326-F07	RM_type_II	1
AG-439-K16	RM_type_II	1
AG-916-P17	RM_type_II	1
AG-915-J15	dGTPase	1
AG-915-J15	RM_type_II	1
AG-916-P19	Mza_other	1
AG-911-L17	dGTPase	1
AG-907-K13	RM_type_II	1
AG-909-B05	dGTPase	1
AG-914-B09	dGTPase	1
AG-349-I05	dGTPase	1
AG-349-I05	RM_type_II	1
AG-404-F08	dGTPase	1
AG-414-F03	RM_type_II	1
AG-365-B11	dGTPase	1
AG-453-G04	dGTPase	1
AG-453-G04	RM_type_II	1
AG-917-K20	dGTPase	1
AG-917-K20	RM_type_II	1
AG-898-M15	RM_type_II	1
AG-898-M15	Pycsar_unknown	1
AH-321-J11	RM_type_II	1
AG-439-I14	RM_type_II	1
AG-439-I14	dGTPase	1
AH-321-A16	RM_type_II	1
AH-326-F04	dGTPase	1
AG-447-E16	RM_type_II	1
AG-422-L04	dGTPase	1
AG-404-G03	RM_type_II	1
AG-404-P19	dGTPase	1
AG-390-C19	Mza	1
AG-390-C19	dGTPase	1
AG-410-O05	Pycsar_unknown	1
AG-435-B23	RM_type_II	1
AG-435-P07	RM_type_II	1
AG-365-C23	RM_type_II	1
AG-894-L19	dGTPase	1
AG-894-L19	RM_type_II	1
AG-895-J19	RM_type_II	1
AG-895-J19	dGTPase	1
AG-901-G19	dGTPase	1
AH-326-F13	dGTPase	1
AG-349-I07	RM_type_II	1
AG-430-D17	dGTPase	1
AG-430-D17	RM_type_II	1
AG-435-N18	RM_type_II	1
AG-439-K10	RM_type_II	1
AG-891-J04	dGTPase	1
AG-895-I18	RM_type_II	1
AG-898-M06	Hma	1
AG-359-O02	dGTPase	1
AG-365-B19	dGTPase	1
AG-365-B19	RM_type_II	1
AG-910-P17	dGTPase	1
AG-910-P17	RM_type_II	1
AG-359-N19	dGTPase	1
AG-359-O11	dGTPase	1
AG-359-O11	RM_type_II	1
AG-439-K12	RM_type_II	2
AG-422-D02	RM_type_II	1
AG-470-K22	RM_type_II	1
AG-912-J15	dGTPase	1
AG-912-J15	RM_type_II	1
AG-917-A18	RM_type_II	1
AG-917-M17	RM_type_II	1
AH-324-A02	RM_type_II	1
AH-324-L10	RM_type_II	1
AG-895-I02	RM_type_II	1
AG-895-N06	dGTPase	1
AG-895-N06	RM_type_II	1
AG-899-I09	RM_type_II	1
AG-907-A13	dGTPase	1
AG-901-F21	RM_type_II	2
AG-901-F21	dGTPase	1
AG-447-E06	PbeABCD	1
AG-920-J11	dGTPase	1
AG-920-K11	dGTPase	1
AG-917-M22	RM_type_II	1
AG-917-M22	dGTPase	1
AG-325-L05	RM_type_II	1
AG-325-L05	dGTPase	1
AG-912-L16	RM_type_II	1
AH-321-L15	RM_type_II	1
AG-337-A16	dGTPase	1
AG-430-E20	dGTPase	1
AG-430-E20	RM_type_II	1
AG-907-B04	RM_type_II	1
AH-287-A14	RM_type_II	1
AH-326-K22	Viperin_solo	1
AH-326-K22	RM_type_II	1
AG-325-O14	RM_type_II	1
AG-325-O14	dGTPase	1
AG-325-O15	RM_type_II	1
AG-422-B05	RM_type_II	1
AG-439-J22	dGTPase	1
AG-439-J22	RM_type_II	1
AG-895-E07	RM_type_II	1
AG-470-D02	RM_type_II	1
AG-439-J13	RM_type_II	1
AG-904-N10	RM_type_II	1
AG-918-B05	RM_type_II	1
AG-894-B22	dGTPase	1
AG-911-K04	RM_type_II	1
AG-916-A02	dGTPase	1
AG-916-B07	dGTPase	1
AG-325-L22	dGTPase	1
AG-343-O19	dGTPase	1
AG-414-N03	RM_type_II	1
AG-414-N03	dGTPase	1
AG-919-C22	Mza_other	1
AG-919-C22	dGTPase	1
AG-426-A02	dGTPase	1
AG-426-A02	RM_type_II	1
AG-453-E13	RM_type_II	1
AG-457-O11	RM_type_II	1
AG-905-M18	RM_type_II	1
AG-905-M18	dGTPase	1
AG-900-G16	RM_type_II	1
AG-900-G16	dGTPase	1
AG-899-L07	dGTPase	1
AG-390-P18	RM_type_II	1
AG-891-O22	Zorya_other	1
AG-901-P17	RM_type_II	1
AG-901-P17	dGTPase	1
AG-901-P19	dGTPase	1
AG-901-P18	dGTPase	1
AG-453-F22	RM_type_II	1
AG-894-C11	RM_type_II	1
AG-896-G08	RM_type_II	1
AG-901-D21	RM_type_II	1
AG-901-D21	dGTPase	1
AG-919-E21	RM_type_II	1
AG-430-P01	dGTPase	1
AG-457-D20	Viperin_solo	1
AG-333-D18	RM_type_II	1
AG-917-B18	RM_type_II	1
AG-325-O04	RM_type_II	1
AG-337-G15	RM_type_II	1
AG-899-E11	Zorya_other	1
AG-337-A15	Zorya_other	1
AG-907-B06	Hma	1
AG-907-B06	RM_type_II	1
AG-913-M13	dGTPase	1
AG-913-M13	RM_type_II	1
AG-915-I10	RM_type_II	1
AG-918-E17	Pycsar_unknown	1
AH-321-O11	dGTPase	1
AH-321-O11	RM_type_II	1
AG-360-I05	RM_type_II	1
AG-360-I05	dGTPase	1
AG-895-B13	Hma	1
AG-909-J02	RM_type_II	1
AH-321-O14	PbeABCD	1
AG-410-D23	RM_type_II	1
AG-410-D23	dGTPase	1
AG-422-N07	RM_type_II	1
AH-324-G05	dGTPase	1
AH-324-G05	RM_type_II	1
AG-359-L02	dGTPase	1
AG-359-L02	RM_type_II	1
AG-365-P03	dGTPase	1
AG-365-P03	RM_type_II	1
AG-457-L05	RM_type_II	1
AG-464-P04	dGTPase	1
AG-464-P04	RM_type_II	1
AG-894-F02	RM_type_II	1
AG-891-P19	Zorya_other	1
AG-426-M20	Mza_other	1
AG-447-E08	dGTPase	1
AG-439-K22	PbeABCD	1
AG-899-K21	RM_type_II	1
AG-911-D03	RM_type_II	1
AG-911-D03	AbiU	1
AG-909-G08	dGTPase	1
AG-360-I06	dGTPase	1
AG-414-L14	RM_type_II	1
AG-414-L14	dGTPase	1
AG-913-N11	RM_type_II	1
AG-913-N11	dGTPase	1
AG-918-N05	dGTPase	1
AG-916-B08	Pycsar_unknown	1
AG-333-C21	Mza_other	1
AG-349-O05	dGTPase	1
AG-435-G10	RM_type_II	1
AG-439-K19	dGTPase	1
AG-337-I02	dGTPase	1
AG-337-I02	Zorya_other	1
AG-430-P05	Zorya_other	1
AG-920-I06	dGTPase	1
AG-920-I06	RM_type_II	1
AG-410-F16	dGTPase	1
AG-337-K19	dGTPase	1
AG-430-P11	RM_type_II	1
AG-430-P10	RM_type_II	1
AG-453-K20	Mza_other	1
AG-914-K18	RM_type_II	1
AG-325-K05	dGTPase	1
AG-457-D17	dGTPase	1
AG-457-D17	Zorya_other	1
AG-911-C13	dGTPase	1
AG-913-O03	dGTPase	1
AG-911-D18	dGTPase	1
AG-911-D18	RM_type_II	1
AG-895-B08	RM_type_II	2
AG-895-B08	dGTPase	1
AG-904-F07	dGTPase	1
AG-900-N08	RM_type_II	1
AG-913-F06	dGTPase	1
AG-913-F06	Zorya_other	1
AH-287-N17	Zorya_other	1
AH-287-N17	Dpd	1
AG-913-D16	RM_type_II	1
AG-917-D21	dGTPase	1
AG-333-E17	Mza_other	1
AG-343-K02	RM_type_II	1
AG-426-L20	RM_type_II	1
AG-457-B03	RM_type_II	1
AG-457-B03	dGTPase	1
AG-430-L10	RM_type_II	2
AG-430-L10	dGTPase	1
AG-895-G11	RM_type_II	1
AG-404-G18	dGTPase	1
AG-893-P08	RM_type_II	1
AG-461-L09	dGTPase	1
AG-461-L09	RM_type_II	1
AG-899-G14	RM_type_II	1
AG-911-P10	RM_type_II	1
AG-439-L02	RM_type_II	1
AG-891-N16	RM_type_II	1
AG-360-F17	dGTPase	1
AG-390-G10	RM_type_II	1
AG-390-G10	dGTPase	1
AG-414-K04	RM_type_II	1
AH-324-F23	dGTPase	1
AH-324-F23	Zorya_other	1
AG-900-O17	RM_type_II	1
AG-895-D04	dGTPase	1
AG-907-A11	dGTPase	1
AG-453-K23	dGTPase	1
AG-914-C21	RM_type_II	1
AG-917-F06	dGTPase	1
AG-917-F06	RM_type_II	1
AG-920-K09	RM_type_II	1
AG-920-K09	dGTPase	1
AG-892-O16	Zorya_other	1
AG-892-O16	RM_type_II	1
AG-920-K10	dGTPase	1
AG-920-K10	Zorya_other	1
AG-422-E04	dGTPase	1
AG-435-I21	RM_type_II	1
AG-901-B05	RM_type_II	2
AG-325-D03	RM_type_II	1
AG-325-C06	Viperin_solo	1
AG-337-A22	RM_type_II	1
AG-337-A22	dGTPase	1
AG-390-F15	dGTPase	1
AG-390-F15	RM_type_II	1
AG-390-C22	dGTPase	1
AG-390-C22	Mza	1
AG-899-M17	dGTPase	1
AG-899-M17	Zorya_other	1
AG-909-G09	dGTPase	1
AG-909-G09	RM_type_II	1
AG-461-N05	dGTPase	1
AG-447-J03	dGTPase	1
AG-891-D22	dGTPase	1
AG-891-D22	RM_type_II	1
AH-326-B05	RM_type_II	1
AG-896-A02	dGTPase	1
AG-905-P20	dGTPase	1
AG-905-P20	RM_type_II	1
AG-325-N14	RM_type_II	1
AG-909-A05	RM_type_II	1
AG-892-O19	RM_type_II	1
AG-892-O19	dGTPase	1
AG-896-I08	RM_type_II	1
AG-896-I08	dGTPase	1
AG-896-J18	dGTPase	1
AG-337-K20	dGTPase	1
AH-287-N13	Mza	1
AH-287-N13	Pycsar_unknown	1
AG-390-C23	dGTPase	1
AG-422-C23	RM_type_II	1
AG-422-C23	dGTPase	1
AG-453-G03	RM_type_II	1
AG-453-G03	dGTPase	1
AG-917-J06	dGTPase	1
AH-326-B07	dGTPase	1
AG-900-N04	RM_type_II	1
AG-913-P07	RM_type_II	1
AG-337-K21	RM_type_II	1
AG-912-J11	dGTPase	1
AG-912-J11	RM_type_II	1
AG-915-P11	RM_type_II	1
AG-915-P11	dGTPase	1
AH-321-J22	RM_type_II	1
AG-911-I14	Pycsar_unknown	1
AG-343-J21	RM_type_II	1
AG-325-C05	Mza_other	1
AG-325-C05	Druantia_other	1
AG-390-P04	dGTPase	1
AG-343-L23	dGTPase	1
AG-904-F17	dGTPase	1
AG-904-F17	RM_type_II	1
AG-912-K10	RM_type_II	1
AG-349-J21	RM_type_II	1
AG-422-L21	dGTPase	1
AG-912-J20	Zorya_other	1
AG-470-F02	RM_type_II	1
AG-333-D02	dGTPase	1
AH-321-O13	dGTPase	1
AG-325-D16	RM_type_II	1
AG-337-A13	RM_type_II	1
AG-337-A17	RM_type_II	1
AG-899-M20	dGTPase	1
AG-915-P08	dGTPase	1
AG-457-C17	RM_type_II	1
AG-915-G14	RM_type_II	1
AG-915-G14	dGTPase	1
AG-918-N23	Mza_other	1
AG-918-N23	dGTPase	1
AG-360-C19	RM_type_II	1
AG-360-P16	Zorya_other	1
AG-337-M10	dGTPase	1
AG-897-A21	RM_type_II	1
AG-899-E09	RM_type_II	1
AG-898-P17	RM_type_II	1
AG-904-A10	RM_type_II	1
AH-321-J23	dGTPase	1
AG-359-J14	Mza	1
AH-287-O20	RM_type_II	1
AH-287-O20	dGTPase	1
AG-435-O10	RM_type_II	1
AG-404-G19	RM_type_II	1
AG-893-P10	RM_type_II	1
AG-893-P10	dGTPase	1
AG-426-D13	dGTPase	1
AG-426-E13	RM_type_II	1
AG-461-F13	dGTPase	1
AG-896-K10	RM_type_II	1
AG-896-K10	dGTPase	1
AH-321-C10	dGTPase	1
AG-337-N20	RM_type_II	2
AG-895-E05	RM_type_II	1
AG-422-M03	Mza_other	1
AG-422-M03	RM_type_II	1
AG-333-K07	RM_type_II	1
AG-457-N15	dGTPase	1
AG-920-L11	dGTPase	1
AG-920-L11	RM_type_II	1
AG-913-O20	Mza_other	1
AH-287-L10	dGTPase	1
AG-896-P03	RM_type_II	1
AG-447-C21	RM_type_II	1
AG-447-C21	dGTPase	1
AG-893-N14	RM_type_II	1
AG-453-E17	Mza	1
AH-321-I02	dGTPase	1
AH-321-I02	RM_type_II	1
AG-325-P16	dGTPase	1
AG-325-P16	RM_type_II	1
AG-430-A23	RM_type_II	1
AG-359-D22	Hma	1
AG-913-G10	RM_type_II	1
AG-917-I05	RM_type_II	1
AG-917-I05	dGTPase	1
AG-360-G06	dGTPase	1
AG-435-J14	RM_type_II	1
AG-470-E16	RM_type_II	1
AG-913-G15	RM_type_II	1
AG-891-E22	RM_type_II	1
AG-435-E13	RM_type_II	1
AG-435-E13	dGTPase	1
AG-895-B20	Zorya_other	1
AG-333-L06	dGTPase	1
AG-333-C17	RM_type_II	1
AG-333-C17	dGTPase	1
AH-326-L19	dGTPase	1
AG-912-K11	Zorya_other	1
AG-461-N09	RM_type_II	1
AG-907-C17	dGTPase	1
AH-324-J19	RM_type_II	1
AH-324-N03	RM_type_II	1
AH-324-N03	dGTPase	1
AG-349-D16	dGTPase	1
AG-896-P15	dGTPase	1
AG-349-B19	RM_type_II	1
AG-422-I15	RM_type_II	1
AG-916-L04	dGTPase	1
AG-910-A16	RM_type_II	1
AG-915-G06	Mza	1
AH-324-I08	RM_type_II	1
AH-324-I08	dGTPase	1
AG-447-G05	RM_type_II	1
AG-891-D05	dGTPase	1
AG-916-A18	dGTPase	1
AG-410-O08	dGTPase	1
AG-410-O08	RM_type_II	1
AG-896-K14	RM_type_II	1
AH-287-D22	RM_type_II	1
AG-900-K14	RM_type_II	1
AG-435-J02	dGTPase	1
AG-917-J22	dGTPase	1
AG-917-J22	RM_type_II	1
AG-439-P01	RM_type_II	1
AG-404-B05	dGTPase	1
AG-435-K07	dGTPase	1
AG-349-D17	RM_type_II	1
AG-461-B21	dGTPase	1
AG-461-B21	RM_type_II	1
AG-915-C21	RM_type_II	1
AG-337-C06	Zorya_other	1
AG-410-K13	dGTPase	1
AH-287-D11	RM_type_II	1
AG-360-N21	Cas_adaptation	1
AG-422-P18	dGTPase	1
AG-911-D09	dGTPase	1
AG-916-K21	Pycsar_unknown	1
AG-899-E14	dGTPase	1
AG-899-E14	Mza_other	1
AG-447-O08	RM_type_II	1
AG-447-O08	dGTPase	1
AG-896-I06	RM_type_II	1
AG-349-L17	dGTPase	1
AH-321-E06	RM_type_II	1
AG-360-G14	RM_type_II	1
AG-920-E11	dGTPase	1
AG-319-L14	Cas_Class1_TypeI_subtypeF_v2	1
AH-324-J11	RM_type_II	1
AG-435-J18	RM_type_II	1
AG-435-J18	dGTPase	1
AG-435-N09	RM_type_II	1
AG-896-G23	Zorya_other	1
AG-461-F16	RM_type_II	1
AG-461-F16	dGTPase	1
AG-907-B20	RM_type_II	1
AG-337-D19	dGTPase	1
AG-337-D19	RM_type_II	1
AG-910-C03	dGTPase	1
AH-326-I06	dGTPase	1
AH-326-I06	RM_type_II	2
AG-898-E17	dGTPase	1
AG-898-E17	RM_type_II	1
AG-896-K09	dGTPase	1
AG-896-K09	RM_type_II	2
AG-447-C11	dGTPase	1
AG-313-K10	dGTPase	1
AH-326-M15	RM_type_II	1
AG-333-M06	RM_type_II	1
AG-909-O06	dGTPase	1
AG-909-O06	RM_type_II	1
AG-447-F03	RM_type_II	1
AG-447-F03	dGTPase	1
AG-337-B07	dGTPase	1
AG-461-J09	dGTPase	1
AG-461-J09	RM_type_II	1
AG-464-L02	dGTPase	1
AG-893-P11	RM_type_II	1
AG-910-B23	RM_type_II	1
AG-891-L02	RM_type_II	1
AG-891-L02	dGTPase	1
AG-899-N21	dGTPase	1
AG-914-M21	RM_type_II	1
AG-359-A09	dGTPase	1
AG-904-K09	RM_type_II	1
AG-390-O04	dGTPase	1
AG-390-O04	RM_type_II	1
AH-324-K02	Viperin_solo	1
AG-390-I07	RM_type_II	1
AG-911-E04	RM_type_II	1
AG-911-E04	dGTPase	1
AG-891-A17	dGTPase	1
AG-891-A17	RM_type_II	1
AG-903-F15	TerY_other	1
AG-903-F15	Zorya_other	1
AG-908-E17	RM_type_II	1
AG-920-K13	dGTPase	1
AG-920-K13	RM_type_II	1
AG-891-D20	RM_type_II	1
AG-907-N10	RM_type_II	1
AG-920-E03	Pycsar_unknown	1
AG-920-E03	RM_type_II	2
AG-435-I13	Zorya_other	1
AG-914-M14	RM_type_II	2
AG-914-M14	dGTPase	1
AG-414-M08	dGTPase	1
AG-333-I17	dGTPase	1
AH-324-P13	RM_type_II	1
AG-916-L11	RM_type_II	1
AG-916-L11	dGTPase	1
AH-321-G20	Zorya_type_I	1
AH-321-G20	dGTPase	1
AG-447-N07	dGTPase	1
AG-447-N07	Zorya_other	1
AH-326-I04	dGTPase	1
AG-439-C07	dGTPase	1
AG-900-J21	RM_type_II	2
AG-908-E18	RM_type_II	1
AG-359-E08	RM_type_II	2
AG-895-O05	dGTPase	1
AG-410-N09	RM_type_II	1
AG-337-M14	RM_type_II	1
AG-435-E14	RM_type_II	1
AG-435-E14	dGTPase	1
AG-916-O06	RM_type_II	1
AG-916-O06	dGTPase	1
AG-913-L03	RM_type_II	1
AG-913-L03	dGTPase	1
AG-349-D18	Pycsar_unknown	1
AG-919-J10	RM_type_II	1
AG-912-K17	dGTPase	1
AG-907-B22	RM_type_II	1
AH-324-O17	dGTPase	1
AG-390-I20	dGTPase	1
AG-891-L08	RM_type_II	1
AG-913-M06	RM_type_II	1
AG-898-F11	Zorya_other	1
AG-426-E17	RM_type_II	1
AG-426-E17	dGTPase	1
AG-426-G02	dGTPase	1
AG-426-G02	RM_type_II	1
AG-909-N22	RM_type_II	1
AG-313-M07	dGTPase	1
AG-905-E21	dGTPase	1
AG-916-K23	dGTPase	1
AG-457-N04	dGTPase	1
AG-903-O18	RM_type_II	1
AG-903-O18	dGTPase	1
AG-893-C02	DRT_other	1
AG-893-C02	PbeABCD	1
AG-899-M19	dGTPase	1
AG-912-K07	dGTPase	1
AG-447-C07	RM_type_II	1
AG-447-C07	dGTPase	1
AG-325-F23	dGTPase	1
AG-911-E22	RM_type_II	1
AG-911-F16	dGTPase	1
AG-911-F16	RM_type_II	1
AH-324-G08	dGTPase	1
AG-891-A14	dGTPase	1
AG-891-A14	Cas_type_other	1
AG-903-F09	dGTPase	1
AG-903-F09	RM_type_II	1
AG-920-C09	RM_type_II	1
AG-912-A14	RM_type_II	1
AG-899-G03	RM_type_II	1
AG-899-G03	dGTPase	1
AH-324-J06	dGTPase	1
AG-895-O19	dGTPase	1
AG-343-N17	RM_type_II	1
AG-414-I09	RM_type_II	1
AG-414-I09	dGTPase	1
AG-447-N02	dGTPase	1
AG-447-N02	RM_type_II	1
AG-426-E14	RM_type_II	1
AG-426-E14	dGTPase	1
AG-910-J03	RM_type_II	1
AG-900-K11	Zorya_other	1
AG-900-K11	dGTPase	1
AG-904-K22	Zorya_other	1
AG-457-E02	RM_type_II	1
AG-457-E02	Pycsar_unknown	1
AH-326-D14	RM_type_II	1
AH-326-D14	dGTPase	1
AG-919-I10	RM_type_II	1
AG-325-B10	dGTPase	1
AG-325-B10	RM_type_II	1
AG-426-O08	RM_type_II	1
AG-908-N06	Pycsar_unknown	1
AG-910-O09	RM_type_II	1
AG-349-L08	RM_type_II	1
AG-919-C02	dGTPase	1
AG-919-C02	RM_type_II	1
AG-895-K10	RM_type_II	1
AG-895-K10	dGTPase	1
AG-919-J14	RM_type_II	1
AH-326-G03	Zorya_other	1
AG-325-E11	RM_type_II	1
AG-904-L02	RM_type_II	1
AG-904-L02	dGTPase	1
AG-896-A11	RM_type_II	1
AG-893-L10	Zorya_other	1
AG-893-L10	PbeABCD	1
AG-457-K15	RM_type_II	1
AG-918-O11	RM_type_II	1
AG-349-M05	dGTPase	1
AG-893-D21	Zorya_other	1
AG-414-L04	dGTPase	1
AG-414-L04	RM_type_II	1
AG-910-O15	dGTPase	1
AG-910-O20	dGTPase	1
AG-910-O20	RM_type_II	1
AG-349-C08	DRT_other	1
AG-913-C03	dGTPase	1
AG-913-C03	RM_type_II	1
AG-917-D08	RM_type_II	1
AG-917-D08	dGTPase	1
AG-359-K09	RM_type_II	1
AG-359-K09	dGTPase	1
AG-390-A03	RM_type_II	2
AG-390-A03	dGTPase	1
AG-414-K17	RM_type_II	1
AH-324-J07	dGTPase	1
AH-324-J07	RM_type_II	1
AG-457-E04	dGTPase	1
AG-919-J19	RM_type_II	1
AG-912-A22	RM_type_II	1
AG-912-A22	dGTPase	1
AG-911-E03	dGTPase	1
AG-464-E21	RM_type_II	1
AG-910-M07	dGTPase	1
AG-918-D22	RM_type_II	1
AG-422-N03	dGTPase	1
AG-422-N03	Zorya_other	1
AG-430-L02	RM_type_II	1
AG-435-A16	RM_type_II	1
AG-360-D04	RM_type_II	1
AG-360-D04	dGTPase	1
AG-899-G04	RM_type_II	1
AG-410-N14	DRT_class_I	1
AG-337-I10	Mza	1
AG-337-I10	dGTPase	1
AG-894-L16	RM_type_II	1
AG-898-P10	RM_type_II	1
AG-894-L17	dGTPase	1
AG-894-L17	RM_type_II	1
AG-325-E07	RM_type_II	1
AG-422-L16	dGTPase	1
AG-343-F17	dGTPase	1
AG-893-L06	dGTPase	1
AG-893-L06	RM_type_II	1
AG-343-F06	dGTPase	1
AG-908-A03	RM_type_II	1
AG-909-E02	RM_type_II	1
AG-333-G21	RM_type_II	1
AG-913-K15	dGTPase	1
AG-414-D07	RM_type_II	1
AG-422-O14	dGTPase	1
AG-422-O14	RM_type_II	1
AG-404-K04	dGTPase	1
AG-896-L20	RM_type_II	1
AG-896-L20	dGTPase	1
AG-894-A16	Zorya_other	1
AH-326-O21	Mza_other	1
AH-326-O21	dGTPase	1
AG-325-J15	dGTPase	1
AG-435-G05	dGTPase	2
AG-313-M16	RM_type_II	1
AG-313-N13	dGTPase	1
AG-453-C23	dGTPase	1
AH-326-O20	dGTPase	1
AH-326-O20	RM_type_II	2
AG-920-P15	dGTPase	1
AG-430-G11	RM_type_II	1
AG-430-G11	dGTPase	1
AG-439-I19	RM_type_II	1
AG-439-I19	dGTPase	1
AG-325-N09	dGTPase	1
AG-325-N09	RM_type_II	1
AG-349-L03	RM_type_II	1
AG-470-I08	dGTPase	1
AG-914-N11	RM_type_II	1
AG-917-A15	RM_type_II	1
AG-892-A06	dGTPase	1
AG-404-N03	RM_type_II	1
AG-913-C18	RM_type_II	1
AG-435-C08	dGTPase	1
AG-435-C10	RM_type_II	1
AG-892-N21	Zorya_other	1
AG-333-C07	dGTPase	1
AG-333-C07	RM_type_II	1
AG-333-C20	dGTPase	1
AH-287-C18	dGTPase	1
AG-910-G13	Zorya_other	1
AG-426-N03	dGTPase	1
AG-453-D10	RM_type_II	1
AG-343-E16	Mza	1
AG-343-E16	dGTPase	1
AG-360-M22	dGTPase	1
AG-360-M22	RM_type_II	1
AG-912-L10	Mza_other	1
AG-325-O17	dGTPase	1
AG-410-I20	RM_type_II	1
AG-447-K13	dGTPase	1
AG-908-D05	dGTPase	1
AG-343-E15	dGTPase	1
AG-404-L16	Pycsar_unknown	1
AG-422-L03	RM_type_II	1
AG-313-J13	dGTPase	1
AG-900-P10	RM_type_II	1
AG-900-P04	RM_type_II	1
AG-360-O21	RM_type_II	1
AG-360-O21	dGTPase	1
AG-404-C05	dGTPase	1
AG-313-D21	RM_type_II	1
AG-414-G06	dGTPase	1
AG-426-C04	dGTPase	1
AG-426-C04	RM_type_II	1
AG-430-F08	dGTPase	1
AG-435-A10	RM_type_II	1
AG-365-G02	dGTPase	1
AG-365-K17	RM_type_II	1
AG-892-B03	dGTPase	1
AG-333-F03	dGTPase	1
AG-892-A10	dGTPase	1
AG-892-A10	Zorya_other	1
AG-892-P23	RM_type_II	1
AG-390-D22	dGTPase	1
AG-390-N06	RM_type_II	1
AG-390-N06	dGTPase	1
AG-891-F06	Mza	1
AG-891-F06	Zorya_other	1
AG-337-C21	dGTPase	1
AG-337-C21	RM_type_II	1
AG-895-D10	dGTPase	1
AG-894-M06	dGTPase	1
AG-426-E23	Pycsar_unknown	1
AG-430-J07	dGTPase	1
AG-313-B19	RM_type_II	1
AG-313-D20	RM_type_II	1
AG-313-G06	dGTPase	1
AG-313-A04	RM_type_II	2
AG-313-F18	Mza	1
AG-337-C19	dGTPase	1
AG-337-J11	dGTPase	1
AG-343-G20	dGTPase	1
AG-453-L21	RM_type_II	1
AG-343-K16	Zorya_other	1
AG-362-L17	dGTPase	1
AG-365-C05	dGTPase	1
AG-337-F15	RM_type_II	1
AG-337-J09	RM_type_II	1
AG-337-P03	RM_type_II	1
AG-337-P04	dGTPase	1
AG-337-P04	RM_type_II	1
AG-343-D23	RM_type_II	1
AG-897-L14	Wadjet_other	1
AG-414-B10	RM_type_II	1
AG-414-B10	dGTPase	1
AG-414-B15	dGTPase	1
AG-343-I10	RM_type_II	1
AG-313-B10	dGTPase	1
AG-313-D10	dGTPase	1
AG-313-E23	Druantia_other	1
AG-457-E22	dGTPase	1
AG-457-E22	Zorya_other	1
AG-457-L23	dGTPase	1
AG-457-O13	dGTPase	1
AG-430-C08	RM_type_II	1
AG-899-B02	RM_type_II	1
AG-899-B02	Pycsar_unknown	1
AG-901-F04	RM_type_II	1
AG-901-F04	dGTPase	1
AG-901-P06	dGTPase	1
AG-904-M06	RM_type_II	1
AG-404-O17	dGTPase	1
AG-404-O17	RM_type_II	1
AG-414-G05	dGTPase	1
AG-422-K05	Hma	1
AG-333-F04	dGTPase	1
AG-892-N10	dGTPase	1
AG-337-P17	dGTPase	1
AG-904-D05	dGTPase	1
AG-904-G19	Druantia_other	1
AG-907-D08	RM_type_II	1
AG-907-D08	dGTPase	1
AG-453-L23	dGTPase	1
AG-457-C02	RM_type_II	1
AG-457-J04	RM_type_II	1
AG-414-P15	dGTPase	1
AG-343-C05	RM_type_II	1
AG-337-M22	Druantia_other	2
AG-337-M22	dGTPase	1
AG-343-D21	dGTPase	1
AG-343-D21	RM_type_II	1
AG-343-D22	dGTPase	1
AG-343-D22	RM_type_II	1
AG-361-B11	dGTPase	1
AG-414-G02	dGTPase	1
AG-414-G02	Zorya_other	1
AG-414-M06	RM_type_II	1
AG-907-I07	Druantia_type_IV	1
AG-907-I07	Druantia_other	1
AG-907-L05	RM_type_II	1
AG-430-J10	RM_type_II	1
AG-430-C07	Cas_Class2_TypeII_subtypeC	1
AG-430-C07	Wadjet_other	1
AG-439-J23	dGTPase	1
AG-447-P02	RM_type_II	1
AG-447-O22	dGTPase	1
AG-447-O22	RM_type_II	1
AG-453-F03	RM_type_II	1
AG-361-B18	RM_type_II	1
AG-404-L08	dGTPase	1
AG-908-P05	Zorya_other	1
AG-910-C15	RM_type_II	1
AG-910-G10	dGTPase	1
AG-910-L15	RM_type_II	2
AG-390-E04	RM_type_II	1
AG-390-E04	dGTPase	1
AG-390-G13	dGTPase	1
AG-390-G13	RM_type_II	1
AG-390-N17	dGTPase	1
AG-390-N17	RM_type_II	1
AG-439-J16	dGTPase	1
AG-891-J13	RM_type_II	1
AG-892-A15	RM_type_II	1
AG-365-G03	dGTPase	1
AG-910-K17	RM_type_II	1
AG-439-N16	dGTPase	1
AG-447-J16	dGTPase	1
AG-911-J20	RM_type_II	1
AG-911-J20	dGTPase	1
AG-899-P09	dGTPase	1
AG-899-P09	RM_type_II	1
AG-900-C18	RM_type_II	1
AG-892-E08	dGTPase	1
AG-893-M21	dGTPase	1
AG-913-E07	RM_type_II	1
AG-913-E07	dGTPase	1
AG-914-E07	dGTPase	1
AG-908-F11	Zorya_other	1
AG-914-E11	RM_type_II	1
AG-453-O22	RM_type_II	1
AG-453-O22	dGTPase	1
AG-896-L17	dGTPase	1
AG-457-B17	dGTPase	1
AG-464-B13	RM_type_II	2
AG-464-B13	dGTPase	1
AG-892-E06	dGTPase	1
AG-447-F22	dGTPase	1
AG-447-F22	RM_type_II	2
AG-404-C20	dGTPase	1
AG-404-C20	RM_type_II	1
AG-453-C08	RM_type_II	1
AG-435-D08	RM_type_II	1
AG-915-G10	RM_type_II	1
AG-915-L04	RM_type_II	1
AG-422-G03	dGTPase	1
AG-453-C09	dGTPase	1
AG-426-I21	dGTPase	1
AG-422-A17	Mza_other	1
AG-422-A17	RM_type_II	1
AG-893-E21	RM_type_II	1
AG-457-M16	dGTPase	1
AG-464-F17	RM_type_II	1
AG-918-K14	RM_type_II	1
AG-891-J11	RM_type_II	1
AG-470-K18	dGTPase	1
AG-470-K18	RM_type_II	1
AG-892-I20	Zorya_other	1
AG-917-N11	Mza_other	1
AG-457-J05	Zorya_other	1
AG-457-J09	RM_type_II	1
AG-461-F10	RM_type_II	1
AG-435-C13	RM_type_II	1
AG-439-J18	RM_type_II	1
AG-920-J03	dGTPase	1
AH-287-G17	dGTPase	1
AH-287-G19	dGTPase	1
AH-287-G19	RM_type_II	1
AH-321-G03	dGTPase	1
AG-903-D08	RM_type_II	1
AG-903-D08	dGTPase	1
AG-903-M14	RM_type_II	1
AG-903-M14	dGTPase	1
AG-453-I22	RM_type_II	1
AG-903-M21	RM_type_II	1
AG-891-J16	Zorya_other	1
AG-891-J16	dGTPase	1
AG-892-J04	dGTPase	1
AG-892-J04	Zorya_other	1
AG-447-J18	dGTPase	1
AG-447-J18	RM_type_II	1
AG-893-E15	RM_type_II	1
AG-894-E10	dGTPase	1
AH-321-F23	dGTPase	1
AH-326-D07	Mza	1
AG-914-M07	dGTPase	1
AG-914-M07	RM_type_II	1
AG-914-P09	dGTPase	1
AG-914-P09	RM_type_II	1
AG-898-D22	Zorya_other	1
AG-898-D22	dGTPase	1
AG-901-O21	Mza_other	1
AG-453-D05	RM_type_II	1
AG-453-D05	dGTPase	1
AG-453-O19	RM_type_II	1
AG-453-O19	dGTPase	1
AG-457-B20	dGTPase	1
AG-894-E05	Druantia_other	1
AG-910-N14	Zorya_other	1
AG-910-N14	dGTPase	1
AG-908-F18	dGTPase	1
AG-908-F18	RM_type_II	1
AG-908-F20	RM_type_II	1
AG-908-F20	dGTPase	1
AG-909-C20	dGTPase	1
AG-909-P11	dGTPase	1
AH-326-K03	dGTPase	1
AG-916-F23	RM_type_II	1
AG-898-A11	RM_type_II	1
AG-898-E05	RM_type_II	1
AG-898-P20	RM_type_II	1
AG-461-K05	Cas_type_other	1
AG-464-B15	RM_type_II	1
AG-464-F19	RM_type_II	1
AG-464-F19	dGTPase	1
AG-464-L19	Hhe	1
AG-461-C05	RM_type_II	1
AG-899-E08	dGTPase	1
AG-900-K20	dGTPase	1
AG-900-K20	Mza_other	1
AG-470-O04	dGTPase	1
AG-907-I04	dGTPase	1
AG-895-P14	Hma	1
AG-895-P14	Zorya_other	1
AG-900-K21	dGTPase	1
AG-900-K21	RM_type_II	1
AG-898-E04	dGTPase	1
AG-898-E04	RM_type_II	1
AG-894-J05	dGTPase	1
AG-910-K09	Mza	1
AG-894-M11	Pycsar_unknown	2
AG-894-M11	RM_type_II	1
AG-913-A15	RM_type_II	1
AG-895-I14	dGTPase	1
AG-891-N09	Cas_type_other	1
AG-892-A22	RM_type_II	1
AG-892-A22	dGTPase	1
AG-913-J02	Druantia_other	1
AG-913-J02	RM_type_II	1
AG-914-B03	RM_type_II	1
AG-914-E06	RM_type_II	1
AG-914-M06	RM_type_II	1
AG-903-M03	dGTPase	1
AG-904-M04	dGTPase	1
AG-893-L04	RM_type_II	1
AG-893-L04	dGTPase	1
AG-904-I05	dGTPase	1
AG-904-I05	RM_type_II	1
AG-893-E23	RM_type_II	1
AG-894-I07	dGTPase	1
AG-894-I07	RM_type_II	1
AG-915-K23	RM_type_II	1
AG-900-K22	dGTPase	1
AG-905-M09	RM_type_II	1
AG-917-B07	dGTPase	1
AG-917-B07	RM_type_II	1
AG-333-A18	RM_type_II	1
AG-333-D11	RM_type_II	1
AG-905-M05	dGTPase	1
AG-908-B23	dGTPase	1
AG-909-C13	RM_type_II	1
AG-909-P09	RM_type_II	1
AG-893-J17	dGTPase	1
AG-896-N02	dGTPase	1
AG-894-M09	Pycsar_unknown	1
AG-894-M09	dGTPase	1
AG-898-M05	Zorya_other	1
AG-337-C09	RM_type_II	1
AG-909-I04	RM_type_II	1
AG-909-J05	dGTPase	1
AG-909-J05	RM_type_II	1
AG-910-G07	dGTPase	1
AG-343-M04	RM_type_II	1
AG-899-L21	RM_type_II	1
AG-343-P05	dGTPase	1
AG-912-N03	RM_type_II	1
AG-913-A07	RM_type_II	1
AG-910-L06	Mza	1
AG-910-K19	RM_type_II	1
AG-916-C06	dGTPase	1
AG-913-A16	Mza	1
AG-900-C22	RM_type_II	1
AG-919-P14	dGTPase	1
AG-911-B02	dGTPase	1
AG-911-J19	RM_type_II	1
AG-912-K05	dGTPase	1
AG-912-M23	RM_type_II	1
AG-920-I22	dGTPase	1
AG-920-I22	RM_type_II	1
AH-287-G22	RM_type_II	1
AH-287-K14	dGTPase	1
AH-287-K14	RM_type_II	1
AH-324-F04	Mza_other	1
AG-360-A17	Zorya_other	1
AG-360-A17	dGTPase	1
AG-903-M17	RM_type_II	1
AG-904-C18	dGTPase	1
AG-904-C18	RM_type_II	1
AG-404-J15	dGTPase	1
AH-321-A03	RM_type_II	1
AH-321-A03	dGTPase	1
AH-324-A20	RM_type_II	1
AH-324-A20	dGTPase	1
AG-914-J18	dGTPase	1
AG-914-N14	dGTPase	1
AG-914-P19	RM_type_II	1
AG-915-K20	RM_type_II	1
AG-915-K20	dGTPase	1
AG-390-I16	dGTPase	1
AH-321-N17	dGTPase	1
AH-326-A09	Mza	1
AG-908-C02	Zorya_other	1
AG-908-C03	dGTPase	1
AG-915-G13	RM_type_II	1
AG-915-K22	dGTPase	1
AG-917-B06	RM_type_II	1
AG-414-B08	dGTPase	1
AG-414-B08	RM_type_II	1
AG-414-G21	dGTPase	1
AG-414-N04	RM_type_II	2
AG-422-B02	RM_type_II	1
AG-916-C05	RM_type_II	1
AG-916-K09	Viperin_solo	1
AG-422-B19	RM_type_II	1
AG-422-B19	dGTPase	1
AG-422-J08	RM_type_II	2
AG-916-N14	dGTPase	1
AG-918-B03	Zorya_other	1
AH-326-F21	RM_type_IV	1
AG-910-G06	RM_type_II	1
AG-910-G11	RM_type_II	1
AG-912-J06	dGTPase	1
AG-913-F04	dGTPase	1
AG-918-K13	RM_type_II	1
AG-918-K13	dGTPase	1
AG-919-P18	RM_type_II	1
AG-919-P18	dGTPase	1
AH-287-D21	dGTPase	1
AG-920-J04	dGTPase	1
AG-920-J04	RM_type_II	1
AG-912-E20	RM_type_II	1
AG-920-N08	dGTPase	1
AG-920-N08	RM_type_II	1
AG-319-G21	RM_type_II	1
AG-911-N11	dGTPase	1
AG-349-C11	RM_type_II	1
AG-349-C11	dGTPase	1
AG-912-F03	dGTPase	1
AG-915-O13	RM_type_II	1
AG-915-O16	RM_type_II	1
AG-915-P18	RM_type_II	1
AG-912-F16	dGTPase	1
AG-912-F16	RM_type_II	1
AG-914-B08	Cas_adaptation	1
AH-321-N19	RM_type_II	1
AG-426-F20	dGTPase	1
AG-439-E23	RM_type_II	1
AG-453-I05	Dnd_ABCDE	1
AG-343-B07	RM_type_II	1
AG-343-B07	dGTPase	1
AG-313-P16	RM_type_II	1
AG-913-N09	RM_type_II	1
AH-326-D09	dGTPase	1
AG-337-A23	RM_type_II	1
AG-337-A23	dGTPase	1
AG-918-K15	Zorya_other	1
AG-365-K10	RM_type_II	1
AG-343-F02	RM_type_II	1
AG-343-F02	dGTPase	1
AG-920-D21	RM_type_II	1
AG-920-I23	RM_type_II	1
AH-287-A19	RM_type_II	1
AH-287-A19	dGTPase	1
AG-453-I04	dGTPase	1
AG-916-G03	RM_type_II	1
AH-326-A08	RM_type_II	1
AG-917-N08	RM_type_II	1
AG-917-N08	dGTPase	1
AG-918-F23	dGTPase	1
AG-426-F21	dGTPase	1
AG-893-C03	dGTPase	1
AG-390-E02	dGTPase	1
AH-326-N16	PbeABCD	1
AG-892-K07	Zorya_other	1
AG-319-N02	RM_type_II	1
AG-390-D20	dGTPase	1
AG-414-B07	RM_type_II	1
AG-422-D13	dGTPase	1
AG-325-G03	dGTPase	1
AG-891-K20	dGTPase	1
AG-892-L20	RM_type_II	1
AG-893-F19	dGTPase	1
AG-360-E10	RM_type_II	1
AG-891-K19	Zorya_other	1
AG-891-K19	dGTPase	1
AG-892-D04	RM_type_II	1
AG-359-L21	Pycsar_unknown	1
AG-359-L21	RM_type_II	1
AG-365-D19	dGTPase	1
AG-362-I11	dGTPase	1
AH-287-A18	dGTPase	1
AH-287-A18	RM_type_II	1
AH-287-G21	RM_type_II	2
AG-430-F15	RM_type_II	1
AH-324-F06	dGTPase	1
AG-349-F21	RM_type_II	1
AG-349-F21	dGTPase	1
AG-349-M19	dGTPase	1
AG-447-K09	dGTPase	1
AH-321-C20	RM_type_IV	1
AH-321-N11	dGTPase	1
AG-404-N13	RM_type_II	1
AG-404-N13	dGTPase	1
AG-898-F21	Zorya_other	1
AG-898-F21	RM_type_II	1
AG-365-F06	RM_type_II	1
AG-365-J19	dGTPase	1
AG-365-J19	RM_type_II	1
AG-365-N02	RM_type_II	1
AG-899-G21	RM_type_II	1
AG-899-L06	Zorya_other	1
AG-897-N06	Cas_adaptation	1
AG-897-N06	RM_type_II	1
AG-897-N06	Zorya_other	1
AG-349-P20	dGTPase	1
AG-359-A02	dGTPase	1
AG-359-A02	RM_type_II	1
AG-422-P05	RM_type_II	1
AG-422-P05	Zorya_other	1
AG-422-P05	dGTPase	1
AG-435-B16	RM_type_II	1
AG-430-F03	RM_type_II	1
AG-430-F03	dGTPase	1
AG-439-M16	RM_type_II	1
AG-313-L04	dGTPase	1
AG-905-B03	dGTPase	1
AG-359-E07	RM_type_II	1
AG-359-E07	dGTPase	1
AG-360-E15	RM_type_II	1
AG-360-J02	RM_type_II	1
AG-313-J15	PbeABCD	1
AG-359-M02	dGTPase	1
AG-360-N04	RM_type_II	1
AG-360-N11	dGTPase	1
AG-365-I22	RM_type_II	1
AG-901-A01	dGTPase	1
AG-901-D17	RM_type_II	1
AG-333-A19	dGTPase	1
AG-333-D07	RM_type_II	1
AG-333-D07	dGTPase	1
AG-337-D15	RM_type_II	1
AG-365-D18	RM_type_II	1
AG-365-D18	dGTPase	1
AG-365-D23	PbeABCD	1
AG-453-I13	dGTPase	1
AG-343-E22	RM_type_II	1
AG-439-D15	dGTPase	1
AG-333-K06	dGTPase	1
AG-333-K06	RM_type_II	1
AG-337-A10	dGTPase	1
AG-337-D17	RM_type_II	1
AG-337-D17	dGTPase	1
AG-337-O02	RM_type_II	1
AG-905-P05	dGTPase	1
AG-908-C04	RM_type_II	1
AG-908-G14	dGTPase	1
AG-464-D21	RM_type_II	1
AG-360-E16	RM_type_II	1
AG-410-D14	dGTPase	1
AG-426-D06	Pycsar_unknown	1
AG-359-E04	dGTPase	1
AG-910-B13	RM_type_II	1
AG-893-F11	RM_type_II	1
AG-893-F11	dGTPase	1
AG-464-O02	dGTPase	1
AG-464-O02	RM_type_II	1
AG-893-F05	dGTPase	1
AG-894-L13	dGTPase	1
AG-894-L13	RM_type_II	1
AG-422-A21	RM_type_II	1
AG-910-E21	dGTPase	1
AG-910-K08	dGTPase	1
AG-910-K08	RM_type_II	1
AG-349-P23	dGTPase	1
AG-360-E14	RM_type_II	1
AG-362-D07	dGTPase	1
AG-343-M11	Viperin_solo	1
AG-343-M11	RM_type_II	1
AG-360-E08	dGTPase	1
AG-422-L10	dGTPase	1
AG-912-M09	Zorya_other	1
AG-915-F13	Viperin_solo	1
AG-360-N07	Zorya_other	1
AG-360-N07	Cas_adaptation	1
AG-905-P04	dGTPase	1
AG-905-P04	RM_type_II	1
AG-430-J21	dGTPase	1
AG-435-B11	Zorya_other	1
AG-349-M18	Mza_other	1
AG-349-M18	dGTPase	1
AG-360-A14	dGTPase	1
AG-453-G21	RM_type_II	1
AG-453-G21	dGTPase	1
AG-457-F22	RM_type_II	1
AG-453-D22	dGTPase	1
AG-453-D22	RM_type_II	1
AG-430-F09	dGTPase	1
AG-892-D03	dGTPase	1
AG-390-A20	RM_type_II	1
AG-390-A22	RM_type_II	1
AG-390-I17	dGTPase	1
AG-390-E03	dGTPase	1
AG-410-E14	RM_type_II	1
AG-414-B11	dGTPase	1
AG-414-B11	RM_type_II	1
AG-892-M03	Pycsar_unknown	1
AG-893-K07	dGTPase	1
AG-893-K07	Zorya_other	1
AG-894-O09	dGTPase	1
AG-894-O09	RM_type_II	1
AG-896-D10	dGTPase	1
AG-435-L19	RM_type_II	1
AG-447-K06	dGTPase	1
AG-453-I09	dGTPase	1
AG-404-J17	PbeABCD	1
AG-414-L21	RM_type_II	1
AG-414-L21	dGTPase	1
AG-422-A09	RM_type_II	1
AG-898-K23	Pycsar_unknown	1
AG-898-K23	RM_type_II	1
AG-457-P16	dGTPase	1
AG-457-P15	dGTPase	1
AG-457-P15	Mza	1
AG-900-P21	dGTPase	1
AG-461-P16	dGTPase	1
AG-422-B10	RM_type_II	1
AG-422-B10	dGTPase	1
AG-422-B15	dGTPase	1
AG-422-B15	RM_type_II	1
AG-919-M05	dGTPase	1
AG-919-M05	RM_type_II	1
AH-287-B23	RM_type_II	1
AG-426-D09	RM_type_II	1
AG-426-D09	dGTPase	1
AG-426-G23	RM_type_II	1
AG-898-O18	Zorya_other	1
AG-435-M20	dGTPase	1
AG-911-C07	dGTPase	1
AG-447-A02	dGTPase	1
AG-447-A02	RM_type_II	1
AG-453-D17	dGTPase	1
AG-453-D17	RM_type_II	1
AG-893-K09	RM_type_II	1
AG-893-K09	dGTPase	1
AG-894-B13	RM_type_II	1
AG-435-B08	RM_type_II	1
AG-414-L18	Pycsar_unknown	1
AG-895-K23	Pycsar_unknown	1
AG-895-K23	RM_type_II	2
AG-898-K21	RM_type_II	1
AG-903-G03	dGTPase	1
AG-892-C18	dGTPase	1
AG-447-D10	RM_type_II	1
AG-911-G06	dGTPase	1
AG-891-K21	dGTPase	1
AG-457-F02	dGTPase	1
AG-903-K21	Zorya_other	1
AG-903-K21	dGTPase	1
AG-894-K22	RM_type_II	1
AG-894-K22	dGTPase	1
AG-903-G06	dGTPase	1
AH-324-C16	RM_type_II	1
AH-326-C02	RM_type_II	1
AG-457-M13	dGTPase	1
AG-457-M13	RM_type_II	1
AG-453-A09	dGTPase	1
AG-453-A09	RM_type_II	1
AG-453-L03	RM_type_II	1
AG-913-A04	RM_type_II	2
AG-913-A04	dGTPase	1
AG-913-F03	RM_type_II	1
AG-913-F03	dGTPase	1
AG-913-E17	Mza_other	1
AG-909-E14	RM_type_II	1
AG-909-K17	Pycsar_unknown	1
AG-461-G03	RM_type_II	1
AG-461-G03	dGTPase	1
AG-319-N03	RM_type_II	1
AG-325-J21	RM_type_II	1
AG-914-K05	dGTPase	1
AG-457-M20	dGTPase	1
AG-461-I10	dGTPase	1
AG-461-I10	RM_type_II	1
AG-461-L02	Mza_other	1
AG-915-F23	dGTPase	1
AG-910-B16	RM_type_II	2
AG-910-B16	dGTPase	1
AG-910-O05	dGTPase	1
AG-897-G15	dGTPase	1
AG-915-J21	RM_type_II	1
AH-326-E22	dGTPase	1
AH-326-E22	RM_type_II	1
AG-319-K10	Mza	1
AG-325-F21	RM_type_II	1
AH-287-A01	dGTPase	1
AH-287-A01	Zorya_other	1
AG-909-O11	Zorya_other	1
AG-910-K02	RM_type_II	1
AG-910-K02	dGTPase	1
AG-910-O03	dGTPase	1
AG-910-O03	RM_type_II	1
AG-896-A01	dGTPase	1
AG-896-A01	RM_type_II	1
AG-899-E07	dGTPase	1
AG-464-E06	dGTPase	1
AG-464-J06	RM_type_II	1
AG-892-G14	RM_type_II	1
AG-470-O10	dGTPase	1
AG-470-O10	RM_type_II	1
AG-470-F15	RM_type_II	1
AG-912-P19	dGTPase	1
AG-912-P19	RM_type_II	1
AG-913-A03	dGTPase	1
AG-913-E03	dGTPase	1
AG-913-E03	RM_type_II	1
AG-914-C03	dGTPase	1
AG-914-C03	RM_type_II	1
AG-899-D10	RM_type_II	1
AG-900-P18	RM_type_II	1
AG-900-P18	dGTPase	1
AG-901-D20	RM_type_II	1
AG-901-D20	dGTPase	1
AG-891-G02	RM_type_II	1
AG-891-G02	dGTPase	1
AG-892-G17	RM_type_II	1
AG-893-B18	RM_type_II	1
AG-895-F20	RM_type_II	1
AG-895-F20	dGTPase	1
AG-895-L13	RM_type_II	1
AG-896-G16	Mza	1
AG-896-G16	Zorya_other	1
AG-333-F13	RM_type_II	1
AG-333-F13	dGTPase	1
AG-333-M05	RM_type_II	1
AG-904-J09	RM_type_II	1
AG-916-O09	RM_type_II	1
AG-903-L07	dGTPase	1
AG-903-L07	RM_type_II	1
AG-903-P18	Zorya_other	1
AG-905-B07	RM_type_II	1
AG-907-O18	RM_type_II	1
AG-909-K18	dGTPase	1
AG-892-D02	dGTPase	1
AG-892-D02	Zorya_other	1
AG-892-D02	Pycsar_unknown	1
AG-895-G04	RM_type_II	1
AG-895-G04	dGTPase	1
AG-895-P08	dGTPase	1
AG-905-B19	RM_type_II	1
AG-907-G02	RM_type_II	1
AG-422-G15	RM_type_II	1
AG-422-G15	dGTPase	1
AG-895-C04	RM_type_IV	1
AG-899-B09	dGTPase	1
AG-899-B09	RM_type_II	1
AG-916-P21	RM_type_II	1
AG-910-L19	dGTPase	1
AG-359-J17	dGTPase	1
AG-343-J17	dGTPase	1
AG-447-C06	RM_type_II	1
AG-447-C06	dGTPase	1
AG-439-P13	RM_type_II	1
AG-898-N20	RM_type_II	1
AG-898-N20	dGTPase	1
AG-313-F06	Pycsar_unknown	1
AG-313-F06	dGTPase	1
AG-313-F06	RM_type_II	1
AG-337-F17	dGTPase	1
AG-337-G09	RM_type_II	1
AG-343-E10	dGTPase	1
AG-343-E10	RM_type_II	1
AG-343-G17	Pycsar_unknown	1
AG-343-G17	RM_type_II	1
AG-349-A02	dGTPase	1
AG-365-C10	RM_type_II	1
AG-365-D13	dGTPase	1
AG-313-A11	dGTPase	1
AG-313-C14	Mza_other	1
AG-313-D18	dGTPase	1
AG-313-G19	RM_type_II	1
AG-313-B09	RM_type_II	1
AG-390-B07	RM_type_II	2
AG-390-B07	dGTPase	1
AG-422-C13	dGTPase	1
AG-422-C13	RM_type_II	1
AG-426-B21	Zorya_other	1
AG-430-F07	RM_type_II	1
AG-430-J08	dGTPase	1
AG-337-F16	dGTPase	1
AG-337-K02	RM_type_II	1
AG-439-B06	Mza	1
AG-439-B07	Mza_other	1
AG-453-C15	dGTPase	1
AG-453-C15	RM_type_II	1
AG-365-D07	RM_type_II	1
AG-365-D07	dGTPase	1
AG-365-O22	RM_type_II	1
AG-313-B02	dGTPase	1
AG-313-I02	RM_type_II	1
AG-359-A22	dGTPase	1
AG-464-B09	RM_type_II	1
AG-360-F02	dGTPase	1
AG-337-J22	dGTPase	1
AG-337-J22	RM_type_II	1
AG-337-M15	RM_type_II	2
AG-337-M15	dGTPase	1
AG-343-C07	Pycsar_unknown	1
AG-461-C04	dGTPase	1
AG-461-C04	RM_type_II	1
AG-313-C18	RM_type_II	1
AG-313-G11	dGTPase	1
AG-337-N02	dGTPase	1
AG-349-A04	RM_type_II	1
AG-349-G17	RM_type_II	1
AG-319-N07	RM_type_II	1
AG-359-O10	Zorya_other	1
AG-422-K22	RM_type_II	1
AG-390-O05	dGTPase	1
AG-426-I04	RM_type_II	1
AG-426-I04	Zorya_other	1
AG-426-I04	dGTPase	1
AG-430-C17	Mza_other	1
AG-337-K22	RM_type_II	1
AG-426-L13	dGTPase	1
AG-439-B12	dGTPase	1
AG-439-B12	RM_type_II	1
AG-343-D03	dGTPase	1
AG-343-K22	RM_type_II	1
AG-414-E06	RM_type_II	1
AG-414-E06	Zorya_other	1
AG-414-E06	dGTPase	1
AG-422-C09	Zorya_other	1
AG-422-C07	RM_type_II	1
AG-422-C07	dGTPase	1
AG-891-M11	dGTPase	1
AG-435-D23	dGTPase	1
AG-893-L07	RM_type_II	1
AG-893-L07	dGTPase	1
AG-893-P02	RM_type_II	1
AG-893-P02	dGTPase	1
AG-894-G18	AbiU	1
AG-360-C10	RM_type_II	2
AG-895-B04	RM_type_II	1
AG-895-B04	Pycsar_unknown	1
AG-898-D09	dGTPase	1
AG-435-D21	dGTPase	1
AG-435-I20	dGTPase	1
AG-349-J18	Pycsar_unknown	1
AG-365-N21	DRT_other	1
AG-404-D06	RM_type_II	1
AG-903-E09	dGTPase	1
AG-903-E09	RM_type_II	1
AG-903-K09	dGTPase	1
AG-447-G19	dGTPase	1
AG-461-E23	RM_type_II	1
AG-461-E23	dGTPase	1
AG-426-I03	RM_type_II	1
AG-410-B17	RM_type_II	1
AG-422-K23	RM_type_II	1
AG-447-L11	dGTPase	1
AG-453-F15	RM_type_II	1
AG-390-N03	RM_type_II	1
AG-410-B20	RM_type_IIG	1
AG-410-L05	RM_type_II	1
AG-430-C22	RM_type_II	1
AG-435-J22	RM_type_II	1
AG-907-N09	RM_type_II	1
AG-414-E07	RM_type_II	1
AG-414-I19	RM_type_II	1
AG-414-I19	dGTPase	1
AG-422-G13	dGTPase	1
AG-422-G13	RM_type_II	1
AG-909-P05	RM_type_II	1
AG-891-C19	RM_type_II	1
AG-891-G20	Zorya_other	1
AG-891-G20	dGTPase	1
AG-892-P08	RM_type_II	1
AG-912-I14	RM_type_II	1
AG-422-K21	Zorya_other	1
AG-435-O21	dGTPase	1
AG-892-B06	Zorya_other	1
AG-892-B06	dGTPase	1
AG-439-J08	dGTPase	1
AG-911-F13	Zorya_other	1
AG-911-F13	dGTPase	1
AG-911-F13	RM_type_II	1
AG-917-N19	RM_type_II	1
AG-447-K20	RM_type_II	1
AG-457-N03	RM_type_II	1
AG-439-M08	RM_type_II	1
AG-430-I04	RM_type_II	1
AG-430-I04	dGTPase	1
AG-435-O17	dGTPase	1
AG-899-O02	dGTPase	1
AG-899-O02	RM_type_II	1
AG-894-P18	Mza	1
AG-894-P18	dGTPase	1
AG-895-O17	RM_type_II	1
AG-895-O17	dGTPase	1
AG-896-N18	RM_type_II	1
AG-439-C08	RM_type_II	1
AG-439-C08	dGTPase	1
AG-435-D19	Hma	1
AG-447-N17	dGTPase	1
AG-453-K09	dGTPase	1
AG-894-G20	Zorya_other	1
AG-894-G20	Pycsar_unknown	1
AG-894-G20	dGTPase	1
AG-920-G11	Zorya_other	1
AG-920-L20	dGTPase	1
AG-920-L20	RM_type_II	1
AH-287-J18	dGTPase	1
AH-287-J18	RM_type_II	1
AH-287-J09	dGTPase	1
AH-321-D15	dGTPase	1
AH-326-P20	RM_type_II	1
AG-904-O02	RM_type_II	1
AG-447-E09	Mza_other	1
AG-904-D18	RM_type_II	1
AG-907-N06	dGTPase	1
AG-893-O19	dGTPase	1
AG-464-N14	Pycsar_unknown	1
AG-470-F21	RM_type_II	1
AG-461-J23	Pycsar_unknown	1
AG-470-L07	RM_type_II	1
AG-457-F11	Mza_other	1
AG-892-F10	Zorya_other	1
AG-892-F10	dGTPase	1
AG-893-E16	RM_type_II	1
AG-461-E17	Shedu	1
AG-908-F06	RM_type_II	1
AG-909-E18	RM_type_II	1
AG-914-N08	Zorya_other	1
AG-914-N08	dGTPase	1
AG-915-B03	Hma	1
AG-900-C09	dGTPase	1
AG-900-M05	RM_type_II	1
AG-900-M05	dGTPase	1
AG-901-E10	dGTPase	1
AG-464-I09	dGTPase	1
AG-464-I09	RM_type_II	1
AG-891-C17	RM_type_II	1
AG-905-L17	RM_type_II	1
AG-905-M08	RM_type_II	1
AG-894-C08	dGTPase	1
AG-894-P23	RM_type_II	1
AG-894-P23	dGTPase	1
AG-895-J23	RM_type_II	1
AG-895-J23	dGTPase	1
AG-897-B09	dGTPase	1
AG-920-B02	dGTPase	1
AG-892-B13	RM_type_II	1
AG-900-G06	RM_type_II	1
AG-901-A07	dGTPase	1
AG-898-N06	dGTPase	1
AG-893-K16	RM_type_II	2
AG-893-K16	dGTPase	1
AG-911-A16	RM_type_II	1
AG-911-A16	dGTPase	1
AG-909-K16	RM_type_II	1
AG-909-K16	dGTPase	1
AG-900-M16	RM_type_II	1
AG-894-B17	RM_type_II	2
AG-894-B17	Pycsar_unknown	1
AG-896-D14	Zorya_other	1
AG-896-D14	RM_type_II	1
AG-903-P21	dGTPase	1
AH-326-M08	Zorya_other	1
AG-911-G09	RM_type_II	1
AG-917-O23	RM_type_II	1
AG-917-O23	Pycsar_unknown	1
AG-918-A01	RM_type_II	1
AG-918-A01	dGTPase	1
AG-920-O10	RM_type_II	1
AG-920-O11	dGTPase	1
AH-287-C03	dGTPase	1
AH-287-C03	RM_type_II	1
AH-287-C03	Viperin_solo	1
AG-899-D15	dGTPase	1
AG-899-L15	dGTPase	1
AG-899-L15	RM_type_II	1
AG-900-D03	RM_type_II	1
AG-911-K23	RM_type_II	1
AG-912-C15	RM_type_II	1
AG-919-P07	RM_type_II	1
AG-909-O10	RM_type_II	1
AG-909-O10	dGTPase	1
AG-909-O16	dGTPase	1
AG-903-C03	dGTPase	1
AG-903-G22	RM_type_II	1
AH-321-K16	RM_type_II	1
AG-912-I11	RM_type_II	1
AG-913-A06	dGTPase	1
AG-913-A06	RM_type_II	1
AH-326-E21	RM_type_II	1
AH-326-J06	dGTPase	1
AH-326-M13	RM_type_II	1
AH-326-M13	dGTPase	1
AH-326-P09	dGTPase	1
AG-901-I06	RM_type_II	1
AG-903-K22	dGTPase	1
AG-919-I15	RM_type_II	1
AG-919-P22	RM_type_II	1
AG-911-C08	Zorya_other	1
AG-439-C13	dGTPase	1
AG-325-C10	dGTPase	1
AG-333-G07	Mza_other	1
AG-918-I14	dGTPase	1
AG-907-O16	RM_type_II	1
AG-907-O16	dGTPase	1
AG-908-G18	Zorya_other	1
AG-910-O02	Zorya_other	1
AG-907-C13	Zorya_other	1
AG-907-G18	RM_type_II	1
AG-916-O10	dGTPase	1
AG-916-O10	RM_type_II	1
AG-917-O21	RM_type_II	1
AG-917-O21	dGTPase	1
AG-908-G17	RM_type_II	1
AG-913-J11	RM_type_II	1
AG-913-J17	RM_type_II	1
AG-917-O20	RM_type_II	1
AG-917-O20	dGTPase	1
AG-919-G13	dGTPase	1
AG-920-O06	dGTPase	1
AG-920-O06	RM_type_II	1
AH-287-M11	Zorya_other	1
AH-287-P13	dGTPase	1
AH-287-P13	RM_type_II	1
AH-324-L04	RM_type_II	1
AG-910-C14	RM_type_II	1
AG-910-K07	RM_type_II	1
AG-917-G04	Zorya_other	1
AG-918-N08	dGTPase	1
AG-919-M03	RM_type_II	1
AG-891-M08	Zorya_other	1
AG-912-C20	RM_type_II	1
AG-911-G14	RM_type_II	1
AG-912-I09	dGTPase	1
AG-912-I09	RM_type_II	1
AG-912-P21	RM_type_II	1
AG-912-P21	dGTPase	1
AG-359-J08	RM_type_II	1
AG-359-N05	dGTPase	1
AG-913-G06	dGTPase	1
AG-337-E05	RM_type_II	1
AH-287-P10	dGTPase	1
AH-321-G06	RM_type_II	1
AG-919-P09	dGTPase	1
AH-287-J07	RM_type_II	1
AH-287-J07	dGTPase	1
AG-913-E02	RM_type_II	1
AG-913-E02	dGTPase	1
AG-913-E11	dGTPase	1
AG-913-E11	RM_type_II	2
AG-913-N19	dGTPase	1
AG-914-B21	RM_type_II	1
AG-914-B23	dGTPase	1
AG-914-B23	RM_type_II	1
AH-324-C14	DRT_class_II	1
AH-324-C14	Iet	1
AG-914-F14	Zorya_other	1
AG-914-F14	dGTPase	1
AG-914-L03	dGTPase	1
AH-324-C07	RM_type_II	1
AG-917-C07	Zorya_other	1
AH-326-J08	dGTPase	1
AH-287-E18	dGTPase	1
AH-287-E18	RM_type_II	1
AH-287-E18	Viperin_solo	1
AG-447-G14	RM_type_II	1
AG-447-G14	dGTPase	1
AG-337-G04	dGTPase	1
AG-343-D11	RM_type_II	1
AG-343-L02	RM_type_II	1
AG-343-L02	dGTPase	1
AG-343-O05	dGTPase	1
AG-349-M13	dGTPase	1
AG-337-A03	Mza_other	1
AG-435-J13	RM_type_II	1
AG-435-J13	Pycsar_unknown	1
AG-337-C14	RM_type_II	1
AG-447-N18	RM_type_II	2
AG-447-N18	dGTPase	1
AG-447-N21	RM_type_II	1
AG-447-N21	dGTPase	1
AG-337-L03	dGTPase	1
AH-326-M23	dGTPase	1
AH-326-M23	RM_type_II	1
AG-333-O03	dGTPase	1
AG-461-F22	Cas_type_other	1
AG-313-M21	dGTPase	1
AG-313-M21	RM_type_II	1
AG-918-I09	RM_type_II	1
AG-404-M06	RM_type_II	1
AG-404-M06	dGTPase	1
AG-414-C04	RM_type_II	1
AG-414-I15	RM_type_II	1
AG-414-O13	dGTPase	1
AG-414-N11	dGTPase	1
AH-324-J08	Cas_Class2_TypeII_subtypeC	1
AG-360-G20	dGTPase	1
AG-903-I23	RM_type_II	1
AG-904-D16	RM_type_II	1
AG-333-F14	Zorya_other	1
AG-333-F14	dGTPase	1
AG-337-C22	RM_type_II	1
AG-337-C22	dGTPase	1
AG-907-A01	RM_type_II	1
AG-365-E10	RM_type_II	1
AG-349-E14	RM_type_IV	1
AG-349-E14	Zorya_other	1
AG-360-D08	RM_type_II	1
AG-349-J17	dGTPase	1
AG-360-J17	RM_type_II	1
AG-360-N23	dGTPase	1
AG-914-J02	RM_type_II	1
AG-365-O14	dGTPase	1
AG-404-I10	RM_type_II	1
AG-909-K20	RM_type_II	1
AH-326-M17	RM_type_II	1
AH-326-M17	dGTPase	1
AG-313-M22	dGTPase	1
AG-909-P17	dGTPase	1
AG-343-G05	Pycsar_unknown	1
AG-333-L11	RM_type_II	2
AG-910-E03	dGTPase	1
AG-910-E03	RM_type_II	1
AG-900-C07	dGTPase	1
AG-325-P05	dGTPase	1
AG-903-I21	dGTPase	1
AG-365-E11	dGTPase	1
AG-365-E11	RM_type_II	1
AG-313-L22	dGTPase	1
AG-911-A14	dGTPase	1
AG-453-B23	dGTPase	1
AG-893-E11	Zorya_other	1
AG-893-O11	dGTPase	1
AG-896-D09	dGTPase	1
AG-905-F19	RM_type_II	1
AG-905-F19	dGTPase	1
AG-895-A09	RM_type_II	1
AG-915-E13	Zorya_other	1
AG-915-E13	Pycsar_unknown	1
AG-915-E13	RM_type_II	1
AG-917-E05	dGTPase	1
AG-920-L18	RM_type_II	1
AG-920-L18	dGTPase	1
AH-287-M17	Viperin_solo	1
AG-897-I04	RM_type_II	1
AG-899-A14	dGTPase	1
AG-896-M13	Zorya_other	1
AG-898-A10	dGTPase	1
AG-897-O16	dGTPase	1
AG-897-O16	RM_type_II	1
AG-333-D23	RM_type_II	1
AG-333-D23	Zorya_other	1
AG-333-D23	dGTPase	1
AH-321-P05	RM_type_II	1
AH-326-I05	RM_type_II	1
AH-326-I05	dGTPase	1
AG-439-I15	RM_type_II	1
AG-911-F11	RM_type_II	1
AG-911-F11	dGTPase	1
AG-909-P19	dGTPase	1
AG-914-J05	dGTPase	1
AG-914-J05	RM_type_II	1
AG-911-O15	dGTPase	1
AG-913-F16	RM_type_II	1
AG-913-L09	Pycsar_unknown	1
AG-913-L09	Mza_other	2
AG-404-B17	RM_type_II	1
AG-915-K17	RM_type_II	1
AG-915-K19	RM_type_II	1
AG-899-O04	RM_type_II	1
AG-899-O04	dGTPase	1
AG-901-E14	RM_type_II	1
AG-901-E14	dGTPase	1
AG-909-P15	Pycsar_unknown	1
AG-913-I06	dGTPase	1
AG-914-D19	dGTPase	1
AG-915-L08	dGTPase	1
AG-903-O09	DRT_other	1
AG-903-O09	RM_type_II	1
AG-904-I16	RM_type_II	1
AG-904-N15	RM_type_II	1
AG-915-L11	dGTPase	1
AG-915-L11	RM_type_II	1
AG-891-K16	RM_type_II	1
AG-325-A05	RM_type_II	1
AG-904-N09	RM_type_II	1
AG-904-O11	RM_type_II	1
AG-904-N19	Pycsar_unknown	1
AG-904-N19	RM_type_II	1
AG-908-B06	dGTPase	1
AG-908-F04	dGTPase	1
AG-916-M03	Pycsar_unknown	1
AG-916-M03	RM_type_II	1
AG-917-N16	RM_type_II	1
AG-892-F15	RM_type_II	1
AG-892-F15	dGTPase	1
AG-918-M15	dGTPase	1
AG-325-A06	RM_type_II	1
AG-910-J05	dGTPase	1
AH-287-M13	dGTPase	1
AH-321-G23	RM_type_II	1
AG-915-K15	RM_type_II	1
AG-911-O11	dGTPase	1
AH-326-A23	RM_type_II	1
AH-326-M11	dGTPase	1
AG-313-L20	dGTPase	1
AG-913-G03	dGTPase	1
AG-914-D20	dGTPase	1
AG-914-D20	RM_type_II	1
AH-321-D13	RM_type_II	2
AG-912-I08	dGTPase	1
AG-349-C06	RM_type_II	1
AG-918-B20	RM_type_II	1
AG-918-G22	RM_type_II	1
AG-918-G22	dGTPase	1
AG-918-M19	RM_type_II	1
AG-918-M19	dGTPase	1
AG-918-M20	dGTPase	1
AG-325-K17	dGTPase	1
AG-319-C13	dGTPase	1
AG-916-L21	dGTPase	1
AG-916-L21	RM_type_II	1
AG-917-I17	RM_type_II	1
AH-321-I09	RM_type_II	1
AH-321-I09	dGTPase	1
AG-920-L03	RM_type_II	1
AG-920-L03	dGTPase	1
AG-920-L07	RM_type_II	1
AG-920-L07	dGTPase	1
AG-920-L19	RM_type_II	2
AH-287-B05	dGTPase	1
AH-287-B05	RM_type_II	1
AH-324-J20	Mza	1
AG-891-O13	RM_type_II	1
AH-287-E14	RM_type_II	1
AH-321-D17	dGTPase	1
AG-439-C22	dGTPase	1
AG-439-C21	dGTPase	1
AG-439-C21	RM_type_II	1
AG-891-C15	RM_type_II	1
AG-891-C15	dGTPase	1
AG-891-G05	RM_type_II	1
AG-325-I02	RM_type_II	1
AG-414-P04	RM_type_II	1
AG-422-E08	dGTPase	1
AG-426-F14	RM_type_II	1
AG-439-B03	RM_type_II	1
AG-325-D09	RM_type_II	1
AG-349-I22	RM_type_II	1
AG-349-I22	DRT_other	1
AG-325-G21	dGTPase	1
AG-325-G21	RM_type_II	1
AG-337-B23	dGTPase	1
AG-359-B04	dGTPase	1
AG-359-B04	RM_type_II	1
AG-359-C07	RM_type_II	1
AG-360-O02	RM_type_II	2
AG-360-O02	dGTPase	1
AG-325-N22	RM_type_II	1
AG-359-K14	RM_type_II	1
AG-896-O18	dGTPase	1
AG-404-K22	dGTPase	1
AG-426-K11	RM_type_II	1
AG-414-A22	dGTPase	1
AG-414-P09	RM_type_II	1
AG-414-P09	dGTPase	1
AG-422-E14	dGTPase	1
AG-349-E10	RM_type_II	1
AG-349-E10	Viperin_solo	1
AG-319-P11	RM_type_II	1
AG-907-C19	RM_type_II	1
AG-337-L07	Zorya_other	1
AG-343-J14	dGTPase	1
AG-894-B03	RM_type_II	1
AG-333-E02	RM_type_II	1
AG-891-B04	dGTPase	1
AG-892-A11	RM_type_II	1
AG-892-G02	dGTPase	1
AG-893-I04	dGTPase	1
AG-337-L15	RM_type_II	1
AG-343-D15	dGTPase	1
AG-343-D15	RM_type_II	1
AG-343-J07	RM_type_II	1
AG-337-M06	dGTPase	1
AG-337-M06	RM_type_II	1
AG-422-N09	RM_type_II	1
AG-422-N09	dGTPase	1
AG-426-B11	RM_type_II	1
AG-426-B11	dGTPase	1
AG-430-G16	dGTPase	1
AG-439-L06	Pycsar_unknown	1
AG-360-D07	PbeABCD	1
AG-360-O03	RM_type_II	1
AG-360-O03	dGTPase	1
AG-404-B04	RM_type_II	1
AG-404-B04	dGTPase	1
AG-404-B04	Cas_type_other	1
AG-414-P19	dGTPase	1
AG-404-B11	dGTPase	1
AG-414-J08	dGTPase	1
AG-908-M17	dGTPase	1
AG-907-M07	RM_type_II	2
AG-907-M07	dGTPase	1
AG-909-M19	dGTPase	1
AG-909-M19	RM_type_II	1
AG-359-N22	dGTPase	1
AG-359-N22	RM_type_II	1
AG-439-O15	dGTPase	1
AG-439-O15	RM_type_II	1
AG-447-N14	RM_type_II	1
AG-453-G13	RM_type_II	1
AG-453-P15	dGTPase	1
AG-453-P15	RM_type_II	1
AG-453-P14	dGTPase	1
AG-899-A09	dGTPase	1
AG-359-F10	dGTPase	1
AG-360-D10	dGTPase	1
AG-404-P14	Pycsar_unknown	1
AG-404-P14	RM_type_II	2
AG-430-D22	RM_type_II	1
AG-390-G04	dGTPase	1
AG-426-F23	RM_type_II	1
AG-426-F23	dGTPase	1
AG-426-K16	dGTPase	1
AG-426-K21	RM_type_II	1
AG-359-B05	dGTPase	1
AG-359-K16	RM_type_II	1
AG-426-O22	dGTPase	1
AG-414-P05	dGTPase	1
AG-907-C03	RM_type_II	1
AG-908-M13	dGTPase	1
AG-461-O10	dGTPase	1
AG-461-O08	RM_type_II	1
AG-891-B02	dGTPase	1
AG-422-J17	dGTPase	1
AG-410-K11	Hma	1
AG-430-M22	Zorya_other	2
AG-909-M16	RM_type_II	1
AG-435-M09	RM_type_II	1
AG-404-B13	Zorya_other	1
AG-913-C02	RM_type_II	1
AG-913-C02	dGTPase	1
AG-453-D02	dGTPase	1
AG-901-N09	RM_type_II	1
AG-903-C13	RM_type_II	1
AG-903-O03	RM_type_II	1
AG-895-F07	RM_type_II	1
AG-457-I11	dGTPase	1
AG-461-A11	Mza	1
AG-461-A19	RM_type_II	1
AG-894-F19	Zorya_other	1
AG-894-F19	dGTPase	1
AG-894-F21	RM_type_II	1
AG-894-F21	dGTPase	1
AG-899-K14	RM_type_II	1
AG-414-A23	dGTPase	1
AG-414-A23	RM_type_II	1
AG-426-F15	RM_type_II	1
AG-453-G16	RM_type_II	1
AG-457-I08	dGTPase	1
AG-457-I08	RM_type_II	1
AG-461-A07	dGTPase	1
AG-915-P10	RM_type_II	1
AG-430-G14	RM_type_II	1
AG-453-L18	RM_type_II	1
AG-453-P11	RM_type_II	1
AG-453-P11	dGTPase	1
AG-892-G03	RM_type_II	1
AG-894-B06	RM_type_II	1
AG-894-B06	dGTPase	1
AG-894-B07	dGTPase	1
AG-894-B07	RM_type_II	1
AG-457-M07	RM_type_II	1
AG-457-M07	dGTPase	1
AG-470-I11	RM_type_II	1
AG-470-I11	dGTPase	1
AG-917-F18	dGTPase	1
AG-917-F18	RM_type_II	1
AG-918-L17	RM_type_II	1
AG-895-P10	RM_type_II	1
AG-447-G11	RM_type_II	1
AG-920-N15	RM_type_II	1
AG-898-G19	dGTPase	1
AG-901-B19	dGTPase	1
AG-905-C19	dGTPase	1
AG-910-E13	dGTPase	1
AG-910-E13	Mza_other	1
AG-904-J19	Mza_other	1
AG-904-J19	RM_type_II	1
AG-893-M18	dGTPase	1
AG-470-N15	RM_type_II	1
AG-897-E09	RM_type_II	1
AG-899-B04	RM_type_II	1
AG-892-F19	RM_type_II	1
AG-895-E20	dGTPase	1
AH-287-P03	RM_type_II	1
AH-324-L13	PbeABCD	1
AG-910-P08	RM_type_II	1
