genome	system	instances
AM-259-C19	PfiAT	1
AM-259-C20	AbiU	1
AM-259-C20	RM	2
AM-259-D06	AbiU	1
AM-259-D13	AbiU	1
AM-259-D13	RM	2
AM-259-D20	RM	1
AM-259-D21	AbiU	1
AM-259-D23	AbiU	1
AM-259-E06	PsyrTA	1
AM-259-E08	AbiU	1
AM-259-F08	RM	1
AM-259-F11	ShosTA	1
AM-259-F11	RM	1
AM-259-F14	RM	1
AM-259-F17	RM	1
AM-259-F22	AbiU	1
AM-259-F22	RM	2
AM-259-I03	AbiU	1
AM-259-I08	PsyrTA	1
AM-259-I14	PD-Lambda-1	1
AM-259-I14	BREX	1
AM-259-I14	RM	1
AM-259-I15	RM	1
AM-259-I16	PsyrTA	1
AM-259-I19	AbiU	1
AM-259-J04	RM	2
AM-259-J16	AbiU	1
AM-259-J17	PD-Lambda-1	1
AM-259-J17	RM	1
AM-259-J19	AbiU	1
AM-259-J23	AbiU	1
AM-259-K04	Retron	1
AM-259-K04	RM	1
AM-259-K05	dXTPase	1
AM-259-K05	RM	2
AM-259-K05	Cas	1
AM-259-K07	dXTPase	1
AM-259-K07	PfiAT	1
AM-259-K07	BREX	1
AM-259-K07	Cas	1
AM-259-K11	RM	1
AM-259-K15	AbiU	1
AM-259-K17	AbiU	1
AM-259-K17	Lamassu	1
AM-259-K21	RM	1
AM-259-K22	Azaca	1
AM-259-K22	Zorya	1
AM-259-K22	RM	1
AM-259-L05	AbiU	1
AM-259-L05	Retron	1
AM-259-L05	Tiamat	1
AM-259-L06	AbiU	1
AM-259-L06	RM	2
AM-259-L10	Lamassu	1
AM-259-L15	RM	4
AM-259-M06	AbiU	1
AM-259-M07	AbiU	1
AM-259-M19	RM	1
AM-259-N02	AbiU	1
AM-259-N08	Dpd	1
AM-259-N11	RM	1
AM-259-N18	AbiU	1
AM-259-N22	AbiU	1
AM-259-N22	RM	1
AM-259-O02	RM	1
AM-259-O06	AbiU	1
AM-259-O06	RM	1
AM-259-O14	AbiU	1
AM-259-O14	Dnd	1
AM-259-O15	Azaca	1
AM-259-O15	RM	2
AM-259-O16	AbiU	1
AM-259-O20	RM	3
AM-259-P09	AbiU	1
AM-259-P10	RM	1
AM-259-P14	AbiU	1
AM-259-P18	RM	1
AM-262-A01	AbiU	1
AM-262-A04	RM	1
AM-262-A07	Dpd	1
AM-262-A18	AbiU	1
AM-262-A19	RM	1
AM-262-A21	dXTPase	1
AM-262-B03	AbiU	1
AM-262-B08	PsyrTA	1
AM-262-B08	RM	1
AM-262-C10	AbiU	1
AM-262-C17	RM	1
AM-262-C21	Retron	1
AM-262-C21	RM	1
AM-262-D02	RM	1
AM-262-D05	AbiU	1
AM-262-D05	Cas	1
AM-262-D18	AbiU	1
AM-262-D19	RM	1
AM-262-D21	RM	1
AM-262-E03	Azaca	1
AM-262-E20	RM	3
AM-262-F08	RM	1
AM-262-F16	AbiU	1
AM-262-F20	RM	1
AM-262-G05	BREX	1
AM-262-G05	RM	1
AM-262-G06	AbiU	1
AM-262-G17	AbiU	2
AM-262-G17	RM	2
AM-262-I04	RM	1
AM-262-J08	pAgo	1
AM-262-J15	RM	1
AM-262-J20	AbiU	1
AM-262-K03	AbiU	1
AM-262-K06	RM	1
AM-262-K23	RM	1
AM-262-L23	AbiU	1
AM-262-M05	RM	1
AM-262-M06	Tiamat	1
AM-262-M06	RM	1
AM-262-M10	RM	2
AM-262-M11	AbiU	1
AM-262-M11	RM	1
AM-262-M21	RM	1
AM-262-O09	AbiU	1
AM-262-O13	AbiU	1
AM-262-O14	RM	1
AM-262-P09	AbiU	1
AM-262-P20	RM	1
AM-264-A21	RM	2
AM-264-A23	RM	1
AM-264-B04	AbiU	1
AM-264-B07	RM	1
AM-264-B09	RM	1
AM-264-C04	AbiU	1
AM-264-C14	PsyrTA	1
AM-264-D02	ShosTA	1
AM-264-D22	RM	1
AM-264-F06	AbiU	1
AM-264-F18	Zorya	1
AM-264-F23	RM	1
AM-264-G02	RM	1
AM-264-G04	AbiU	1
AM-264-I04	AbiU	1
AM-264-I13	AbiU	1
AM-264-I13	RM	1
AM-264-J02	RM	2
AM-264-J17	AbiU	1
AM-264-J19	RM	1
AM-264-K05	RM	1
AM-264-M04	RM	2
AM-264-M16	RM	1
AM-264-N04	PsyrTA	1
AM-264-N11	RM	2
AM-264-N14	RM	1
AM-264-N20	RM	1
AM-264-O17	RM	1
AM-264-P05	RM	2
AM-264-P08	RM	2
AM-264-P09	AbiU	1
AM-264-P09	RM	1
AM-264-P19	Lamassu	1
AM-276-A07	dXTPase	1
AM-276-A07	SoFic	1
AM-276-A07	RM	2
AM-276-A15	DISARM	1
AM-276-A15	SoFic	1
AM-276-A16	DISARM	1
AM-276-A16	PfiAT	1
AM-276-A16	RM	2
AM-276-A21	SoFic	1
AM-276-A21	RM	1
AM-276-B06	Eleos	1
AM-276-B06	Cas	1
AM-276-B07	dXTPase	1
AM-276-B07	PfiAT	1
AM-276-B07	RM	2
AM-276-B07	Cas	1
AM-276-B13	RM	1
AM-276-B16	RM	1
AM-276-B19	AbiU	1
AM-276-B19	RM	1
AM-276-B22	AVAST	1
AM-276-B22	RM	3
AM-276-C05	RM	1
AM-276-C09	RM	2
AM-276-C10	AbiE	1
AM-276-C10	PD-T7-2	1
AM-276-C10	RM	1
AM-276-C11	RM	1
AM-276-C14	RM	2
AM-276-C17	ShosTA	1
AM-276-C18	RM	2
AM-276-C22	RM	1
AM-276-C23	RM	1
AM-276-D03	RM	1
AM-276-D08	RM	1
AM-276-D11	Azaca	1
AM-276-D11	RM	3
AM-276-D15	RM	2
AM-276-E02	RM	1
AM-276-E06	AbiU	1
AM-276-E10	RM	3
AM-276-E14	AbiU	1
AM-276-E22	AbiU	1
AM-276-F04	RM	1
AH-470-F04	RM	1
AH-470-F08	RM	1
AH-470-F09	AbiU	1
AH-470-F09	RM	1
AH-470-F11	Zorya	1
AH-470-G16	AbiU	1
AH-470-I02	RM	1
AH-470-I04	AbiU	1
AH-470-I10	dXTPase	1
AH-470-I11	Hhe	2
AH-470-I16	dXTPase	1
AH-470-J03	AbiU	1
AH-470-M03	RM	1
AH-470-M05	RM	1
AH-470-M11	AbiE	1
AH-470-M20	SspBCDE	1
AH-470-N03	BREX	1
AH-470-N04	RM	2
AH-470-N05	RM	1
AH-470-N22	SoFic	1
AH-470-O06	Eleos	1
AH-470-O06	SoFic	1
AH-470-O08	RM	2
AH-470-O17	RM	1
AH-470-P11	RM	2
AH-473-B18	RM	1
AH-473-C03	AbiE	1
AH-473-C06	RM	1
AH-473-F09	RM	1
AH-473-I02	dXTPase	1
AH-473-J03	PD-T4-3	1
AH-473-J17	RM	2
AH-473-J19	AbiU	1
AH-473-K13	AbiU	1
AH-473-L02	AbiU	1
AH-473-M06	RM	2
AH-473-N02	RM	2
AH-562-A02	dXTPase	1
AH-562-A02	RM	1
AH-562-A05	AbiU	1
AH-562-A05	RM	1
AH-562-A10	PsyrTA	1
AH-562-A15	AbiU	1
AH-562-A17	RM	2
AH-562-A22	RM	1
AH-562-B18	RM	2
AH-562-C03	AbiU	1
AH-562-C06	AbiU	1
AH-562-C06	RM	1
AH-562-C23	RM	1
AH-562-D04	Azaca	1
AH-562-D04	RM	1
AH-562-D05	RM	1
AH-562-E05	RM	1
AH-562-E08	RM	2
AH-562-E20	RM	2
AH-562-F04	AbiU	1
AH-562-F10	AbiU	1
AH-562-F13	AbiU	1
AH-562-F16	RM	1
AH-562-F18	RM	1
AH-562-F22	Retron	1
AH-562-G06	Viperin	1
AH-562-G15	RM	1
AH-562-G16	AbiU	1
AH-562-G16	Dnd	1
AH-562-I02	ShosTA	1
AH-562-I07	AbiU	1
AH-562-I08	AbiU	1
AH-562-I08	RM	1
AH-562-I09	PD-T4-3	1
AH-562-I13	AbiU	1
AH-562-I16	Dnd	1
AH-562-I16	RM	1
AH-562-I17	AbiU	1
AH-562-I19	RM	1
AH-562-I22	RM	1
AH-562-J21	RM	1
AH-562-J23	AbiU	1
AH-562-J23	RM	1
AH-562-K02	DarTG	1
AH-562-K02	RM	1
AH-562-K04	Lamassu	1
AH-562-K05	RM	1
AH-562-K09	RM	1
AH-562-K10	RM	2
AH-562-K20	RM	1
AH-562-K22	RM	1
AH-562-L04	PsyrTA	1
AH-562-L11	PsyrTA	1
AH-562-L11	Druantia	1
AH-562-L11	RM	1
AH-562-L14	RM	2
AH-562-L20	RM	1
AH-562-M16	RM	1
AH-562-N09	AbiU	1
AH-562-N19	RM	1
AH-562-O10	AbiU	1
AH-573-A07	RM	2
AH-573-A13	RM	1
AH-573-A14	AbiE	1
AH-573-A14	RM	1
AH-573-A19	AbiU	1
AH-573-B05	PsyrTA	1
AH-573-B06	Mokosh	1
AH-573-B11	RM	1
AH-573-B17	AbiU	1
AH-573-B17	RM	1
AH-573-B20	Zorya	1
AH-573-B23	RM	4
AH-573-C03	AbiU	1
AH-573-C03	RM	1
AH-573-E20	ShosTA	1
AH-573-E21	AbiU	1
AH-573-F03	AbiU	1
AH-573-F03	RM	1
AH-573-F06	AbiU	1
AH-573-F06	ShosTA	1
AH-573-F11	RM	1
AH-573-F13	RM	1
AH-573-F17	RM	2
AH-573-G03	dXTPase	1
AH-573-G10	AbiU	1
AH-573-G13	RM	1
AH-573-G19	AbiU	1
AH-573-G20	Zorya	1
AH-573-G20	Uzume	1
AH-573-G20	RM	1
AH-573-I15	RM	2
AH-573-I18	Lamassu	1
AH-573-I20	RM	1
AH-573-I21	RM	1
AH-573-J18	AbiU	1
AH-573-K10	AbiU	1
AH-573-K14	PsyrTA	1
AH-573-K21	PsyrTA	1
AH-573-K23	AbiU	1
AH-573-L10	RM	1
AH-573-L16	AbiU	1
AH-573-L18	RM	1
AH-573-L23	PsyrTA	1
AH-573-M04	AbiU	1
AH-573-M04	RM	1
AH-573-M06	PD-T4-3	1
AH-573-M10	RM	1
AH-573-M16	PsyrTA	1
AH-573-N02	RM	2
AH-573-N11	Dpd	1
AH-573-N11	Cas	1
AH-573-N13	RM	2
AH-573-N17	RM	1
AH-573-N18	SoFic	1
AH-573-N19	RM	1
AH-573-O03	RM	1
AH-573-O04	RM	1
AH-573-O06	PsyrTA	1
AH-573-O11	Cas	1
AH-573-O13	RM	1
AH-573-O17	PD-T4-3	1
AH-573-O18	RM	2
AH-573-O21	RM	2
AH-573-O22	Zorya	1
AH-573-P02	RM	2
AH-573-P08	AbiU	1
AH-573-P08	RM	2
AH-573-P15	RM	1
AH-573-P19	RM	1
AH-611-A02	AbiU	1
AH-611-A09	SanaTA	1
AH-611-A09	RM	1
AH-611-A09	Cas	1
AH-611-A17	NLR	1
AH-611-A17	RM	1
AH-611-A20	RM	1
AH-611-A22	AbiU	1
AH-611-B22	RM	2
AH-611-C03	RM	1
AH-611-C19	Retron	1
AH-611-D03	PsyrTA	1
AH-611-D16	RM	1
AH-611-D23	RM	1
AH-611-E06	RM	1
AH-611-E09	SoFic	1
AH-611-E10	DISARM	1
AH-611-E10	RM	2
AH-611-E11	RM	1
AH-611-E15	RM	1
AH-611-E16	RM	1
AH-611-E18	PD-T4-9	1
AH-611-E20	RM	1
AH-611-E22	RM	1
AH-611-F08	AbiU	1
AH-611-F10	AbiU	1
AH-611-F22	AbiE	1
AH-611-F22	AbiZ	1
AH-611-F22	PD-T7-3	1
AH-611-G02	RM	1
AH-611-G09	RM	1
AH-611-G21	SoFic	1
AH-611-G21	Retron	1
AH-611-G21	RM	1
AH-611-G23	Iet	1
AH-611-G23	Gabija	1
AH-611-I11	RM	1
AH-611-I23	RM	2
AH-611-J03	RM	1
AH-611-J14	dXTPase	1
AH-611-J14	PD-T7-2	1
AH-611-J14	RosmerTA	1
AH-611-J14	RM	2
AH-611-J20	AbiE	2
AH-611-J20	RM	1
AH-611-J20	PrrC	1
AH-611-K11	Gabija	1
AH-611-K11	Iet	1
AH-611-K11	RloC	1
AH-611-K11	PD-T7-2	1
AH-611-K11	Zorya	1
AH-611-K11	RM	3
AH-611-K14	PsyrTA	1
AH-611-K14	RM	1
AH-611-K17	DarTG	1
AH-611-K17	Dpd	1
AH-611-K17	Retron	1
AH-611-K17	RM	1
AH-611-K17	Cas	1
AH-611-K18	AbiE	1
AH-611-K18	PD-T7-3	1
AH-611-K18	SoFic	1
AH-611-K18	RM	1
AH-611-K23	RM	1
AH-611-L03	Lamassu	1
AH-611-L08	RM	1
AH-611-L11	Lamassu	1
AH-611-L11	RM	1
AH-611-L15	RM	1
AH-611-L17	AbiE	2
AH-611-L17	AbiZ	1
AH-611-L17	SoFic	2
AH-611-L17	PrrC	1
AH-611-L17	RM	1
AH-611-L20	AbiE	2
AH-611-L20	PD-T7-3	1
AH-611-L20	PrrC	1
AH-611-L20	RM	1
AH-611-L21	AbiU	1
AH-611-M03	AbiE	1
AH-611-M03	AbiZ	2
AH-611-M03	SoFic	1
AH-611-M03	PrrC	1
AH-611-M03	RM	2
AH-611-M06	dXTPase	1
AH-611-M06	DISARM	1
AH-611-M06	RM	1
AH-611-M09	PD-T4-3	1
AH-611-M10	PsyrTA	1
AH-611-M13	RM	1
AH-611-M15	AbiE	2
AH-611-M15	SoFic	1
AH-611-M15	RM	1
AH-611-M17	DISARM	1
AH-611-M17	PD-T4-3	1
AH-611-M19	AbiE	2
AH-611-M19	SoFic	1
AH-611-M19	RM	1
AH-611-M22	AbiE	1
AH-611-M22	RM	1
AH-611-N03	AbiU	1
AH-611-N07	PsyrTA	1
AH-611-N07	Azaca	1
AH-611-N07	RM	1
AH-611-N08	AbiE	2
AH-611-N08	RM	2
AH-611-N08	PrrC	1
AH-611-N09	RM	1
AH-611-N11	RM	1
AH-611-N13	PsyrTA	1
AH-611-N14	AbiE	2
AH-611-N14	AbiZ	1
AH-611-N14	PD-T7-3	1
AH-611-N14	SoFic	1
AH-611-N14	RM	2
AH-611-N14	PrrC	1
AH-611-N15	AbiE	1
AH-611-N15	SoFic	1
AH-611-N15	PrrC	1
AH-611-N16	AbiE	1
AH-611-N16	PD-T7-3	1
AH-611-N16	SoFic	1
AH-611-N16	RM	1
AH-611-N16	PrrC	1
AH-611-N17	PsyrTA	1
AH-611-N17	RM	2
AH-611-O05	RM	1
AH-611-O06	AbiU	1
AH-611-O06	RM	1
AH-611-O07	RM	1
AH-611-O10	dXTPase	1
AH-611-O10	Viperin	1
AH-611-O10	PD-T7-2	1
AH-611-O10	RM	2
AH-611-O14	RM	1
AH-611-O22	RM	1
AH-611-O23	AbiE	2
AH-611-O23	AbiZ	1
AH-611-O23	PD-T7-3	1
AH-611-O23	SoFic	2
AH-611-O23	RM	1
AH-611-O23	PrrC	1
AH-611-P10	PD-T4-3	1
AH-611-P13	SanaTA	1
AH-611-P14	AbiE	1
AH-611-P14	AbiZ	1
AH-611-P14	PD-T7-3	1
AH-611-P14	SoFic	1
AH-611-P15	RM	1
AH-611-P16	RM	1
AH-611-P19	AbiE	1
AH-611-P19	SoFic	1
AH-611-P19	RM	1
AH-613-A01	AbiD	1
AH-613-A01	Septu	1
AH-613-A01	RM	2
AH-613-A02	NLR	1
AH-613-A02	PD-T4-7	1
AH-613-A02	RM	2
AH-613-A03	dXTPase	1
AH-613-A11	RM	1
AH-613-A18	RM	2
AH-613-B17	RM	1
AH-613-C09	RM	3
AM-276-F08	RM	2
AM-276-F13	RL	1
AM-276-F13	PfiAT	1
AM-276-F13	RM	3
AM-276-F14	RM	1
AM-276-F22	AbiU	1
AM-276-G10	SoFic	1
AM-276-G10	RM	4
AM-276-G15	AbiU	1
AM-276-G18	AbiU	1
AM-276-G23	AbiU	1
AM-276-I08	pAgo	1
AM-276-I08	RM	1
AM-276-I13	SoFic	1
AM-276-I13	BREX	1
AM-276-I18	dXTPase	1
AM-276-I18	PD-T7-2	1
AM-276-I18	PfiAT	1
AM-276-I18	RM	2
AM-276-I19	RM	1
AM-276-I20	Retron	1
AM-276-I20	RM	1
AM-276-J09	RM	1
AH-613-C15	AbiU	1
AH-613-C15	RM	1
AH-613-C20	RM	1
AH-613-D20	RM	1
AH-613-E17	RM	1
AH-613-E19	dXTPase	1
AH-613-E21	AbiU	1
AH-613-F11	Hhe	1
AH-613-F23	RM	1
AH-613-G09	RM	1
AH-613-G13	RM	1
AH-613-G14	Dnd	1
AH-613-G22	RM	1
AH-613-I03	Retron	1
AH-613-I10	dXTPase	1
AH-613-I10	AbiE	1
AH-613-I11	RM	2
AH-613-I13	RM	1
AH-613-I18	Septu	1
AH-613-I18	PARIS	1
AH-613-I18	RosmerTA	1
AH-613-I18	RM	4
AH-613-I20	RM	3
AH-613-J06	AbiU	1
AH-613-J16	PD-T4-3	1
AH-613-J19	PfiAT	1
AH-613-J19	SanaTA	1
AH-613-J19	RM	2
AH-613-J19	PrrC	1
AH-613-J22	Mza	1
AH-613-K03	RM	1
AH-613-K06	RM	3
AH-613-L16	Retron	1
AH-613-L18	Dpd	1
AH-613-L18	Cas	2
AH-613-M05	RM	1
AH-613-M13	RM	1
AH-613-M14	RM	1
AH-613-M15	RM	1
AH-613-N08	RM	1
AH-613-O02	AbiU	1
AH-613-O06	RM	1
AH-613-O09	RM	1
AH-613-O10	Mokosh	1
AH-613-P04	RM	1
AH-613-P05	RM	1
AH-613-P09	AbiU	1
AH-735-A07	dXTPase	1
AH-735-A08	Retron	1
AH-735-A08	RM	1
AH-735-A13	SspBCDE	1
AH-735-A16	RM	2
AH-735-A17	RM	2
AH-735-A22	RM	1
AH-735-A23	Dnd	1
AH-735-B06	AbiU	1
AH-735-B06	RM	1
AH-735-B08	AbiU	1
AH-735-B08	RM	1
AH-735-B09	RM	2
AH-735-B13	Mokosh	1
AH-735-B21	RM	1
AH-735-B22	RM	1
AH-735-B23	RM	1
AH-735-C03	RM	1
AH-735-C06	dXTPase	1
AH-735-C13	RM	1
AH-735-C16	RM	1
AH-735-C18	RM	1
AH-735-C19	RM	1
AH-735-C20	RM	1
AH-735-D04	RM	1
AH-735-D17	RM	1
AH-735-D21	dXTPase	1
AH-735-D21	Dpd	1
AH-735-D22	Zorya	1
AH-735-E03	AbiU	1
AH-735-E03	RM	1
AH-735-E07	RM	2
AH-735-E08	RM	1
AH-735-E17	RM	1
AH-735-E19	Dpd	1
AH-735-E22	dXTPase	1
AH-735-F04	RM	1
AH-735-F16	RM	1
AH-735-F19	RM	1
AH-735-F22	PsyrTA	1
AH-735-G10	Uzume	1
AH-735-G10	RM	1
AH-735-G20	RM	1
AH-735-G22	RM	1
AH-735-G23	dXTPase	1
AH-735-I03	PsyrTA	1
AH-735-I14	RM	1
AH-735-I15	AbiU	1
AH-735-I15	RM	1
AH-735-I20	ShosTA	1
AH-735-I20	RM	1
AH-735-I22	ShosTA	1
AH-735-J06	Retron	1
AH-735-J08	Dpd	1
AH-735-J08	RM	2
AH-735-J09	Cas	1
AH-735-J16	RM	2
AH-735-K05	ShosTA	1
AH-735-K05	RM	3
AH-735-K06	RM	1
AH-735-K17	AbiU	1
AH-735-L05	AbiU	1
AH-735-L11	Eleos	1
AH-735-L15	AbiU	1
AH-735-L15	ShosTA	1
AH-735-L18	Retron	1
AH-735-L19	AbiU	1
AH-735-L20	RM	2
AH-735-L23	Dpd	2
AH-735-M02	Mokosh	1
AH-735-M03	RM	1
AH-735-M05	RM	1
AH-735-M06	dXTPase	1
AH-735-M06	RM	2
AH-735-M08	RM	1
AH-735-M10	RM	1
AH-735-M13	AbiU	1
AH-735-M16	dXTPase	1
AH-735-M19	PsyrTA	1
AH-735-N03	RM	2
AH-735-N04	PsyrTA	1
AH-735-N05	RM	2
AH-735-N07	RM	3
AH-735-N11	RM	2
AH-735-N14	RM	2
AH-735-N17	RM	2
AH-735-N18	dXTPase	1
AH-735-O09	RM	2
AH-735-P02	Tiamat	2
AH-735-P02	BREX	1
AH-735-P02	RM	1
AH-735-P07	RM	1
AH-735-P08	RM	1
AH-735-P11	AbiU	1
AH-735-P14	AbiU	1
AH-735-P14	DarTG	1
AH-888-A05	PsyrTA	1
AH-888-A10	RM	1
AH-888-A11	RM	1
AH-888-C09	Dpd	1
AH-888-C11	AbiU	1
AH-888-C11	RM	2
AH-888-D07	PsyrTA	1
AH-888-D07	RM	2
AH-888-D08	AbiU	1
AH-888-D09	RM	4
AH-888-D14	RM	1
AH-888-D17	Viperin	1
AH-888-D17	Septu	2
AH-888-D17	CBASS	1
AH-888-D17	RM	3
AH-888-D17	Cas	2
AH-888-D18	Dpd	1
AH-888-D18	RM	1
AH-888-D20	dXTPase	1
AH-888-E07	Dnd	1
AH-888-E09	RM	4
AH-888-E10	RM	1
AH-888-F17	Retron	1
AH-888-F23	RM	3
AH-888-G02	RM	1
AM-276-J15	RM	1
AM-276-J15	Cas	1
AM-276-J17	AbiU	1
AM-276-J17	PD-T7-2	1
AM-276-J17	RM	3
AM-276-J17	Cas	1
AM-276-J21	AbiU	1
AM-276-J21	RM	1
AM-276-J22	Mokosh	1
AM-276-K04	RM	1
AM-276-K07	AbiU	1
AM-276-K09	Mokosh	1
AM-276-K14	Druantia	1
AM-276-K14	RM	3
AM-276-K18	RM	2
AM-276-K19	AbiU	1
AM-276-K21	dXTPase	2
AM-276-K21	PfiAT	1
AM-276-L02	PARIS	1
AM-276-L02	SanaTA	1
AM-276-L02	RM	2
AM-276-L09	ShosTA	1
AM-276-L09	PD-Lambda-1	1
AM-276-L09	RM	1
AM-276-L10	Lamassu	1
AM-276-L10	RM	2
AM-276-L11	RM	2
AM-276-L15	AbiU	1
AM-276-L16	RM	1
AM-276-L19	RM	1
AM-276-L22	RM	2
AM-276-L23	AbiU	1
AM-276-L23	ShosTA	1
AM-276-L23	RM	1
AM-276-M03	AbiU	1
AH-888-G04	RM	2
AH-888-G06	RM	1
AH-888-G11	RM	1
AH-888-G14	RM	1
AH-888-G21	AbiU	1
AH-888-G21	RM	1
AH-888-G23	dXTPase	1
AH-888-I08	AbiU	1
AH-888-I11	PsyrTA	1
AH-888-I20	RM	1
AH-888-J02	Eleos	1
AH-888-J03	dXTPase	1
AH-888-J05	RM	1
AH-888-J08	Zorya	1
AH-888-J08	RM	1
AH-888-K06	AbiU	1
AH-888-K06	RM	1
AH-888-K14	RM	1
AH-888-K19	RM	1
AH-888-K23	RM	1
AH-888-L05	RM	1
AH-888-L07	ShosTA	1
AH-888-L08	RM	1
AH-888-M04	RM	1
AH-888-M09	RM	2
AH-888-M17	RM	1
AH-888-O11	RM	1
AH-888-O19	RM	1
AH-888-O23	AbiU	1
AH-888-P02	PsyrTA	1
AH-888-P02	RM	1
AH-888-P18	RM	1
AH-982-A06	AbiU	1
AH-982-A22	RM	1
AH-982-B03	AbiU	1
AH-982-B04	RM	1
AH-982-D19	RM	1
AH-982-E04	RM	1
AH-982-F09	RM	1
AH-982-F10	RM	1
AH-982-G04	RM	1
AH-982-G06	Viperin	1
AH-982-G06	RM	1
AH-982-G13	AbiU	1
AH-982-G17	RM	1
AH-982-G22	RM	2
AH-982-G23	AbiU	1
AH-982-I02	RM	1
AH-982-I06	RM	2
AH-982-I08	RM	1
AH-982-I11	AbiU	1
AH-982-I11	RM	1
AH-982-I15	dXTPase	1
AH-982-J06	AbiU	1
AH-982-J09	RM	1
AH-982-J18	DISARM	1
AH-982-J18	AbiU	1
AH-982-J18	RM	1
AH-982-J22	AbiU	1
AH-982-J22	RM	2
AH-982-K11	RM	1
AH-982-K19	DarTG	1
AH-982-K21	AbiU	1
AH-982-L14	RM	1
AH-982-L18	RM	1
AH-982-L21	dXTPase	1
AH-982-M09	RM	1
AH-982-M13	DISARM	1
AH-982-N04	RM	1
AH-982-N18	AbiU	1
AH-982-N18	RM	2
AH-982-N19	dXTPase	1
AH-982-O03	Druantia	1
AH-982-O03	RM	2
AH-982-O07	AbiU	1
AH-982-O07	RM	2
AH-982-O13	AbiU	1
AH-982-O13	RM	1
AH-982-O16	AbiU	1
AH-982-P08	RM	1
AH-982-P11	AbiU	1
AH-982-P11	RM	1
AH-985-A03	Zorya	1
AH-985-A06	RM	2
AH-985-B15	AbiU	1
AH-985-D07	RM	2
AH-985-E15	AbiE	1
AH-985-E15	SoFic	1
AH-985-E19	RM	1
AH-985-F03	AbiU	1
AH-985-F13	RM	1
AH-985-F16	PD-T4-3	1
AH-985-F16	RM	1
AH-985-G05	RM	1
AH-985-G13	AbiU	1
AH-985-G13	RM	1
AH-985-I03	RM	2
AH-985-I05	Cas	1
AH-985-I08	RM	1
AH-985-I09	AbiU	1
AH-985-I11	AbiU	1
AH-985-I15	RM	2
AH-985-I15	Cas	1
AH-985-I19	ShosTA	1
AH-985-J03	AbiU	1
AH-985-J13	AbiU	1
AH-985-J17	AbiU	1
AH-985-J19	RM	1
AH-985-K02	RM	1
AH-985-K03	RM	1
AH-985-K07	AbiU	1
AH-985-K09	AbiU	1
AH-985-K09	RM	1
AH-985-K20	Hhe	1
AH-985-K20	RM	1
AH-985-L03	RM	1
AH-985-M07	AbiU	1
AH-985-M07	RM	2
AH-985-M09	AbiU	1
AH-985-M13	AbiU	1
AH-985-M13	RM	2
AH-985-N08	AbiU	1
AH-985-N16	RM	1
AH-985-O03	AbiU	1
AH-985-O06	DISARM	1
AH-985-P01	RM	1
AH-988-A04	RM	1
AH-988-A08	AbiU	1
AH-988-A09	Tiamat	1
AH-988-A09	RM	3
AH-988-A10	RM	1
AH-988-A19	RM	1
AH-988-B07	AbiU	1
AH-988-B07	RM	1
AH-988-C05	Shedu	1
AH-988-C08	RM	2
AH-988-C15	AbiU	1
AH-988-C15	RM	2
AH-988-D06	RM	1
AH-988-D17	ShosTA	1
AH-988-D23	RM	2
AH-988-E03	PsyrTA	1
AH-988-E06	RM	1
AH-988-E10	AbiU	1
AH-988-E11	Eleos	1
AH-988-E11	RM	1
AH-988-E13	AbiU	1
AH-988-E17	PfiAT	1
AH-988-E17	RM	1
AH-988-F04	RM	1
AH-988-F04	Cas	1
AH-988-F06	AbiU	1
AH-988-F08	AbiU	1
AH-988-F08	RM	1
AH-988-F10	RM	2
AH-988-F20	PsyrTA	1
AH-988-G03	RM	1
AH-988-G05	AbiU	1
AH-988-G20	RM	1
AH-988-I03	AbiE	1
AH-988-I03	RM	1
AH-988-I06	AbiU	1
AH-991-A04	AbiU	1
AH-991-A14	RM	1
AH-991-A15	RM	3
AH-991-A16	PsyrTA	1
AH-991-A16	RM	2
AH-991-A17	Pycsar	1
AH-991-A23	AbiU	1
AH-991-B02	AbiU	1
AH-991-B02	RM	3
AH-991-B10	RM	1
AH-991-B13	AbiU	1
AH-991-B13	RM	1
AH-991-B18	AbiU	1
AH-991-C04	RM	1
AH-991-C13	AbiU	1
AH-991-C13	RM	1
AH-991-C22	AbiD	1
AH-991-C22	AbiP2	1
AH-991-C22	Dsr	1
AH-991-C22	AVAST	1
AH-991-C22	RosmerTA	1
AH-991-C22	Shango	1
AH-991-C22	Zorya	1
AH-991-C22	CBASS	1
AH-991-C22	Eleos	1
AH-991-C22	RM	7
AH-991-C22	Cas	1
AM-276-M11	AbiU	1
AM-276-M14	AbiU	1
AM-276-M14	RM	1
AM-276-M15	RM	3
AM-276-M17	RM	1
AM-276-M20	RM	1
AM-276-N10	PsyrTA	1
AM-276-N14	ShosTA	1
AM-276-N14	RM	1
AM-276-N16	ShosTA	1
AM-276-N16	PfiAT	1
AM-276-N16	RM	4
AM-276-N16	Cas	2
AM-276-N22	RM	1
AM-276-O09	RM	2
AM-276-O10	RM	2
AM-276-O19	RM	1
AM-276-P05	AbiU	1
AM-276-P05	RM	2
AM-276-P08	AbiU	1
AM-276-P10	RM	1
AM-276-P13	BREX	1
AM-276-P13	RM	3
AM-276-P14	RM	1
AM-280-A03	AbiU	1
AM-280-A06	RM	1
AH-991-D03	AbiU	1
AH-991-D03	RM	1
AH-991-D09	RM	2
AH-991-D09	Cas	1
AH-991-D11	ShosTA	1
AH-991-D11	RM	2
AH-991-D16	BREX	1
AH-991-E04	RM	1
AH-991-E10	AbiU	1
AH-991-E11	Tiamat	1
AH-991-E17	RM	1
AH-991-F07	AbiU	1
AH-991-F22	PD-Lambda-1	1
AH-991-G03	DISARM	1
AH-991-G05	AbiU	1
AH-991-G05	RM	2
AH-991-G20	AbiU	1
AH-991-I05	Zorya	1
AH-991-I07	Pycsar	1
AH-991-I10	pAgo	1
AH-991-I10	RM	4
AH-991-I17	Hhe	1
AH-991-I18	Druantia	1
AH-991-I18	RM	1
AH-991-I20	PD-T4-3	1
AH-991-J08	AbiU	1
AH-991-J14	Viperin	1
AH-991-J18	AbiU	1
AH-991-J18	RM	1
AH-991-J20	AbiU	1
AH-991-K05	RM	1
AH-991-K18	dXTPase	1
AH-991-K20	AbiU	1
AH-991-K23	AbiJ	1
AH-991-L06	AbiU	1
AH-991-L09	RM	2
AH-991-L15	dXTPase	1
AH-991-L15	PsyrTA	1
AH-991-L15	Dpd	1
AH-991-L15	RM	1
AH-991-L21	RM	1
AH-991-M05	RM	1
AH-991-M06	AbiU	1
AH-991-M06	RM	2
AH-991-M10	Retron	1
AH-991-M10	RM	2
AH-991-M18	AbiU	1
AH-991-M18	RM	1
AH-991-M19	AbiU	1
AH-991-M20	RM	1
AH-991-N04	RM	1
AH-991-O02	dXTPase	1
AH-991-O08	RM	1
AH-991-O14	Eleos	1
AH-991-O14	RM	1
AH-991-P10	dXTPase	1
AM-118-A07	RM	1
AM-118-A10	Dnd	1
AM-118-A11	RM	1
AM-118-A16	RM	1
AM-118-B05	RM	1
AM-118-B14	AbiU	1
AM-118-C04	RM	1
AM-118-C09	RM	1
AM-118-C15	Dpd	1
AM-118-D06	RM	2
AM-118-D16	RM	1
AM-118-D19	Mokosh	1
AM-118-D20	AbiU	1
AM-118-D20	RM	1
AM-118-D21	AbiU	1
AM-118-D21	RM	1
AM-118-E02	AbiU	1
AM-118-E02	RM	2
AM-118-E09	AbiU	1
AM-118-E09	RM	1
AM-118-E13	AbiU	1
AM-118-E13	RM	1
AM-118-E17	RM	2
AM-118-E20	RM	2
AM-118-F02	AbiU	1
AM-118-F02	RM	2
AM-118-F07	RM	1
AM-118-F08	RM	1
AM-118-F09	Druantia	1
AM-118-F09	RM	1
AM-118-F11	Eleos	1
AM-118-F13	Zorya	1
AM-118-F13	Retron	1
AM-118-F13	RM	1
AM-118-F13	Cas	1
AM-118-F15	AbiU	1
AM-118-G02	PsyrTA	1
AM-118-G09	Cas	1
AM-118-G22	ShosTA	1
AM-118-G23	AbiU	1
AM-118-I06	RM	1
AM-118-I09	AbiU	1
AM-118-I14	AbiU	1
AM-118-I14	RM	2
AM-118-I16	RM	1
AM-118-I19	AbiU	1
AM-118-I21	PsyrTA	1
AM-118-I21	RM	2
AM-118-J02	DarTG	1
AM-118-J06	dXTPase	1
AM-118-J23	RM	1
AM-118-K06	RM	1
AM-118-K09	Shedu	1
AM-118-K09	Pycsar	1
AM-118-K09	RM	3
AM-118-K11	RM	1
AM-118-L02	dXTPase	1
AM-118-L06	RM	1
AM-118-L07	RM	1
AM-118-L15	AbiU	1
AM-118-L15	RM	2
AM-118-L16	RM	1
AM-118-L17	RM	2
AM-118-L19	RM	1
AM-118-L22	AbiU	1
AM-118-L22	RM	1
AM-118-L23	DISARM	1
AM-118-L23	AbiU	1
AM-118-M10	AbiU	1
AM-118-M10	RM	1
AM-118-M18	RM	2
AM-118-M20	RM	1
AM-118-M21	DarTG	1
AM-118-M22	RM	2
AM-118-N02	RM	1
AM-118-N20	RM	1
AM-118-N22	RM	1
AM-118-O04	RM	2
AM-118-O06	AbiU	1
AM-118-O08	AbiU	1
AM-118-O08	ShosTA	1
AM-118-O08	RM	2
AM-118-O11	RM	1
AM-118-O18	ShosTA	1
AM-118-O20	AbiU	1
AM-118-P03	PsyrTA	1
AM-118-P03	PD-Lambda-1	1
AM-118-P09	Zorya	1
AM-118-P13	AbiU	1
AM-118-P16	AbiU	1
AM-118-P20	RM	1
AM-121-A05	RM	2
AM-121-A13	RM	1
AM-121-A22	dXTPase	1
AM-121-B03	RM	2
AM-121-B07	RM	2
AM-121-B08	RM	1
AM-121-B21	AbiU	1
AM-121-C05	RM	1
AM-121-C06	AbiU	1
AM-121-C08	AbiU	1
AM-121-C09	Lamassu	1
AM-121-C09	RM	2
AM-121-C10	RM	1
AM-121-C16	AbiU	1
AM-121-C18	AbiU	1
AM-121-C19	DISARM	1
AM-121-C19	AbiU	1
AM-121-D03	RM	1
AM-121-D09	AbiU	1
AM-121-D14	RM	1
AM-121-D16	AbiU	1
AM-121-D16	RM	1
AM-121-E04	AbiU	1
AM-121-E10	RM	1
AM-121-E14	AbiU	1
AM-121-E15	RM	2
AM-121-E17	Viperin	1
AM-121-E17	Mokosh	1
AM-121-E17	RM	2
AM-121-E19	RM	1
AM-121-E20	AbiU	1
AM-121-E20	RM	1
AM-121-F07	AbiU	1
AM-121-F07	RM	2
AM-121-F10	AbiU	1
AM-121-F14	RM	1
AM-121-F18	RM	2
AM-280-A07	AbiU	1
AM-280-A08	Lamassu	1
AM-280-A08	Septu	1
AM-280-A08	RM	2
AM-280-A11	AbiU	1
AM-280-A11	RM	2
AM-280-A13	RM	1
AM-280-A15	RM	1
AM-280-A19	AbiU	1
AM-280-A22	RM	2
AM-280-B06	RM	1
AM-280-B09	Lamassu	1
AM-280-B09	RM	1
AM-280-B10	AbiU	1
AM-280-B11	RM	1
AM-280-B19	PsyrTA	1
AM-280-B19	RM	1
AM-280-B22	RM	1
AM-280-C09	dXTPase	1
AM-280-C09	ShosTA	1
AM-280-C09	PfiAT	1
AM-280-C09	RM	1
AM-280-C15	BREX	1
AM-280-C16	PD-Lambda-1	1
AM-280-C19	AVAST	1
AM-280-C19	RM	1
AM-280-D04	AbiU	1
AM-280-D04	RM	2
AM-280-D05	RM	1
AM-280-D07	AbiU	1
AM-280-D07	RM	1
AM-280-D09	RM	2
AM-280-D13	AbiU	1
AM-280-D13	RM	1
AM-280-D14	PD-T7-2	1
AM-280-D14	RM	3
AM-280-D14	Cas	1
AM-121-F19	Tiamat	1
AM-121-F19	RM	3
AM-121-F22	PsyrTA	1
AM-121-F22	RM	2
AM-121-G03	AbiU	1
AM-121-G07	Septu	1
AM-121-G07	SoFic	1
AM-121-G07	RM	4
AM-121-G09	AbiU	1
AM-121-G15	AbiU	1
AM-121-G17	Dnd	1
AM-121-G20	AbiU	1
AM-121-G20	RM	2
AM-121-I07	ShosTA	1
AM-121-I08	AbiU	1
AM-121-I13	Dnd	1
AM-121-I18	RM	1
AM-121-I21	RM	1
AM-121-I22	AbiU	1
AM-121-J02	Lamassu	1
AM-121-J02	RM	2
AM-121-J03	Dpd	2
AM-121-J03	RM	2
AM-121-J04	AbiU	1
AM-121-J04	RM	1
AM-121-J14	AbiU	1
AM-121-J15	AbiU	1
AM-121-J19	RM	1
AM-121-J22	AbiU	1
AM-121-J22	ShosTA	1
AM-121-K05	Mokosh	1
AM-121-K05	RM	1
AM-121-K07	RM	1
AM-121-K09	RL	1
AM-121-K09	Dpd	1
AM-121-K17	RM	1
AM-121-K20	AbiU	1
AM-121-L09	AbiU	1
AM-121-L09	RM	1
AM-121-L10	Mokosh	1
AM-121-L10	RM	1
AM-121-L15	dXTPase	1
AM-121-L15	SoFic	2
AM-121-L15	RM	2
AM-121-L15	Cas	1
AM-121-L18	RM	2
AM-121-L21	DarTG	1
AM-121-L23	RM	2
AM-121-M03	RM	1
AM-121-M07	AbiU	1
AM-121-M11	AbiU	1
AM-121-M14	AbiU	1
AM-121-M14	RM	2
AM-121-M19	RM	1
AM-121-M23	RM	1
AM-121-N02	AbiU	1
AM-121-N05	RM	1
AM-121-N06	ShosTA	1
AM-121-N06	BREX	1
AM-121-N06	RM	2
AM-121-N11	AbiU	1
AM-121-N11	RM	1
AM-121-N23	RM	1
AM-121-O03	RM	1
AM-121-O03	Cas	1
AM-121-O05	AbiU	1
AM-121-O05	Cas	1
AM-121-O07	RM	2
AM-121-O15	AbiU	1
AM-121-O15	RM	1
AM-121-P04	AbiU	1
AM-121-P04	RM	2
AM-121-P06	RM	2
AM-121-P07	RM	2
AM-121-P10	Zorya	2
AM-121-P10	RM	1
AM-121-P11	DISARM	1
AM-121-P15	ShosTA	1
AM-121-P15	RM	1
AM-121-P18	RM	2
AM-124-A06	AbiU	1
AM-124-A08	Cas	1
AM-124-A15	SoFic	1
AM-124-A15	RM	4
AM-124-A18	RM	1
AM-124-A23	Lamassu	1
AM-124-A23	Viperin	1
AM-124-B03	AbiU	1
AM-124-B07	ShosTA	1
AM-124-B07	RM	1
AM-124-B09	AbiU	1
AM-124-B09	RM	3
AM-124-B19	RM	1
AM-124-C07	Lamassu	1
AM-124-C11	RM	2
AM-124-C15	RM	1
AM-124-C15	Cas	2
AM-124-C17	RM	2
AM-124-C18	RM	2
AM-124-C22	Cas	1
AM-124-C23	RM	1
AM-124-D02	RM	1
AM-124-D05	RM	1
AM-124-D09	RM	2
AM-124-D16	RM	2
AM-124-D22	AbiU	2
AM-124-D23	RM	1
AM-124-E04	RM	2
AM-124-E07	PfiAT	1
AM-124-E07	RM	1
AM-124-E07	Cas	2
AM-124-E11	RM	2
AM-124-E17	AbiU	1
AM-124-E17	RM	1
AM-124-E20	AbiU	1
AM-124-E20	ShosTA	1
AM-124-E23	RM	1
AM-124-F02	RM	1
AM-124-F03	BREX	1
AM-124-F03	RM	1
AM-124-F19	RM	1
AM-124-F20	SoFic	1
AM-124-G06	Mokosh	1
AM-124-G06	RM	3
AM-124-G20	AbiU	1
AM-124-G22	PfiAT	1
AM-124-G22	RM	1
AM-124-G22	Cas	2
AM-124-I02	AbiU	1
AM-124-I03	RM	1
AM-124-I09	Lamassu	1
AM-124-I09	AbiE	2
AM-124-I09	PD-T7-2	1
AM-124-I09	Dpd	1
AM-124-I09	SoFic	1
AM-124-I09	RM	2
AM-124-I11	Hhe	1
AM-124-I11	dXTPase	1
AM-124-I14	AbiU	1
AM-124-I15	RM	1
AM-124-I16	AbiU	1
AM-124-I16	RM	1
AM-124-I17	RM	1
AM-124-J11	RM	3
AM-124-J15	RM	1
AM-124-J23	RosmerTA	1
AM-124-J23	SoFic	1
AM-124-K05	RM	2
AM-124-K19	Cas	1
AM-124-K22	RM	1
AM-124-L04	AbiU	1
AM-124-L04	RM	1
AM-124-L05	RM	1
AM-124-L08	AbiU	1
AM-124-L16	AbiU	1
AM-124-M14	AbiU	1
AM-124-M14	RM	1
AM-124-M17	AbiU	1
AM-124-M18	RM	1
AM-124-M20	Zorya	1
AM-124-M20	RM	1
AM-124-M23	AbiU	1
AM-124-N05	RM	1
AM-124-N09	AbiU	1
AM-124-N09	RM	2
AM-124-N16	RM	1
AM-124-N19	Retron	1
AM-124-N19	RM	1
AM-124-N20	AbiU	1
AM-124-N23	AbiU	1
AM-124-N23	RM	1
AM-124-O05	RM	1
AM-124-O11	RM	1
AM-124-O13	PsyrTA	1
AM-124-O17	RM	3
AM-124-P05	AbiU	1
AM-124-P05	RM	1
AM-124-P07	RM	1
AM-124-P10	RM	1
AM-124-P11	RM	2
AM-124-P16	RM	1
AM-127-A03	RM	1
AM-127-A05	RM	2
AM-127-A05	Cas	1
AM-127-A09	RM	1
AM-127-A14	RM	1
AM-127-A21	Cas	1
AM-127-B06	PsyrTA	1
AM-127-B06	RM	1
AM-127-B11	RM	1
AM-127-B14	AbiE	1
AM-127-B14	RM	1
AM-127-B15	Azaca	1
AM-127-B15	Cas	1
AM-127-B22	AbiU	1
AM-127-C05	PsyrTA	1
AM-127-C06	PD-T4-3	1
AM-127-C06	Eleos	1
AM-127-C15	AbiU	1
AM-127-C17	RM	1
AM-127-C21	RM	1
AM-127-D08	SoFic	1
AM-127-D09	AbiU	1
AM-127-D11	DISARM	1
AM-127-E03	AbiU	1
AM-127-E08	RM	2
AM-127-E10	RM	2
AM-127-E13	Eleos	1
AM-127-E13	Cas	1
AM-127-E19	CBASS	1
AM-127-E19	BREX	1
AM-127-E19	RM	4
AM-127-E19	Cas	1
AM-127-E20	RM	1
AM-127-F08	RM	1
AM-127-F16	RM	1
AM-127-F19	PsyrTA	1
AM-127-F20	PsyrTA	1
AM-127-F21	PsyrTA	1
AM-127-G03	AbiU	1
AM-127-G04	RM	1
AM-127-G09	RM	1
AM-127-G10	RM	1
AM-127-G15	Eleos	1
AM-127-G15	RM	2
AM-127-G20	AbiU	1
AM-127-G22	RM	1
AM-127-I09	AbiU	1
AM-127-I09	RM	1
AM-127-I16	AbiU	1
AM-127-I16	PsyrTA	1
AM-127-I17	RM	1
AM-127-I20	PsyrTA	1
AM-127-J09	RM	4
AM-280-D15	AbiU	1
AM-280-D15	RM	1
AM-280-D16	RM	3
AM-280-D17	PD-T4-3	1
AM-280-D17	RM	1
AM-280-D21	RM	1
AM-280-E04	DISARM	1
AM-280-E06	RM	2
AM-280-E11	AbiU	1
AM-280-E11	RM	1
AM-280-E18	dXTPase	1
AM-280-E20	RM	1
AM-280-E23	PsyrTA	1
AM-280-F07	Mokosh	1
AM-280-F08	AbiU	1
AM-280-F08	RM	1
AM-280-F18	AbiE	1
AM-280-F18	Dnd	1
AM-280-F19	AbiU	1
AM-280-F20	AbiU	1
AM-280-F20	RM	1
AM-280-F21	RM	1
AM-280-F22	Mokosh	1
AM-280-G06	AbiU	1
AM-280-G06	RM	1
AM-280-G13	RM	1
AM-280-G15	Dpd	1
AM-280-G16	Gabija	1
AM-280-G16	Kiwa	1
AM-280-G16	AbiZ	1
AM-280-G16	Druantia	1
AM-280-G16	Zorya	1
AM-280-G16	PfiAT	2
AM-280-G16	RM	3
AM-280-G19	PD-T4-3	1
AM-280-G20	AbiU	1
AM-280-G22	RM	1
AM-127-J18	Druantia	1
AM-127-J18	RM	1
AM-127-J23	DISARM	1
AM-127-K09	Lamassu	1
AM-127-K09	Retron	1
AM-127-K09	RM	1
AM-127-K10	Eleos	1
AM-127-K10	SoFic	1
AM-127-K10	RM	4
AM-127-K15	AbiU	1
AM-127-K17	RM	1
AM-127-K18	AbiU	1
AM-127-K20	RM	2
AM-127-K22	RM	1
AM-127-L06	PsyrTA	1
AM-127-L06	RM	2
AM-127-M10	RM	2
AM-127-M18	RM	1
AM-127-M19	AbiU	1
AM-127-M19	RM	1
AM-127-N03	RM	2
AM-127-N04	Dpd	1
AM-127-N04	RM	1
AM-127-N11	Dpd	1
AM-127-N16	RM	1
AM-127-N20	RM	2
AM-127-N21	AbiU	1
AM-127-O03	PsyrTA	1
AM-127-O04	DarTG	1
AM-127-O06	AbiU	1
AM-127-O06	RM	1
AM-127-O08	AbiU	1
AM-127-O11	PsyrTA	1
AM-127-O11	Eleos	1
AM-127-O16	DarTG	1
AM-127-O16	Eleos	1
AM-127-O16	RM	1
AM-127-O16	Cas	1
AM-127-O22	AbiU	1
AM-127-O22	DarTG	1
AM-127-O22	RM	1
AM-127-P14	AbiE	1
AM-127-P14	RM	2
AM-127-P19	AbiU	1
AM-127-P19	RM	1
AM-130-A01	RM	2
AM-130-A01	Cas	1
AM-130-A13	AbiU	1
AM-130-A17	RM	1
AM-130-B02	Eleos	1
AM-130-B02	SoFic	1
AM-130-B02	RM	1
AM-130-B06	SoFic	1
AM-130-B06	RM	1
AM-130-B10	Eleos	1
AM-130-B11	RM	1
AM-130-B18	RM	1
AM-130-B21	AbiU	1
AM-130-B23	RM	2
AM-130-C02	RloC	1
AM-130-C02	AbiP2	1
AM-130-C02	Zorya	1
AM-130-C02	BREX	1
AM-130-C08	Viperin	1
AM-130-C08	RM	2
AM-130-C11	Eleos	1
AM-130-C11	RM	1
AM-130-C14	RosmerTA	1
AM-130-C14	Cas	1
AM-130-C18	RM	1
AM-130-D02	AbiU	1
AM-130-D03	BREX	1
AM-130-D03	RM	1
AM-130-D06	RM	1
AM-130-D13	PsyrTA	1
AM-130-D13	Eleos	1
AM-130-D17	AbiU	1
AM-130-D19	Cas	2
AM-130-E02	RM	2
AM-130-E06	RM	1
AM-130-E08	RM	1
AM-130-F04	RM	1
AM-130-F05	AbiU	1
AM-130-F11	AbiU	1
AM-130-F11	RM	1
AM-130-F13	ShosTA	1
AM-130-F13	RM	1
AM-130-F16	BREX	1
AM-130-F16	RM	1
AM-130-F18	AbiU	1
AM-130-F20	RM	2
AM-130-G09	Zorya	1
AM-130-G09	Eleos	1
AM-130-G16	RM	2
AM-130-G19	PD-T4-3	1
AM-130-G21	BREX	1
AM-130-I21	RM	3
AM-130-I21	Cas	1
AM-130-I23	AbiU	1
AM-130-I23	RM	1
AM-130-J02	PsyrTA	1
AM-130-J02	Eleos	1
AM-130-J02	RM	1
AM-130-J03	RM	1
AM-130-J07	RM	1
AM-130-J09	RM	1
AM-130-K03	RM	2
AM-130-K14	RM	2
AM-130-K22	RM	6
AM-130-L07	DarTG	1
AM-130-L10	RM	1
AM-130-L11	RM	1
AM-130-L22	RM	1
AM-130-M16	RM	2
AM-130-M20	AbiU	1
AM-130-M20	RM	1
AM-130-M21	RM	2
AM-130-M23	RM	1
AM-130-M23	Cas	1
AM-130-N11	AbiU	1
AM-130-N17	RM	1
AM-130-N18	AbiU	1
AM-130-O04	RM	1
AM-130-O05	AbiU	1
AM-130-O07	RM	2
AM-130-O10	Cas	1
AM-130-O14	AbiP2	1
AM-130-O22	Mokosh	1
AM-130-P01	SanaTA	1
AM-130-P09	RM	1
AM-130-P10	RM	1
AM-130-P18	AbiU	1
AM-135-A13	RM	1
AM-135-A18	RM	1
AM-135-A23	SoFic	1
AM-135-A23	RM	3
AM-135-B17	RM	1
AM-135-C07	AbiU	1
AM-135-C07	BREX	1
AM-135-C17	RM	2
AM-135-D15	AbiU	1
AM-135-D15	RM	1
AM-135-D22	AbiU	1
AM-135-D22	RM	2
AM-135-D23	RM	1
AM-135-E02	RM	1
AM-135-G02	AbiU	1
AM-135-G06	PD-Lambda-1	1
AM-135-G06	RM	2
AM-135-G09	SoFic	1
AM-135-G09	RM	1
AM-135-G10	Lamassu	1
AM-135-G10	RM	1
AM-135-G18	Zorya	1
AM-135-G18	RM	2
AM-135-I04	Dnd	1
AM-135-I11	Eleos	1
AM-135-I16	dXTPase	1
AM-135-I16	RM	2
AM-135-I20	RM	1
AM-135-I21	Dnd	1
AM-135-I22	Hhe	1
AM-135-J04	RM	1
AM-135-J08	AbiU	1
AM-135-J10	RM	1
AM-135-J17	AbiU	1
AM-135-J17	RM	1
AM-135-J21	Viperin	1
AM-135-L02	AbiU	1
AM-135-L02	RM	1
AM-135-L03	AbiU	1
AM-135-L09	RM	2
AM-135-L15	AbiU	1
AM-135-L22	AbiU	1
AM-135-L22	RM	1
AM-135-M03	AbiU	1
AM-135-M13	AbiU	1
AM-135-M14	AbiU	1
AM-135-M16	AbiU	1
AM-135-M16	RM	1
AM-135-M21	AbiU	2
AM-135-M21	RM	2
AM-135-N08	AbiU	1
AM-135-N17	AbiU	1
AM-135-N17	RM	2
AM-135-N19	SoFic	1
AM-135-O04	RM	2
AM-135-O06	AbiU	1
AM-135-O10	RM	1
AM-135-P04	RM	2
AM-135-P13	AbiU	1
AM-135-P15	RM	1
AM-135-P18	Cas	1
AM-135-P20	RM	4
AM-138-A03	AbiU	1
AM-138-A03	RM	1
AM-138-A11	RM	2
AM-138-A19	Tiamat	1
AM-138-A19	RM	1
AM-138-A21	AbiU	1
AM-138-B14	PsyrTA	1
AM-138-B21	RM	1
AM-138-B22	BREX	1
AM-138-B23	PD-T4-3	1
AM-138-C06	RM	1
AM-138-C09	dXTPase	1
AM-138-C13	AbiU	1
AM-138-C20	AbiU	1
AM-138-D04	AbiU	1
AM-138-D16	RM	1
AM-138-D18	AbiU	1
AM-138-D18	RM	1
AM-138-D21	RM	1
AM-138-D22	AbiU	1
AM-138-D22	RM	2
AM-138-E05	BREX	1
AM-138-E15	dXTPase	1
AM-138-F22	AbiU	1
AM-138-G03	Zorya	1
AM-138-G15	RM	4
AM-138-G15	Cas	1
AM-138-G23	RM	1
AM-280-I05	ShosTA	1
AM-280-I07	AbiU	1
AM-280-I13	Eleos	1
AM-280-I15	dXTPase	1
AM-280-I21	RM	2
AM-280-I23	RM	1
AM-280-J15	AbiU	1
AM-280-J16	RM	1
AM-280-J21	Zorya	1
AM-280-J21	RM	1
AM-280-J22	RM	1
AM-280-J23	RM	1
AM-280-K03	RM	2
AM-280-K05	RM	1
AM-280-K13	Viperin	1
AM-280-K14	RM	1
AM-280-K19	RM	2
AM-280-K20	AbiU	1
AM-280-K21	RM	1
AM-280-L07	AbiU	1
AM-280-L07	RM	2
AM-280-L10	AbiU	1
AM-138-I04	RM	1
AM-138-I16	RM	1
AM-138-I17	RM	1
AM-138-J13	AbiU	1
AM-138-J21	RM	1
AM-138-J23	RM	1
AM-138-K02	RM	1
AM-138-K06	RM	2
AM-138-L04	AbiU	1
AM-138-L05	RM	1
AM-138-L16	RM	3
AM-138-L20	RM	1
AM-138-M13	PsyrTA	1
AM-138-M13	RM	1
AM-138-M15	Druantia	1
AM-138-N03	AbiU	1
AM-138-N03	RM	1
AM-138-N07	AbiU	1
AM-138-N07	RM	1
AM-138-O10	RM	1
AM-138-O11	AbiU	1
AM-138-O16	RM	1
AM-138-P07	RM	1
AM-138-P13	RM	1
AM-158-A03	AbiU	1
AM-158-A03	RM	1
AM-158-A09	Cas	1
AM-158-A10	RM	2
AM-158-A10	Cas	1
AM-158-A11	AbiU	1
AM-158-A14	AbiU	1
AM-158-A15	Dpd	1
AM-158-A15	RM	2
AM-158-A17	AbiU	1
AM-158-A20	PD-T4-3	1
AM-158-A22	RM	1
AM-158-B04	PsyrTA	1
AM-158-B08	Lamassu	1
AM-158-B11	RM	2
AM-158-C03	RM	1
AM-158-C11	Dpd	1
AM-158-C15	RM	1
AM-158-C23	RM	1
AM-158-D02	RM	1
AM-158-D04	AbiU	1
AM-158-D06	RM	2
AM-158-D17	AbiU	1
AM-158-D17	RM	1
AM-158-E06	RM	1
AM-158-E08	PsyrTA	1
AM-158-E11	Zorya	1
AM-158-E16	AbiU	1
AM-158-E22	AbiU	1
AM-158-E22	RM	2
AM-158-F02	RM	1
AM-158-F03	RM	1
AM-158-F06	AbiU	1
AM-158-F06	ShosTA	1
AM-158-F06	BREX	1
AM-158-F08	PsyrTA	1
AM-158-F20	AbiU	1
AM-158-G05	ShosTA	1
AM-158-G05	RM	1
AM-158-G08	RM	1
AM-158-G09	AbiU	1
AM-158-G10	RM	1
AM-158-G11	AbiU	1
AM-158-G16	RM	1
AM-158-G20	AbiU	1
AM-158-I14	AbiU	1
AM-158-I23	AbiU	1
AM-158-I23	RM	1
AM-158-J02	AbiU	1
AM-158-J05	RM	1
AM-158-J13	Pycsar	1
AM-158-J19	RM	1
AM-158-K03	RM	1
AM-158-K05	AbiU	1
AM-158-K09	AbiU	1
AM-158-K09	RM	2
AM-158-K10	ShosTA	1
AM-158-K13	AbiU	1
AM-158-K14	RM	1
AM-158-K22	Lamassu	1
AM-158-K22	Zorya	1
AM-158-L02	RM	1
AM-158-L09	RM	1
AM-158-M07	AbiU	1
AM-158-M08	DISARM	1
AM-158-M08	AbiU	1
AM-158-M08	RM	1
AM-158-M14	dXTPase	1
AM-158-M14	RM	1
AM-158-M15	RM	1
AM-158-M21	RM	3
AM-158-N06	RM	2
AM-158-N08	RM	2
AM-158-N09	AbiU	1
AM-158-N09	RM	2
AM-158-N11	AbiU	1
AM-158-N13	RM	1
AM-158-N16	AbiU	1
AM-158-N16	RM	2
AM-158-N21	RM	1
AM-158-O05	DISARM	1
AM-158-O07	PsyrTA	1
AM-158-O07	RM	1
AM-158-O16	RM	1
AM-158-O18	Dnd	1
AM-158-O19	RM	3
AM-158-P01	RM	1
AM-158-P02	RM	1
AM-158-P04	RM	1
AM-158-P07	RM	3
AM-158-P08	RM	1
AM-158-P10	RM	1
AM-158-P15	AbiU	1
AM-158-P15	RM	2
AM-158-P19	RM	2
AM-158-P22	RM	1
AM-158-P23	ShosTA	1
AM-161-A04	DISARM	1
AM-161-A05	Dpd	1
AM-161-A05	RM	1
AM-161-A09	Lamassu	1
AM-161-A09	Zorya	1
AM-161-A09	RM	6
AM-161-A11	PsyrTA	1
AM-161-A21	AbiU	1
AM-161-A21	RM	1
AM-161-B03	Retron	1
AM-161-B04	AbiU	1
AM-161-B07	PsyrTA	1
AM-161-B07	Azaca	1
AM-161-B16	Druantia	3
AM-161-B20	RM	2
AM-161-B20	Cas	1
AM-161-B21	RM	1
AM-161-C09	RM	1
AM-161-C13	CBASS	1
AM-161-C13	RM	1
AM-161-C15	RM	1
AM-161-C17	PsyrTA	1
AM-161-D03	AbiU	1
AM-161-D09	RM	1
AM-161-D18	AbiU	1
AM-161-D20	AbiU	1
AM-161-D20	RM	3
AM-161-E09	Mokosh	1
AM-161-E09	RM	1
AM-161-E11	SoFic	1
AM-161-E11	RM	1
AM-161-E14	RM	1
AM-161-E16	Mokosh	1
AM-161-E22	PARIS	1
AM-161-E22	CBASS	2
AM-161-E22	RM	3
AM-161-F02	RM	1
AM-161-F23	RM	2
AM-161-G06	AbiU	1
AM-161-G07	AbiU	1
AM-161-G09	RM	1
AM-161-G15	RM	2
AM-161-G16	AbiU	1
AM-161-G18	AbiU	1
AM-161-G18	RM	1
AM-161-G21	RM	2
AM-161-G22	AbiU	1
AM-161-G22	RM	2
AM-161-I03	RM	1
AM-161-I04	AbiU	1
AM-161-I04	RM	1
AM-161-I08	Cas	1
AM-161-I11	RM	1
AM-161-I13	AbiU	1
AM-161-I14	Septu	1
AM-161-I14	CBASS	1
AM-161-I22	RM	2
AM-161-J08	AbiU	1
AM-161-J08	RM	1
AM-161-J10	AbiU	1
AM-161-J11	Druantia	1
AM-161-J11	RM	3
AM-161-J14	RM	1
AM-161-J21	RM	2
AM-161-K07	RM	1
AM-161-K09	AbiU	1
AM-161-K15	RM	1
AM-161-K19	dXTPase	1
AM-161-K20	AbiU	1
AM-161-L02	PARIS	1
AM-161-L04	RM	1
AM-280-L15	RM	1
AM-280-M06	AbiU	1
AM-280-M07	dXTPase	1
AM-280-M14	RM	2
AM-280-M15	RM	1
AM-280-N04	PsyrTA	1
AM-280-N10	AbiU	1
AM-280-N18	PsyrTA	1
AM-280-O05	AbiU	1
AM-280-O09	AbiU	1
AM-280-O09	RM	1
AM-280-O15	AbiU	1
AM-280-O15	RM	1
AM-280-O20	AbiU	1
AM-280-P11	AbiU	1
AM-280-P14	dXTPase	1
AM-280-P14	DRT	1
AM-280-P14	CapRel	1
AM-280-P14	RM	2
AM-280-P16	RM	1
AM-280-P18	AbiJ	1
AM-161-L11	AbiU	1
AM-161-L11	RM	1
AM-161-M02	AbiU	1
AM-161-M09	RM	1
AM-161-M10	AbiU	1
AM-161-M10	RM	2
AM-161-M21	AbiU	1
AM-161-M21	RM	1
AM-161-N02	RM	1
AM-161-N04	Dpd	1
AM-161-N10	RM	1
AM-161-N13	RM	1
AM-161-N21	AbiU	1
AM-161-N21	RM	1
AM-161-N22	Cas	1
AM-161-O06	AbiU	1
AM-161-O06	RM	1
AM-161-O07	AbiU	1
AM-161-O14	PfiAT	1
AM-161-O14	Cas	2
AM-161-O20	RM	1
AM-161-P09	Uzume	1
AM-161-P15	AbiU	1
AM-161-P16	AbiU	1
AM-161-P21	SoFic	1
AM-164-A04	PsyrTA	1
AM-164-A07	RM	3
AM-164-A11	RM	2
AM-164-A14	AbiU	1
AM-164-A15	PsyrTA	1
AM-164-A15	Dpd	1
AM-164-B05	PsyrTA	1
AM-164-B07	RM	1
AM-164-B11	RM	1
AM-164-B21	AbiU	1
AM-164-C05	AbiU	1
AM-164-C20	AbiU	1
AM-164-D03	RM	1
AM-164-D05	RM	1
AM-164-D06	AbiU	1
AM-164-D13	Retron	1
AM-164-D16	PsyrTA	1
AM-164-D22	PsyrTA	1
AM-164-E03	RM	1
AM-164-E05	RM	3
AM-164-E11	RM	1
AM-164-E13	RM	1
AM-164-E20	RM	1
AM-164-E23	AbiU	1
AM-164-E23	RM	2
AM-164-F02	Retron	1
AM-164-F02	RM	2
AM-164-F08	RM	1
AM-164-F13	RM	3
AM-164-F14	Azaca	1
AM-164-G04	AbiU	1
AM-164-G06	RM	1
AM-164-G08	Dpd	1
AM-164-G09	RM	1
AM-164-G10	Eleos	1
AM-164-I04	RM	1
AM-164-I16	BREX	1
AM-164-I16	RM	1
AM-164-I20	PsyrTA	1
AM-164-I21	AbiU	1
AM-164-J08	Dnd	1
AM-164-J16	RM	1
AM-164-J18	DISARM	1
AM-164-J18	RM	1
AM-164-J19	AbiU	1
AM-164-J22	Zorya	1
AM-164-J22	RM	2
AM-164-K02	Viperin	1
AM-164-K03	RM	1
AM-164-K04	RM	1
AM-164-K07	RM	1
AM-164-K11	DarTG	1
AM-164-K11	PD-T4-3	1
AM-164-K11	RM	1
AM-164-K17	AbiE	1
AM-164-K17	Wadjet	1
AM-164-K17	RM	1
AM-164-K21	RM	2
AM-164-L09	RM	1
AM-164-L11	RM	1
AM-164-L15	RM	1
AM-164-L16	RM	1
AM-164-L17	RM	1
AM-164-L20	AbiU	1
AM-164-L20	RM	1
AM-164-M04	RM	1
AM-164-M05	AbiU	1
AM-164-M09	RM	1
AM-164-M10	RM	1
AM-164-M13	PD-T4-3	1
AM-164-M13	RM	1
AM-164-M23	BREX	1
AM-164-M23	RM	1
AM-164-N10	RM	1
AM-164-N17	RM	2
AM-164-O04	AbiU	1
AM-164-O04	RM	2
AM-164-O08	AbiU	1
AM-164-O11	AbiU	1
AM-164-O11	RM	3
AM-164-O17	AbiU	1
AM-164-O17	RM	2
AM-164-O23	dXTPase	1
AM-164-O23	RM	1
AM-164-P02	AbiU	1
AM-164-P02	RM	1
AM-164-P03	RM	1
AM-164-P04	AbiU	1
AM-164-P14	AbiU	1
AM-164-P17	RM	1
AM-164-P18	RM	1
AM-164-P19	AbiU	1
AM-164-P20	RM	2
AM-181-A03	BREX	1
AM-181-A03	RM	1
AM-181-A07	RM	2
AM-181-A09	RM	1
AM-181-A11	SoFic	1
AM-181-A15	AbiU	1
AM-181-A15	RM	2
AM-181-A16	AbiU	1
AM-181-A16	RM	1
AM-181-A17	RM	1
AM-181-A21	RM	1
AM-181-B03	RM	1
AM-181-B06	DarTG	1
AM-181-B16	BREX	1
AM-181-B16	RM	2
AM-181-B17	AbiU	1
AM-181-B21	RM	1
AM-181-B22	RM	1
AM-181-C09	Dpd	1
AM-181-C09	Retron	1
AM-181-C11	SspBCDE	1
AM-181-C13	RM	1
AM-181-C17	RM	2
AM-181-C18	DarTG	1
AM-181-C22	Dnd	1
AM-181-D03	RM	1
AM-181-D05	RM	1
AM-181-D10	RM	3
AM-181-D11	AbiU	1
AM-181-D13	dXTPase	1
AM-181-D13	RL	1
AM-181-D13	PfiAT	1
AM-181-D13	SoFic	1
AM-181-D13	RM	1
AM-181-D13	Cas	1
AM-181-D14	RM	1
AM-181-D15	AbiU	1
AM-181-D15	RM	2
AM-181-D22	AbiU	1
AM-181-D22	RM	2
AM-181-E08	AbiU	1
AM-181-E09	AbiU	1
AM-181-E11	AbiU	1
AM-181-F03	Lamassu	1
AM-181-F03	Cas	1
AM-181-G09	RM	3
AM-181-G17	RM	1
AM-181-G18	AbiU	1
AM-181-G19	Dpd	1
AM-181-G20	DISARM	1
AM-181-G20	RM	1
AM-181-G22	RM	3
AM-181-G23	PsyrTA	1
AM-181-I02	RM	1
AM-181-I05	RM	1
AM-181-I07	dXTPase	1
AM-181-I07	Gabija	1
AM-181-I07	Retron	1
AM-181-I07	RM	2
AM-181-I07	Cas	1
AM-181-I14	RM	2
AM-181-I15	AbiU	1
AM-181-I16	RM	1
AM-181-I17	RM	1
AM-181-J09	ShosTA	1
AM-181-J19	DISARM	1
AM-181-J21	RM	2
AM-181-K03	AbiU	1
AM-181-K04	AbiU	1
AM-181-K04	RM	1
AM-181-K05	Lamassu	1
AM-181-K05	RM	1
AM-284-A06	RM	2
AM-284-A07	Druantia	1
AM-284-A07	Zorya	1
AM-284-A16	SoFic	1
AM-284-A16	RM	3
AM-284-A20	PsyrTA	1
AM-284-A20	Tiamat	1
AM-284-A20	RM	2
AM-284-B11	RM	2
AM-284-B16	RM	1
AM-284-B18	BREX	1
AM-284-B19	RM	4
AM-284-B21	AbiU	1
AM-284-B23	PD-Lambda-1	1
AM-284-B23	CBASS	1
AM-284-B23	RM	1
AM-284-C04	RM	2
AM-284-C05	Dnd	1
AM-284-C05	RM	1
AM-284-C08	PARIS	1
AM-284-C08	Retron	1
AM-284-C09	RM	1
AM-284-C20	AbiU	1
AM-284-C21	AbiU	1
AM-284-C23	PD-T4-3	1
AM-181-K09	AbiU	1
AM-181-K11	AbiU	1
AM-181-K11	RM	1
AM-181-K23	RM	1
AM-181-L06	RM	1
AM-181-L09	AbiU	1
AM-181-L09	RM	1
AM-181-L13	RM	2
AM-181-L19	DISARM	1
AM-181-L20	RM	1
AM-181-M14	RM	2
AM-181-M15	DISARM	1
AM-181-M15	RM	3
AM-181-M16	RM	1
AM-181-M18	RM	1
AM-181-M19	AbiU	1
AM-181-M21	Viperin	1
AM-181-M21	Mokosh	1
AM-181-M21	RM	1
AM-181-M22	RM	1
AM-181-M23	AbiU	1
AM-181-M23	RM	1
AM-181-N14	Viperin	1
AM-181-N14	Mokosh	1
AM-181-N20	AbiU	1
AM-181-N23	AbiU	1
AM-181-O02	RM	1
AM-181-O08	RM	2
AM-181-O11	RM	1
AM-181-O15	PfiAT	1
AM-181-P01	SoFic	1
AM-181-P01	PfiAT	1
AM-181-P01	RM	6
AM-181-P04	AbiU	1
AM-181-P05	RM	1
AM-181-P11	SoFic	1
AM-181-P13	Dnd	1
AM-181-P14	RM	1
AM-181-P19	AbiU	1
AM-184-A04	PD-T4-3	1
AM-184-A08	dXTPase	1
AM-184-A17	RM	1
AM-184-B13	RM	1
AM-184-C02	PD-Lambda-1	1
AM-184-C06	AbiU	1
AM-184-C18	RM	2
AM-184-D03	AbiU	1
AM-184-D03	Cas	1
AM-184-D07	dXTPase	1
AM-184-D23	AbiU	1
AM-184-E02	DarTG	1
AM-184-E02	RM	2
AM-184-E13	DISARM	1
AM-184-E14	AbiU	1
AM-184-F13	RM	2
AM-184-F20	AbiU	1
AM-184-F21	AbiU	1
AM-184-G08	AbiU	2
AM-184-G09	dXTPase	1
AM-184-G20	AbiU	1
AM-184-G20	RM	2
AM-184-G21	Lamassu	1
AM-184-G22	RM	1
AM-184-I03	RM	1
AM-184-I05	RM	1
AM-184-I10	Eleos	1
AM-184-I19	RM	2
AM-184-I19	Cas	1
AM-184-I22	RM	2
AM-184-J02	dXTPase	1
AM-184-J05	AbiU	1
AM-184-J05	RM	1
AM-184-J06	PsyrTA	1
AM-184-J06	Dpd	1
AM-184-J06	RM	1
AM-184-J07	AbiU	1
AM-184-J08	AbiU	1
AM-184-J10	RM	1
AM-184-J17	AbiU	1
AM-184-J17	RM	1
AM-184-J18	RM	4
AM-184-J21	AbiU	1
AM-184-K04	PsyrTA	1
AM-184-K04	RM	1
AM-184-K07	AbiU	1
AM-184-K08	RM	2
AM-184-K10	AbiU	1
AM-184-K10	RM	1
AM-184-K19	RM	1
AM-184-K23	DISARM	1
AM-184-K23	RM	2
AM-184-L02	AbiU	1
AM-184-L02	RM	2
AM-184-L03	Zorya	1
AM-184-L03	Tiamat	1
AM-184-L03	RM	1
AM-184-L05	RM	1
AM-184-L10	AbiU	1
AM-184-L15	RM	2
AM-184-L17	Druantia	1
AM-184-L17	RM	2
AM-184-M03	RM	1
AM-184-M08	RM	1
AM-184-M16	RM	1
AM-184-M19	RM	2
AM-184-N02	AbiU	1
AM-184-N04	RM	1
AM-184-N09	RM	1
AM-184-N10	RM	1
AM-184-N21	Shango	1
AM-184-O05	AbiU	1
AM-184-O06	RM	1
AM-184-O11	RM	2
AM-184-O14	RM	1
AM-184-O21	AbiU	1
AM-184-O23	RM	1
AM-184-P05	AbiU	1
AM-184-P08	RM	2
AM-184-P09	AbiU	1
AM-184-P10	RM	1
AM-184-P11	RM	2
AM-184-P13	PARIS	1
AM-184-P13	pAgo	1
AM-184-P14	AbiU	1
AM-184-P19	Dpd	1
AM-184-P21	dXTPase	1
AM-187-A01	RM	1
AM-187-A04	AbiU	1
AM-187-A18	AbiU	1
AM-187-A18	RM	1
AM-187-A20	RM	3
AM-187-B05	Lamassu	1
AM-187-B07	RM	1
AM-187-B09	RM	1
AM-187-B11	RM	1
AM-187-B14	Zorya	1
AM-187-C03	SspBCDE	1
AM-187-C08	dXTPase	1
AM-187-C08	RM	1
AM-187-C17	RM	1
AM-187-C22	AbiU	1
AM-187-C23	RM	2
AM-187-D09	RM	1
AM-187-D15	RM	2
AM-187-D21	DarTG	1
AM-187-D23	PsyrTA	1
AM-187-E02	RM	1
AM-187-E09	ShosTA	1
AM-187-E11	RM	1
AM-187-F14	RM	1
AM-187-F18	AbiU	1
AM-187-F18	RM	1
AM-187-F20	RM	1
AM-187-G03	RM	2
AM-187-G23	RM	2
AM-187-I02	PD-T4-3	1
AM-187-I06	RM	1
AM-187-I07	PD-T4-3	1
AM-187-I08	AbiU	1
AM-187-I08	RM	3
AM-187-I16	PD-T4-3	1
AM-187-I16	RM	1
AM-187-J04	PsyrTA	1
AM-187-K05	RM	1
AM-187-K11	RM	2
AM-187-K20	Viperin	1
AM-187-K20	RM	2
AM-187-K21	dXTPase	1
AM-187-K22	RM	2
AM-187-L02	RM	1
AM-187-L05	AbiU	1
AM-187-L08	AbiU	1
AM-187-L15	RM	1
AM-187-L18	RM	1
AM-187-L22	RM	1
AM-187-M03	DarTG	1
AM-284-D06	AbiU	1
AM-284-D08	AbiU	1
AM-284-D08	DISARM	1
AM-284-D08	RM	1
AM-284-D10	dXTPase	1
AM-284-D11	RM	1
AM-284-D13	AbiU	1
AM-284-D15	RM	1
AM-284-D16	AbiU	1
AM-284-D19	AbiU	1
AM-284-E03	AbiU	1
AM-284-E03	RM	1
AM-284-E04	Dnd	1
AM-284-E05	Zorya	1
AM-284-E09	AbiU	1
AM-284-E09	RM	2
AM-284-E13	Dnd	1
AM-284-E14	AbiU	1
AM-284-E14	DarTG	1
AM-284-E16	RM	2
AM-284-F02	RM	3
AM-284-F15	AbiU	1
AM-284-F18	Azaca	1
AM-284-F18	RM	1
AM-284-G06	RM	1
AM-284-G07	RM	1
AM-284-G09	RM	1
AM-284-G10	AbiU	1
AM-187-M04	RM	2
AM-187-M09	AbiU	1
AM-187-M16	PsyrTA	1
AM-187-N02	RM	1
AM-187-N05	Cas	1
AM-187-N14	RM	2
AM-187-N15	RM	1
AM-187-O04	dXTPase	1
AM-187-O08	AbiU	1
AM-187-O15	RM	1
AM-187-O17	RM	1
AM-187-P02	RM	1
AM-187-P03	RM	1
AM-187-P13	dXTPase	1
AM-201-A01	Tiamat	1
AM-201-A01	RM	3
AM-201-A04	Retron	1
AM-201-A08	AbiU	1
AM-201-A11	PD-T4-3	1
AM-201-A13	RM	1
AM-201-A15	RM	1
AM-201-A16	PsyrTA	1
AM-201-A17	AbiU	1
AM-201-A20	RM	1
AM-201-B03	RM	1
AM-201-B04	RM	1
AM-201-B09	RM	1
AM-201-B15	Retron	1
AM-201-B17	RM	2
AM-201-B19	RM	1
AM-201-B20	AbiU	1
AM-201-B20	DarTG	1
AM-201-B20	Dnd	1
AM-201-C05	RM	1
AM-201-C06	Mokosh	1
AM-201-C11	dXTPase	1
AM-201-C22	RM	3
AM-201-D08	AbiU	1
AM-201-D15	PsyrTA	1
AM-201-D15	RM	1
AM-201-D18	AbiU	1
AM-201-D18	Cas	1
AM-201-D20	AbiU	1
AM-201-D22	RM	1
AM-201-E02	RM	1
AM-201-E03	AbiU	1
AM-201-E05	RM	1
AM-201-E11	RM	1
AM-201-E15	RM	1
AM-201-E17	RM	1
AM-201-E22	RM	2
AM-201-F03	RM	1
AM-201-F11	Cas	2
AM-201-F13	RM	1
AM-201-F14	RM	1
AM-201-F15	AbiU	1
AM-201-F15	RM	1
AM-201-F18	BREX	1
AM-201-F20	AbiU	1
AM-201-F22	RM	1
AM-201-G05	RM	1
AM-201-G09	RM	1
AM-201-G11	RM	3
AM-201-G13	RM	1
AM-201-G18	AbiU	1
AM-201-G18	Cas	1
AM-201-I07	RM	1
AM-201-I16	RM	1
AM-201-I20	dXTPase	1
AM-201-I20	RM	1
AM-201-I21	RM	1
AM-201-J02	AbiU	1
AM-201-J03	RM	1
AM-201-J07	dXTPase	1
AM-201-J07	RM	1
AM-201-J08	AbiU	1
AM-201-J08	RM	2
AM-201-J14	AbiU	1
AM-201-J15	SspBCDE	1
AM-201-J16	PsyrTA	1
AM-201-J17	RM	1
AM-201-J22	RM	3
AM-201-K06	ShosTA	1
AM-201-K07	RM	1
AM-201-K10	PsyrTA	1
AM-201-K10	Pycsar	1
AM-201-K10	RM	1
AM-201-K15	RM	3
AM-201-K16	RM	1
AM-201-K17	PD-T4-3	1
AM-201-K17	RM	1
AM-201-L03	PD-T4-3	1
AM-201-L03	Zorya	1
AM-201-L06	RM	1
AM-201-L11	RM	1
AM-201-L13	RM	2
AM-201-L15	RM	2
AM-201-L16	RM	1
AM-201-L19	PsyrTA	1
AM-201-L21	RM	1
AM-201-L23	RM	1
AM-201-M06	RM	1
AM-201-M09	RM	1
AM-201-M16	RM	1
AM-201-N10	RM	1
AM-201-N13	RM	1
AM-201-N18	RM	3
AM-201-N23	RM	2
AM-201-O02	RM	1
AM-201-O15	RM	1
AM-201-P01	AbiU	1
AM-201-P06	RM	1
AM-206-A05	Zorya	1
AM-206-A15	AbiU	1
AM-206-A20	AbiU	1
AM-206-A20	RM	1
AM-206-B19	RM	1
AM-206-C05	RM	2
AM-206-C09	RM	1
AM-206-C23	RM	1
AM-206-D07	RM	1
AM-206-D21	RM	1
AM-206-E02	RM	1
AM-206-E11	RM	1
AM-206-F07	RM	2
AM-206-G13	AbiU	1
AM-206-I16	RM	1
AM-206-I22	RM	2
AM-206-J02	RM	1
AM-206-J20	RM	1
AM-206-M15	RM	1
AM-206-N22	RM	1
AM-206-O10	PsyrTA	1
AM-206-O10	RM	1
AM-206-O17	Cas	1
AM-206-P18	RM	1
AM-208-A03	RM	1
AM-208-A06	AbiU	1
AM-208-A07	RM	1
AM-208-A17	Tiamat	1
AM-208-A17	RM	2
AM-208-A18	PsyrTA	1
AM-208-A18	RM	1
AM-208-A19	RM	1
AM-208-A20	RM	1
AM-208-A23	RM	1
AM-208-B18	Mokosh	1
AM-208-B18	RM	2
AM-208-B19	dXTPase	1
AM-208-C15	RM	1
AM-208-C19	RM	3
AM-284-G21	RM	1
AM-284-I04	Gabija	1
AM-284-I04	AbiE	1
AM-284-I04	PD-Lambda-1	1
AM-284-I11	SspBCDE	1
AM-284-I14	Dnd	1
AM-208-E04	DarTG	1
AM-208-E11	AbiU	1
AM-208-E13	RM	1
AM-208-E16	RM	1
AM-208-E22	RM	1
AM-208-F02	Lamassu	1
AM-208-F05	RM	1
AM-208-F09	AbiU	1
AM-208-G09	RM	1
AM-208-G11	RM	1
AM-208-G14	RM	2
AM-208-G18	RM	2
AM-208-G19	Azaca	1
AM-208-I14	AbiU	1
AM-208-I19	dXTPase	1
AM-208-I19	RM	2
AM-208-I20	RM	1
AM-208-J07	PD-T4-3	1
AM-208-K03	RM	2
AM-208-K10	AbiU	1
AM-208-K10	RM	1
AM-208-L02	RM	1
AM-208-L11	RM	2
AM-208-L16	RM	1
AM-208-L20	RM	3
AM-208-M06	AbiU	1
AM-208-M10	dXTPase	1
AM-208-M13	dXTPase	1
AM-208-M13	RM	1
AM-208-M17	RM	1
AM-208-N04	pAgo	1
AM-208-N04	RM	1
AM-208-N15	AbiU	2
AM-208-O04	Uzume	1
AM-208-O04	RM	1
AM-208-P02	RM	2
AM-208-P06	Eleos	1
AM-208-P09	AbiU	1
AM-208-P11	RM	1
AM-208-P14	RM	1
AM-210-A15	RM	1
AM-210-A21	BREX	1
AM-210-B10	BREX	1
AM-210-B11	RM	1
AM-210-B15	AbiU	1
AM-210-C08	RM	1
AM-210-C15	PsyrTA	1
AM-210-C15	RM	2
AM-210-C19	RM	2
AM-210-D03	RM	1
AM-210-D21	DISARM	1
AM-210-D21	RM	1
AM-210-E02	PD-T4-3	1
AM-210-E04	RM	1
AM-210-E16	AbiU	1
AM-210-F14	RM	1
AM-210-F16	RM	1
AM-210-G11	dXTPase	1
AM-210-G11	RM	1
AM-210-G11	Cas	1
AM-210-G14	RM	1
AM-210-G17	AbiU	1
AM-210-G17	RM	1
AM-210-I20	RM	1
AM-210-J05	AbiU	1
AM-210-K11	RM	2
AM-210-K14	PsyrTA	1
AM-210-K14	RM	2
AM-210-K19	PD-T7-1	1
AM-210-K19	RM	1
AM-210-K19	Cas	1
AM-210-L03	RM	1
AM-210-L08	RM	1
AM-210-L13	dXTPase	1
AM-210-M13	DISARM	1
AM-210-M13	RM	1
AM-210-M14	dXTPase	1
AM-210-M14	ShosTA	1
AM-210-M14	PfiAT	1
AM-210-M14	RM	1
AM-210-M14	Cas	1
AM-210-M15	RloC	1
AM-210-M15	Wadjet	1
AM-210-M15	RM	1
AM-210-N11	RM	1
AM-210-N13	RM	2
AM-210-N17	RM	1
AM-210-N18	PD-T4-3	1
AM-210-O04	ShosTA	1
AM-210-O06	AbiU	1
AM-210-O08	RM	2
AM-210-O08	PD-Lambda-5	1
AM-210-O17	RM	1
AM-210-O20	RM	1
AM-210-P01	RM	1
AM-210-P09	Mokosh	1
AM-210-P09	Dpd	2
AM-210-P09	RM	1
AM-210-P11	RM	1
AM-210-P15	AbiU	1
AM-216-A04	RM	2
AM-216-A07	RM	1
AM-216-A18	RM	2
AM-216-A19	AbiU	1
AM-216-A19	RM	1
AM-216-B02	AbiU	1
AM-216-B06	RM	1
AM-216-B15	RM	1
AM-216-B21	AbiU	1
AM-216-C06	RM	3
AM-216-C13	PsyrTA	1
AM-216-C20	AbiU	1
AM-216-C22	AbiU	1
AM-216-C22	RM	1
AM-216-D03	RM	1
AM-216-D04	RM	1
AM-216-D17	AbiU	1
AM-216-D17	RM	1
AM-216-E02	RM	1
AM-216-E03	RM	1
AM-216-E06	RM	1
AM-216-E08	RM	1
AM-216-E21	RM	2
AM-216-E23	ShosTA	1
AM-216-F04	AbiU	1
AM-216-F10	AbiU	1
AM-216-F18	AbiU	1
AM-216-F23	RM	1
AM-216-G07	AbiU	1
AM-216-G16	AbiU	1
AM-216-G16	ShosTA	1
AM-216-G16	RM	1
AM-216-G17	DISARM	1
AM-216-G17	dXTPase	1
AM-216-I06	RM	2
AM-216-I11	dXTPase	1
AM-216-I18	AbiU	1
AM-216-I22	PsyrTA	1
AM-216-I22	ShosTA	1
AM-216-I22	RM	1
AM-216-J23	AbiU	1
AM-216-K02	Mokosh	1
AM-216-K02	Retron	1
AM-216-K10	AbiU	1
AM-216-K13	AbiU	1
AM-216-K14	AbiU	1
AM-216-L11	RM	1
AM-216-M04	AbiU	1
AM-216-M07	AbiU	1
AM-216-M07	RM	2
AM-216-M17	Viperin	1
AM-216-M19	Retron	1
AM-216-N07	AbiU	1
AM-216-N07	RM	1
AM-216-O03	Hhe	1
AM-216-O03	RM	3
AM-216-O03	Cas	1
AM-216-O04	AbiU	1
AM-216-O09	AbiU	1
AM-216-O09	RM	1
AM-216-O13	PsyrTA	1
AM-216-O22	RM	2
AM-216-P14	RM	1
AM-216-P17	RM	1
AM-225-A03	dXTPase	1
AM-225-A03	SoFic	1
AM-225-A03	RM	2
AM-225-A08	RM	2
AM-225-A23	RM	1
AM-225-B02	AbiU	1
AM-225-B03	RM	1
AM-225-B08	RM	3
AM-225-B15	Dpd	1
AM-225-B16	RM	1
AM-225-B19	RM	1
AM-225-B20	ShosTA	1
AM-225-B23	AbiU	1
AM-225-B23	RM	1
AM-225-C02	AbiU	1
AM-225-C04	DISARM	1
AM-225-C05	PsyrTA	1
AM-225-C07	AbiU	1
AM-225-C11	ShosTA	1
AM-225-C11	RM	3
AM-225-C13	AbiU	1
AM-225-C17	Tiamat	1
AM-225-C17	SanaTA	1
AM-225-C17	RM	2
AM-225-C19	AbiE	1
AM-225-C19	PsyrTA	1
AM-225-C19	RM	4
AM-225-C20	RM	1
AM-225-C21	RM	2
AM-225-D02	RM	1
AM-225-D07	RM	1
AM-225-D13	RM	2
AM-225-D15	AbiU	1
AM-225-D16	PD-T4-3	1
AM-225-E03	AbiU	1
AM-225-E17	PsyrTA	1
AM-225-F03	AbiU	1
AM-225-F07	RM	1
AM-225-F11	RM	2
AM-225-F14	RM	2
AM-225-F22	AbiU	1
AM-225-F23	AbiU	1
AM-225-G06	RM	1
AM-225-G07	RM	1
AM-225-G08	AbiU	1
AM-225-G08	RM	1
AM-225-G21	AbiU	1
AM-225-I05	AbiU	1
AM-225-I05	ShosTA	1
AM-225-I05	RM	1
AM-225-I07	RM	1
AM-225-I08	AbiU	1
AM-225-I18	AbiE	1
AM-225-I18	PsyrTA	1
AM-225-I18	RM	1
AM-225-I20	RM	1
AM-225-J02	RM	1
AM-225-J03	AbiU	1
AM-225-J07	RM	1
AM-225-J15	AbiU	1
AM-225-J15	RM	1
AM-225-J17	AbiU	1
AM-225-J17	RM	1
AM-225-J19	AbiU	1
AM-225-J19	RM	1
AM-225-J20	RM	1
AM-225-J22	Cas	1
AM-225-K13	Dnd	1
AM-225-K14	PD-T4-3	1
AM-225-K16	AbiU	1
AM-225-K18	RM	1
AM-225-L02	Qat	1
AM-225-L03	RM	2
AM-225-L09	RM	2
AM-225-L14	Zorya	1
AM-225-L19	DISARM	1
AM-225-L19	RM	1
AM-225-M03	PsyrTA	1
AM-225-M06	AbiU	1
AM-225-M09	AbiD	1
AM-225-M09	PsyrTA	1
AM-225-M09	RM	2
AM-225-M11	AbiJ	1
AM-225-M11	Qat	1
AM-225-M17	RM	1
AM-225-M22	AbiU	1
AM-225-M22	RM	1
AM-225-N13	RM	1
AM-225-N20	AbiU	1
AM-225-N20	RM	2
AM-225-N21	AbiU	1
AM-225-O06	RM	1
AM-225-O13	AbiU	1
AM-225-O21	RM	2
AM-225-P05	RM	1
AM-225-P19	RM	1
AM-229-A04	AbiU	1
AM-229-A05	RM	1
AM-229-A06	RM	2
AM-229-A10	AbiU	1
AM-229-A10	RM	2
AM-229-A16	dXTPase	1
AM-229-A18	RM	2
AM-229-B04	SoFic	1
AM-229-B05	RM	1
AM-229-B10	RM	1
AM-229-B11	RM	2
AM-229-B14	RM	1
AM-229-B16	AbiU	1
AM-229-C03	AbiU	1
AM-229-C05	Cas	1
AM-229-C07	AbiU	1
AM-229-C09	AbiU	1
AM-229-C15	AbiU	1
AM-229-D05	RM	1
AM-229-D09	RM	1
AM-229-D19	AbiU	1
AM-229-D19	RM	2
AM-229-E05	DISARM	1
AM-229-E06	AbiU	1
AM-229-E07	DISARM	1
AM-229-E19	PD-T4-3	1
AM-229-E19	RM	1
AM-229-F02	dXTPase	1
AM-229-F05	RM	2
AM-229-F08	Zorya	1
AM-229-F08	RM	3
AM-229-F13	AbiU	1
AM-229-F13	BREX	1
AM-229-F16	AbiU	1
AM-229-G07	AbiU	1
AM-229-G07	DarTG	1
AM-229-G07	RM	1
AM-229-G08	RM	1
AM-229-G10	PsyrTA	1
AM-229-G11	RM	1
AM-229-G17	AbiU	1
AM-229-G18	BREX	1
AM-229-G18	RM	1
AM-229-I17	PARIS	1
AM-229-I17	PfiAT	1
AM-229-I17	RM	1
AM-229-I18	dXTPase	1
AM-229-J07	AbiU	1
AM-229-J10	RM	1
AM-229-J17	AbiU	1
AM-229-K02	AbiU	1
AM-229-K07	AbiU	1
AM-229-K07	RM	1
AM-229-K09	AbiU	1
AM-229-K09	BREX	1
AM-229-K09	RM	1
AM-229-L07	DarTG	1
AM-229-L07	RM	1
AM-229-L14	RM	2
AM-229-L22	AbiU	1
AM-229-M08	AbiU	1
AM-229-M08	RM	1
AM-229-M09	RM	2
AM-229-M09	Cas	1
AM-229-M14	AbiU	1
AM-229-M14	RM	1
AM-229-M17	AbiU	1
AM-229-M17	RM	2
AM-229-M17	Cas	1
AM-229-N09	AbiU	1
AM-229-N09	RM	1
AM-229-N10	AbiU	1
AM-229-N10	RM	1
AM-229-N13	RM	1
AM-229-O02	RM	1
AM-229-O06	RM	1
AM-229-O07	PsyrTA	1
AM-229-O07	Dpd	2
AM-229-O07	PfiAT	1
AM-229-O07	BREX	1
AM-229-O07	Cas	1
AM-229-O09	RM	1
AM-229-O13	PsyrTA	1
AM-229-O14	RM	1
AM-229-P06	RM	3
AM-229-P19	AbiU	1
AM-229-P19	RM	2
AM-229-P20	RM	1
AM-229-P21	PsyrTA	1
AM-235-A11	Dnd	1
AM-235-A14	PD-T4-3	1
AM-235-A17	AbiU	1
AM-235-A23	AbiU	1
AM-235-B02	dXTPase	1
AM-235-B23	AbiU	1
AM-235-C04	RM	1
AM-235-C06	RM	1
AM-235-C07	RM	1
AM-235-C15	RM	2
AM-235-C20	RM	1
AM-235-D05	Zorya	1
AM-235-D07	Zorya	1
AM-235-D07	RM	1
AM-235-D17	RM	1
AM-235-E02	RM	1
AM-235-E04	RosmerTA	1
AM-235-E05	PD-T4-3	1
AM-235-E07	RM	1
AM-235-E16	AbiU	1
AM-235-E16	RM	1
AM-235-E20	AbiU	1
AM-235-E21	Cas	1
AM-235-F03	AbiU	1
AM-235-F14	Eleos	1
AM-235-F15	Retron	1
AM-235-F15	RM	2
AM-235-F19	RM	1
AM-235-F20	RM	1
AM-235-F23	PD-T4-3	1
AM-235-G03	RM	3
AM-235-G09	AbiU	1
AM-235-G09	RM	2
AM-235-G11	RM	1
AM-235-G16	DarTG	1
AM-235-G20	AbiU	1
AM-235-G20	RM	1
AM-235-I04	AbiU	1
AM-235-I17	BREX	1
AM-235-I20	RM	2
AM-235-J05	Retron	1
AM-235-J05	RM	1
AM-235-J08	RM	2
AM-235-J14	Dnd	1
AM-235-J15	RM	2
AM-235-J17	RM	2
AM-235-K09	Retron	1
AM-235-K10	PD-Lambda-1	1
AM-235-K14	AbiU	1
AM-235-K17	RM	2
AM-235-K20	RM	2
AM-235-L04	RM	1
AM-235-L16	AbiU	1
AM-235-L20	RM	1
AM-235-L22	Azaca	1
AM-235-M02	RM	1
AM-235-M07	AbiU	1
AM-235-M07	RM	1
AM-235-M08	dXTPase	1
AM-235-M14	Zorya	1
AM-235-M16	RM	1
AM-235-N10	AbiU	1
AM-235-N10	RM	1
AM-235-N21	RM	1
AM-235-O05	AbiU	1
AM-235-O07	RM	1
AM-235-O21	dXTPase	1
AM-235-O21	RM	1
AM-235-O23	Dnd	1
AM-235-P04	RM	1
AM-235-P07	PsyrTA	1
AM-235-P07	RM	1
AM-235-P13	AbiU	1
AM-235-P13	RM	2
AM-243-A02	RM	1
AM-243-A05	AbiE	1
AM-243-A08	RM	1
AM-243-A11	AbiU	1
AM-243-A11	RM	1
AM-243-A13	AbiU	1
AM-243-A17	RM	2
AM-243-A21	Retron	1
AM-243-A22	RM	1
AM-243-B09	RM	1
AM-243-B14	AbiU	1
AM-243-B16	RM	1
AM-243-B16	Cas	2
AM-243-C06	RM	1
AM-243-C07	RM	1
AM-243-C09	Dnd	1
AM-243-C15	dXTPase	1
AM-243-C18	AbiU	1
AM-243-C23	RM	1
AM-243-D05	RM	1
AM-243-D06	RM	1
AM-243-E04	AbiU	1
AM-243-E04	RM	1
AM-243-E08	AbiE	1
AM-243-E08	RM	2
AM-243-E11	BREX	1
AM-243-E15	SoFic	1
AM-243-E15	RM	2
AM-243-E17	Zorya	1
AM-243-E17	RM	1
AM-243-E17	Cas	1
AM-243-E21	AbiU	1
AM-243-E21	RM	1
AM-243-F02	SoFic	1
AM-243-F09	Retron	1
AM-243-F13	DISARM	1
AM-243-F14	AbiU	1
AM-243-F17	dXTPase	1
AM-243-F17	RM	1
AM-243-F18	BREX	1
AM-243-F18	Cas	1
AM-243-F22	Eleos	1
AM-243-G03	AbiU	1
AM-243-G08	PsyrTA	1
AM-243-G17	Viperin	1
AM-243-G17	RM	1
AM-243-G20	PD-T4-3	1
AM-243-I02	RloC	1
AM-243-I03	AbiU	1
AM-243-I03	RM	1
AM-243-I03	Cas	1
AM-243-I06	RM	1
AM-243-I07	RM	1
AM-243-I09	RM	1
AM-243-I11	RM	1
AM-243-I18	RM	1
AM-243-J07	BREX	1
AM-243-J11	RM	2
AM-243-J14	RM	2
AM-243-J15	RM	2
AM-243-J17	dXTPase	1
AM-243-K06	DarTG	1
AM-243-K17	RM	2
AM-243-K20	RM	3
AM-243-L06	Druantia	1
AM-243-L06	SoFic	1
AM-243-L06	RM	3
AM-243-L17	RM	1
AM-243-L18	RM	1
AM-243-L20	RM	1
AM-243-M06	dXTPase	1
AM-243-M06	RM	1
AM-243-M11	AbiU	1
AM-243-M14	AbiU	1
AM-243-M15	AbiU	1
AM-243-M15	DarTG	1
AM-243-M18	Uzume	1
AM-243-M18	RM	1
AM-243-M19	DUF4238	1
AM-243-M19	RM	1
AM-243-M23	RM	1
AM-243-N02	DISARM	1
AM-243-N09	RL	1
AM-243-N09	RM	2
AM-243-N17	RM	3
AM-243-N18	RM	1
AM-243-O02	RM	1
AM-243-O03	dXTPase	1
AM-243-O10	AbiU	1
AM-243-O10	ShosTA	1
AM-243-O10	RM	1
AM-243-O11	AbiU	1
AM-243-P04	AbiU	1
AM-243-P04	Druantia	1
AM-243-P04	RM	4
AM-243-P05	RM	1
AM-243-P06	RM	1
AM-243-P09	AbiU	1
AM-243-P11	AbiU	1
AM-243-P16	Retron	1
AM-247-A02	RM	1
AM-247-A05	AbiU	1
AM-247-A07	RM	1
AM-247-A20	Cas	2
AM-247-B06	AbiU	1
AM-247-B23	PD-T4-3	1
AM-247-B23	RM	1
AM-247-C04	pAgo	1
AM-247-C11	PD-T4-3	1
AM-247-C17	AbiU	1
AM-247-C19	PsyrTA	1
AM-247-D07	PsyrTA	1
AM-247-D15	RM	1
AM-247-D20	RM	1
AM-247-D23	AbiU	1
AM-247-E05	AbiU	1
AM-247-E11	RM	1
AM-247-E18	PsyrTA	1
AM-247-E19	RM	3
AM-247-F07	Shango	1
AM-247-F07	SoFic	1
AM-247-F07	RM	2
AM-247-F10	RM	1
AM-247-F17	dXTPase	1
AM-247-F17	RM	1
AM-247-F18	RM	1
AM-247-F19	RM	2
AM-247-F22	AbiU	1
AM-247-F22	RM	1
AM-247-G15	RM	1
AM-247-G17	AbiE	1
AM-247-G17	DRT	3
AM-247-G17	Shango	1
AM-247-G17	SoFic	1
AM-247-G17	RM	3
AM-247-G19	RM	1
AM-247-I02	RM	1
AM-247-I13	RM	1
AM-247-I15	RM	1
AM-247-I18	ShosTA	1
AM-247-I18	RM	2
AM-247-I19	AbiU	1
AM-247-I19	RM	1
AM-247-I23	RM	1
AM-247-J13	RM	3
AM-247-J18	pAgo	1
AM-247-J18	RM	1
AM-247-J20	AbiU	1
AM-247-J20	RM	1
AM-247-J23	RM	1
AM-247-K07	RM	1
AM-247-K16	RM	1
AM-247-K17	RM	1
AM-247-K18	RM	1
AM-247-K21	RM	1
AM-247-K22	RM	1
AM-247-K23	dXTPase	1
AM-247-L07	PD-T4-3	1
AM-247-L08	AbiU	1
AM-247-L19	RM	1
AM-247-L23	RM	1
AM-247-M17	DRT	1
AM-247-M17	RM	2
AM-247-M20	RM	1
AM-247-M21	AbiU	1
AM-247-M21	RM	1
AM-247-M22	DISARM	1
AM-247-M22	AbiU	1
AM-247-M22	RM	1
AM-247-N08	AbiE	1
AM-247-N08	Septu	1
AM-247-N08	PsyrTA	1
AM-247-N08	Druantia	1
AM-247-N08	SoFic	1
AM-247-N08	BREX	1
AM-247-N08	RM	4
AM-247-N14	RM	1
AM-247-O03	Eleos	1
AM-247-O08	RM	1
AM-247-O09	AbiU	1
AM-247-O09	RM	1
AM-247-O13	dXTPase	1
AM-247-O20	DISARM	1
AM-247-O20	AbiU	1
AM-247-P04	RM	2
AM-247-P06	DarTG	1
AM-247-P09	Dpd	2
AM-249-A01	RM	1
AM-249-A02	AbiU	1
AM-249-A02	RM	1
AM-249-A05	RM	1
AM-249-A08	AbiU	1
AM-249-A08	RM	1
AM-249-A09	AbiL	1
AM-249-A09	Gabija	1
AM-249-A09	CBASS	1
AM-249-A09	BREX	1
AM-249-A09	RM	1
AM-249-A14	RM	1
AM-249-A15	AbiU	1
AM-249-A17	PsyrTA	1
AM-249-A20	RM	1
AM-249-B06	RM	2
AM-249-B08	Wadjet	1
AM-249-B08	Dnd	1
AM-249-B11	DISARM	1
AM-249-B11	RM	1
AM-249-B15	AbiU	1
AM-249-B15	RM	1
AM-249-B16	RM	1
AM-249-B18	RM	1
AM-249-C05	RM	1
AM-249-C07	RM	1
AM-249-C17	AbiU	1
AM-249-C18	RM	2
AM-249-C23	RM	1
AM-249-D02	RM	2
AM-249-D03	PsyrTA	1
AM-249-D03	RM	2
AM-249-D04	Mokosh	1
AM-249-D21	AbiU	1
AM-249-E06	Lamassu	1
AM-249-E06	RM	1
AM-249-E07	AbiU	1
AM-249-E09	Cas	1
AM-249-E20	AbiL	1
AM-249-E20	CBASS	1
AM-249-E20	RM	2
AM-249-E20	Cas	1
AM-249-F08	CBASS	1
AM-249-F14	RM	1
AM-249-F16	RM	2
AM-249-F20	AbiU	1
AM-249-F22	AbiU	1
AM-249-F23	RM	1
AM-249-G06	AbiU	1
AM-249-G07	AbiL	1
AM-249-G07	CBASS	1
AM-249-G07	RM	1
AM-249-G13	RM	1
AM-249-G14	RM	1
AM-249-G18	RM	1
AM-249-G20	RM	2
AM-249-G21	AbiU	1
AM-249-G21	RM	1
AM-249-G23	AbiU	1
AM-249-I07	AbiU	1
AM-249-I07	RM	3
AM-249-I08	Cas	1
AM-249-I09	AbiU	1
AM-249-I19	RM	2
AM-249-J02	AbiU	1
AM-249-J03	Cas	1
AM-249-J13	RM	1
AM-249-J14	AbiU	1
AM-249-J14	RM	1
AM-249-K04	AbiL	1
AM-249-K04	Wadjet	1
AM-249-K04	RM	1
AM-249-K05	RM	3
AM-249-K06	AbiU	1
AM-249-K06	RM	1
AM-249-K07	AbiL	1
AM-249-K07	Wadjet	1
AM-249-K07	RM	1
AM-249-K07	Cas	1
AM-249-K17	Retron	1
AM-249-L02	AbiD	1
AM-249-L02	Gabija	1
AM-249-L02	RloC	1
AM-249-L02	CBASS	1
AM-249-L02	RM	2
AM-249-L04	Mokosh	1
AM-249-L04	RM	2
AM-249-L07	Dpd	1
AM-249-L07	RM	1
AM-249-L15	AbiU	1
AM-249-L20	RM	1
AM-249-M07	RM	1
AM-249-M09	RM	1
AM-249-M16	AbiU	1
AM-249-M16	RM	1
AM-249-M18	RM	2
AM-249-N03	RM	1
AM-249-N05	RM	1
AM-249-N07	RM	4
AM-249-N11	SspBCDE	1
AM-249-N11	Zorya	1
AM-249-N11	pAgo	1
AM-249-N14	RM	1
AM-249-N15	RM	1
AM-249-N21	Retron	1
AM-249-O05	AbiL	1
AM-249-O05	AbiE	1
AM-249-O05	Wadjet	2
AM-249-O05	CBASS	1
AM-249-O06	RM	1
AM-249-O08	AbiU	1
AM-249-O09	AbiE	1
AM-249-O09	SoFic	1
AM-249-O11	PsyrTA	1
AM-249-O15	AbiU	1
AM-249-O15	RM	1
AM-249-O17	RM	2
AM-249-P01	AbiU	1
AM-249-P01	RM	1
AM-249-P15	RM	1
AM-249-P19	RM	1
AM-255-A06	RM	1
AM-255-A17	RM	1
AM-255-A20	RM	1
AM-255-A23	AbiU	1
AM-255-A23	RM	1
AM-255-B04	RM	2
AM-255-B05	DISARM	1
AM-255-B05	RM	1
AM-255-B08	AbiU	1
AM-255-B09	RM	1
AM-255-B20	AbiU	1
AM-255-B22	AbiU	1
AM-255-C04	RM	1
AM-255-C14	PsyrTA	1
AM-255-C19	AbiU	1
AM-255-C21	dXTPase	1
AM-255-D04	AbiU	1
AM-255-D07	RM	1
AM-255-D11	RM	1
AM-255-D21	ShosTA	1
AM-255-D21	RM	1
AM-255-E06	RM	1
AM-255-E10	RM	1
AM-255-E16	RM	1
AM-255-E18	RM	1
AM-255-F22	RM	1
AM-255-G02	AbiU	1
AM-255-G03	RM	2
AM-255-G20	AbiU	1
AM-255-G20	RM	1
AM-255-I06	PsyrTA	1
AM-255-I09	AbiU	1
AM-255-I09	RM	1
AM-255-I14	dXTPase	1
AM-255-I22	PD-Lambda-1	1
AM-255-J02	RM	1
AM-255-J04	RM	1
AM-255-J05	AbiU	1
AM-255-J05	RM	1
AM-255-J06	AbiU	1
AM-255-J10	AbiU	1
AM-255-J13	AbiU	1
AM-255-J13	PsyrTA	1
AM-255-J19	RM	2
AM-255-K08	RM	1
AM-255-K17	ShosTA	1
AM-255-K17	RM	1
AM-255-K20	RM	4
AM-255-K23	AbiU	1
AM-255-L02	PD-T4-3	1
AM-255-L04	RM	1
AM-255-L05	RM	1
AM-255-L08	RM	2
AM-255-L22	RM	2
AM-255-M04	RM	1
AM-255-M18	RM	2
AM-255-M19	RM	2
AM-255-M23	Viperin	1
AM-255-M23	Mokosh	1
AM-255-M23	RM	1
AM-255-N03	RM	3
AM-255-N04	Retron	1
AM-255-N04	RM	1
AM-255-N15	AbiU	1
AM-255-N15	RM	1
AM-255-N22	RM	1
AM-255-O03	dXTPase	1
AM-255-O04	Tiamat	1
AM-255-O04	Cas	1
AM-255-O07	dXTPase	1
AM-255-O07	BREX	1
AM-255-O15	RM	1
AM-255-O16	Azaca	1
AM-255-O18	RM	2
AM-255-P08	AbiU	1
AM-255-P16	AVAST	1
AM-255-P16	RM	3
AM-257-A06	RM	2
AM-257-A11	RM	1
AM-257-A16	AbiU	1
AM-257-A20	AbiU	1
AM-257-A20	RM	3
AM-257-B03	RM	2
AM-257-B05	RM	2
AM-257-B06	AbiU	1
AM-257-B15	AbiU	1
AM-257-B20	RM	1
AM-257-B22	Cas	1
AM-257-C06	Eleos	1
AM-257-C07	AbiU	1
AM-257-C07	ShosTA	1
AM-257-C07	BREX	1
AM-257-C18	RM	2
AM-257-C19	AbiU	1
AM-257-C21	AbiU	1
AM-257-C23	ShosTA	1
AM-257-D03	AbiU	1
AM-257-D03	RM	1
AM-257-D06	AbiU	1
AM-257-D06	RM	1
AM-257-D16	AbiU	1
AM-257-D16	RM	2
AM-257-D23	AbiU	1
AM-257-D23	RM	1
AM-257-E09	RM	1
AM-257-E10	AbiU	1
AM-257-E10	RM	1
AM-257-E15	RM	3
AM-257-E16	RM	2
AM-257-E20	AbiU	1
AM-257-E21	AbiU	1
AM-257-E23	PD-T4-3	1
AM-257-F06	AbiU	1
AM-257-F06	Dnd	1
AM-257-F11	AbiU	1
AM-257-F11	RM	3
AM-257-F18	RM	1
AM-257-F23	AbiU	1
AM-257-G02	RM	2
AM-257-G03	RM	1
AM-257-G04	AbiU	1
AM-257-G08	RM	1
AM-257-G13	RM	2
AM-257-G16	Lamassu	1
AM-257-G16	RM	2
AM-257-I06	AbiU	1
AM-257-I11	PsyrTA	1
AM-257-I19	RM	1
AM-257-I21	PsyrTA	1
AM-257-J03	AbiU	1
AM-257-J04	RM	1
AM-257-J05	RM	1
AM-257-J06	RM	1
AM-257-J08	AbiU	1
AM-257-J08	RM	2
AM-257-J09	RM	3
AM-257-J11	RM	1
AM-257-J16	RM	1
AM-257-J18	RM	1
AM-257-J19	RM	4
AM-257-K03	AbiU	1
AM-257-K03	RM	2
AM-257-K08	AbiU	1
AM-257-K08	RM	1
AM-257-K10	RM	2
AM-257-K11	PsyrTA	1
AM-257-K17	Dnd	1
AM-257-K19	RM	2
AM-257-L08	AbiU	1
AM-257-L16	PD-T4-3	2
AM-257-M02	AbiU	1
AM-257-M18	AbiU	1
AM-257-M21	RM	2
AM-257-M23	ShosTA	1
AM-257-N02	dXTPase	1
AM-257-N03	Eleos	1
AM-257-N03	RM	1
AM-257-N10	AbiU	1
AM-257-N10	RM	1
AM-257-N11	AbiU	1
AM-257-N11	ShosTA	1
AM-257-N11	RM	1
AM-257-N19	RM	3
AM-257-O04	AbiU	1
AM-257-O08	ShosTA	1
AM-257-O08	RM	2
AM-257-O09	RM	1
AM-257-O11	RM	3
AM-257-O13	Viperin	1
AM-257-O13	pAgo	1
AM-257-O15	RM	2
AM-257-P04	RM	1
AM-259-A02	RM	1
AM-259-A03	SoFic	1
AM-259-A03	RM	2
AM-259-A09	RM	1
AM-259-A10	AbiU	1
AM-259-A10	RM	1
AM-259-A15	BREX	1
AM-259-A17	RM	3
AM-259-A20	AbiU	1
AM-259-A20	RM	1
AM-259-A23	RM	1
AM-259-B04	RM	2
AM-259-B08	RM	1
AM-259-B10	ShosTA	1
AM-259-B10	RM	1
AM-259-B20	AbiU	1
AM-259-C10	RM	1
AM-259-C14	RM	1
AM-259-C15	RM	2
AG-538-A13	AbiU	1
AG-538-A13	Eleos	1
AG-538-A13	RM	2
AG-538-A07	AbiU	1
AG-538-B03	RM	1
AG-538-A23	dXTPase	1
AG-538-B07	RM	1
AG-538-B10	AbiU	1
AG-538-B10	RM	1
AG-538-B13	RM	1
AG-538-B19	RM	1
AG-538-B23	RM	2
AG-538-C10	RM	1
AG-538-C18	PsyrTA	1
AG-538-D07	RM	2
AG-538-D15	AbiU	1
AG-538-D16	dXTPase	1
AG-538-E07	AbiU	1
AG-538-E07	RM	1
AG-538-E14	Dnd	1
AG-538-E19	AbiU	1
AG-538-E19	RM	1
AG-538-F02	Tiamat	1
AG-538-F07	RM	1
AG-538-F16	AbiU	1
AG-538-F19	AbiU	1
AG-538-F23	RM	1
AG-538-G04	AbiU	1
AG-538-G07	AbiU	1
AG-538-G19	AbiU	1
AG-538-I03	dXTPase	1
AG-538-I04	RM	1
AG-538-I06	RM	1
AG-538-I10	RM	1
AG-538-I14	SoFic	1
AG-538-I17	RM	2
AG-538-J09	Dnd	1
AG-538-J15	RM	2
AG-538-J17	RM	1
AG-538-K03	Druantia	1
AG-538-K11	AbiU	1
AG-538-K13	Lamassu	1
AG-538-K13	PsyrTA	1
AG-538-K13	RM	1
AG-538-K20	RM	3
AG-538-K21	RM	2
AG-538-K22	AbiU	1
AG-538-K22	RM	1
AG-538-L05	AbiU	1
AG-538-L08	Viperin	1
AG-538-L18	RM	1
AG-538-M06	dXTPase	1
AG-538-M13	RM	1
AG-538-M16	RM	1
AG-538-N03	PsyrTA	1
AG-538-N05	AbiU	1
AG-538-N05	RM	2
AG-538-N20	RM	1
AG-538-N21	AbiU	1
AG-538-O11	AbiU	1
AG-538-O11	RM	2
AG-538-P02	RM	2
AG-538-P07	AbiU	1
AG-538-P10	AbiU	1
AG-538-P13	RM	1
AG-538-P18	AbiU	1
AG-538-P18	DISARM	1
AG-538-P18	RM	1
AG-538-P19	AbiU	1
AH-302-A02	SoFic	1
AH-302-A23	dXTPase	1
AH-302-A23	Zorya	1
AH-302-B16	RM	3
AH-302-B21	RM	2
AH-302-B22	RM	2
AH-302-C03	RM	1
AH-302-C06	RM	2
AH-302-C11	RM	1
AH-302-C15	AbiE	2
AH-302-C17	Septu	1
AH-302-C17	RM	1
AH-302-C17	Cas	1
AH-302-D02	RM	1
AH-302-D19	RM	1
AH-302-D23	RM	1
AH-302-D23	Cas	1
AH-302-E18	RM	1
AH-302-E19	PsyrTA	1
AH-302-F16	dXTPase	1
AH-302-G07	RM	1
AH-302-G16	RM	1
AH-302-G18	RM	1
AH-302-I02	RM	1
AH-302-I10	AbiE	1
AH-302-I10	PD-T7-2	1
AH-302-I10	Azaca	1
AH-302-I10	Shango	1
AH-302-I10	Hachiman	1
AH-302-I10	SanaTA	1
AH-302-I10	pAgo	2
AH-302-I10	RM	2
AH-302-I13	RM	1
AH-302-I15	RM	2
AH-302-I20	dXTPase	1
AH-302-I23	DISARM	1
AH-302-I23	AbiU	1
AH-302-J11	Retron	1
AH-302-J15	RM	2
AH-302-J22	AbiU	1
AH-302-J23	Wadjet	1
AH-302-J23	Borvo	1
AH-302-J23	RM	2
AH-302-K17	ShosTA	1
AH-302-L05	RM	4
AH-302-L21	RM	3
AH-302-L22	dXTPase	1
AH-302-L22	RM	1
AH-302-M21	RM	1
AH-302-N08	dXTPase	1
AH-302-N13	PD-T4-3	1
AH-302-N19	Cas	1
AH-302-N20	RM	1
AH-302-N20	Cas	2
AH-302-N22	ShosTA	1
AH-302-O03	PsyrTA	1
AH-302-O11	Menshen	1
AH-305-A02	RM	1
AH-305-A07	RM	1
AH-305-A08	RM	2
AH-305-A13	RM	2
AH-305-A18	RM	1
AH-305-A22	RM	3
AH-305-B09	RM	1
AH-305-B18	AbiU	1
AH-305-B19	Uzume	1
AH-305-B22	RM	1
AH-305-C03	AbiU	1
AH-305-C04	dXTPase	1
AH-305-C19	Borvo	1
AH-305-D04	RM	1
AH-305-D06	AbiU	1
AH-305-D09	AbiU	1
AH-305-D09	RM	1
AH-305-D22	dXTPase	1
AH-305-E06	RM	1
AH-305-E07	RM	1
AH-305-E17	AbiE	1
AH-305-F18	RM	1
AH-305-F21	RM	2
AH-305-G18	Lamassu	1
AH-305-G19	BREX	1
AH-305-G19	RM	1
AH-305-I02	Septu	1
AH-305-I02	Eleos	1
AH-305-I02	RM	1
AH-305-I02	Cas	1
AH-305-I09	RM	1
AH-305-I13	RM	2
AH-305-I18	RM	2
AH-305-J04	Dpd	1
AH-305-J04	RM	1
AH-305-J05	RM	1
AH-305-J18	Cas	1
AH-305-J20	RM	1
AH-305-K21	RM	1
AH-305-L04	ShosTA	1
AH-305-L10	AbiU	1
AH-305-L10	RM	2
AH-305-L22	RM	1
AH-305-M03	AbiU	1
AH-305-M03	RM	1
AH-305-M04	RM	1
AH-305-N08	RM	1
AH-305-N09	RM	1
AH-305-O06	RM	1
AH-305-O18	AbiU	1
AH-305-P01	AbiU	1
AH-305-P04	RM	1
AH-305-P07	Zorya	1
AH-305-P07	RM	2
AH-305-P23	PsyrTA	1
AH-305-P23	RM	1
AH-307-A05	RM	1
AH-307-A18	dXTPase	1
AH-307-A18	RM	1
AH-307-B09	RloC	1
AH-307-B09	RM	2
AH-307-B21	Cas	2
AH-307-D19	PsyrTA	1
AH-307-D19	RM	1
AH-307-E06	AbiD	1
AH-307-E06	dXTPase	2
AH-307-E06	Hachiman	1
AH-307-E06	pAgo	1
AH-307-E06	RM	2
AH-307-E17	PsyrTA	1
AH-307-G07	RM	1
AH-307-G14	ApeA	1
AH-307-G14	RM	4
AH-307-G22	RM	1
AH-307-I07	RM	2
AH-307-I10	AbiU	1
AH-307-I10	RM	1
AH-307-I14	RM	1
AH-307-I16	SoFic	1
AH-307-I17	RM	1
AH-307-I18	DISARM	1
AH-307-I18	RM	2
AH-307-J21	RM	1
AH-307-K20	RM	2
AH-307-K21	ShosTA	1
AH-307-L06	RM	1
AH-307-L08	RM	1
AH-307-L15	RM	2
AH-307-L16	ShosTA	1
AH-307-L16	RM	1
AH-307-L18	PsyrTA	1
AH-307-L21	AbiU	1
AH-307-L23	AbiU	1
AH-307-L23	RM	1
AH-307-M06	Zorya	1
AH-307-M18	Gabija	1
AH-307-M18	dXTPase	2
AH-307-M18	ShosTA	1
AH-307-M18	Hachiman	1
AH-307-M18	pAgo	1
AH-307-M18	SanaTA	1
AH-307-N02	SoFic	1
AH-307-N02	RM	2
AH-307-N15	RM	2
AH-307-N15	Cas	1
AH-307-N20	BstA	1
AH-307-N20	Gabija	1
AH-307-N20	RM	2
AH-307-N21	AbiU	1
AH-307-O02	pAgo	1
AH-307-O02	RM	1
AH-307-O03	dXTPase	1
AH-307-O03	RM	1
AH-307-O15	RM	1
AH-307-O21	Lamassu	1
AH-307-O21	RM	4
AH-307-P07	RM	2
AH-309-A05	RM	2
AH-309-D13	RM	1
AH-309-D23	RM	2
AH-309-E19	ShosTA	1
AH-309-F02	PsyrTA	1
AH-309-F02	RM	1
AH-309-F09	DarTG	1
AH-309-F09	RM	2
AH-309-F21	RM	1
AH-309-G10	Lamassu	1
AH-309-G16	RM	1
AH-309-G18	SoFic	1
AH-309-G18	RM	3
AH-309-G20	Viperin	1
AH-309-G20	RM	2
AH-309-I07	AbiU	1
AH-309-I08	Hhe	1
AH-309-J06	RM	1
AH-309-J08	RM	1
AH-309-J08	Cas	2
AH-309-J10	RM	2
AH-309-J10	Cas	1
AH-309-K22	RM	1
AH-309-L13	Zorya	1
AH-309-M08	Mokosh	1
AH-309-N05	RM	1
AH-309-N09	RM	1
AH-309-O02	AbiU	1
AH-309-O02	RM	2
AH-309-O04	SoFic	1
AH-309-O16	AbiE	1
AH-309-O16	Wadjet	1
AH-309-O16	PD-T7-4	1
AH-309-O16	Cas	1
AH-309-P06	RosmerTA	1
AH-309-P06	RM	2
AH-309-P15	RM	1
AH-309-P16	PsyrTA	1
AH-309-P19	RM	1
AH-309-P23	RM	1
AH-470-A07	RM	1
AH-470-A15	RM	2
AH-470-A16	RM	1
AH-470-A17	RM	1
AH-470-A23	RM	1
AH-470-B03	Zorya	1
AH-470-C08	RM	1
AH-470-C13	AbiU	1
AH-470-C19	DarTG	1
AH-470-D15	RM	1
AH-470-E02	AbiU	1
AH-470-E07	RM	1
AH-470-E11	RM	1
AM-284-I16	AbiU	1
AM-284-I16	ShosTA	1
AM-284-I18	ShosTA	1
AM-284-I20	DISARM	1
AM-284-I20	RM	2
AM-284-I21	AbiU	1
AM-284-I21	ShosTA	1
AM-284-I21	RM	1
AM-284-I23	AbiU	1
AM-284-I23	Dnd	1
AM-284-J07	Uzume	1
AM-284-J08	PsyrTA	1
AM-284-J08	Mokosh	1
AM-284-J08	RM	1
AM-284-J09	PsyrTA	1
AM-284-J10	AbiU	1
AM-284-J11	AbiU	1
AM-284-J14	AbiU	1
AM-284-J14	ShosTA	1
AM-284-J16	RM	1
AM-284-J17	AbiU	1
AM-284-J17	RM	1
AM-284-J21	AbiU	1
AM-284-K10	AbiU	1
AM-284-K13	DISARM	1
AM-284-K14	AbiU	1
AM-284-K17	ShosTA	1
AM-284-K21	AbiE	1
AM-284-K21	PD-Lambda-1	1
AM-284-K21	DRT	1
AM-284-K21	Shango	1
AM-284-K23	RM	1
AM-284-L03	DISARM	1
AM-284-L03	AbiU	1
AM-284-L03	RM	2
AM-284-L04	RM	1
AM-284-L09	AbiU	1
AM-284-L09	RM	1
AM-284-L10	SspBCDE	1
AM-284-L10	RM	2
AM-284-L11	RloC	1
AM-284-L11	AbiE	1
AM-284-L11	Helicase_DUF2290	1
AM-284-L11	RM	1
AM-284-L16	Mokosh	1
AM-284-L16	RM	1
AM-284-L17	RM	1
AM-284-M03	RM	2
AM-284-M06	RM	1
AM-284-M08	AbiU	1
AM-284-M10	AbiU	1
AM-284-M11	AbiU	1
AM-284-M13	AbiU	1
AM-284-M14	Viperin	1
AM-284-M14	Mokosh	1
AM-284-M14	RM	1
AM-284-M16	RM	2
AM-284-M19	RM	3
AM-284-M20	RM	1
AM-284-N08	AbiU	1
AM-284-N09	pAgo	1
AM-284-N11	AbiU	1
AM-284-N11	RM	2
AM-284-N17	RM	1
AM-284-N19	RM	1
AM-284-O05	SspBCDE	1
AM-284-O08	Cas	1
AM-284-O09	Mokosh	1
AM-284-O09	RM	2
AM-284-O10	dXTPase	1
AM-284-O10	RM	2
AM-284-O14	AbiU	1
AM-284-O20	RM	2
AM-284-P07	RM	1
AM-284-P09	Eleos	1
AM-284-P16	RM	1
AM-284-P18	RM	1
AM-286-A02	RM	1
AM-286-A06	DarTG	1
AM-286-A06	RM	3
AM-286-A07	RM	1
AM-286-A14	AbiU	1
AM-286-A14	RM	1
AM-286-A16	Tiamat	1
AM-286-A16	RM	1
AM-286-A18	RM	2
AM-286-A19	RM	1
AM-286-A21	RM	1
AM-286-A23	Cas	1
AM-286-B11	RM	2
AM-286-B21	ShosTA	1
AM-286-B21	RM	1
AM-286-B23	Druantia	1
AM-286-C04	PD-T4-3	1
AM-286-C04	RM	1
AM-286-C14	RM	1
AM-286-C15	DarTG	1
AM-286-C15	RM	1
AM-286-C20	AbiU	1
AM-286-C20	RM	1
AM-286-D03	AbiU	1
AM-286-D03	RM	1
AM-286-D05	RM	1
AM-286-D08	RM	1
AM-286-D14	AbiU	1
AM-286-D14	DarTG	1
AM-286-D17	AbiU	1
AM-286-D17	RM	1
AM-286-D19	dXTPase	1
AM-286-D20	PsyrTA	1
AM-286-D20	Borvo	1
AM-286-D20	RM	1
AM-286-E02	dXTPase	1
AM-286-E02	Zorya	1
AM-286-E02	pAgo	1
AM-286-E07	RM	1
AM-286-E15	PD-T4-3	1
AM-286-E15	Retron	1
AM-286-E15	RM	1
AM-286-E16	RM	2
AM-286-F02	RM	2
AM-286-F03	dXTPase	1
AM-286-F03	RM	1
AM-286-F09	AbiU	1
AM-286-F14	RM	2
AM-286-F15	RM	1
AM-286-F18	RM	2
AM-286-F19	RM	1
AM-286-F20	dXTPase	1
AM-286-G18	RM	1
AM-286-G19	RM	1
AM-286-G21	AbiU	1
AM-286-I04	PD-Lambda-1	1
AM-286-I09	Dnd	1
AM-286-I09	RM	1
AM-286-I13	AbiU	1
AM-286-I13	DISARM	1
AM-286-I14	RM	1
AM-286-I15	ShosTA	1
AM-286-I18	AbiU	1
AM-286-I18	RM	1
AM-286-I21	RM	1
AM-286-J02	RM	2
AM-286-J05	RM	1
AM-286-J06	RM	1
AM-286-J07	AbiU	1
AM-286-J08	BREX	1
AM-286-J08	RM	2
AM-286-J09	RM	1
AM-286-J10	AbiU	1
AM-286-J15	Dpd	1
AM-286-J17	SspBCDE	1
AM-286-J18	AbiU	1
AM-286-J18	ShosTA	1
AM-286-J21	RM	1
AM-286-K09	Zorya	1
AM-286-K10	Viperin	1
AM-286-K10	BREX	1
AM-286-K10	RM	1
AM-286-K14	RM	1
AM-286-K15	RM	1
AM-286-K16	RM	2
AM-286-K18	RM	1
AM-286-K19	RM	1
AM-286-K21	RM	1
AM-286-L05	AbiU	1
AM-286-L05	RM	1
AM-286-L07	RM	2
AM-286-L11	AbiU	1
AM-286-L15	AbiU	1
AM-286-L15	Dnd	1
AM-286-L15	RM	1
AM-286-M02	RM	2
AM-286-M08	BREX	1
AM-286-M15	AbiU	1
AM-286-M17	dXTPase	1
AM-286-M18	dXTPase	1
AM-286-M18	RM	1
AM-286-M22	AbiU	1
AM-286-N05	Dnd	1
AM-286-N07	RM	2
AM-286-N10	ShosTA	1
AM-286-N11	RM	1
AM-286-N16	RM	1
AM-286-N21	RM	1
AM-286-N22	BREX	1
AM-286-N22	RM	1
AM-286-N23	RM	1
AM-286-O04	AbiU	1
AM-286-O08	dXTPase	1
AM-286-O08	RM	1
AM-286-O14	RM	1
AM-286-O18	RM	2
AM-286-O20	Cas	1
AM-286-P07	AbiU	1
AM-286-P08	RM	1
AM-286-P17	dXTPase	1
AM-286-P17	RM	1
AM-286-P20	PD-Lambda-1	1
AM-288-A06	RM	1
AM-288-A08	RM	1
AM-288-A09	RM	4
AM-288-A11	AbiU	1
AM-288-A11	RM	1
AM-288-A19	BREX	1
AM-288-B07	ShosTA	1
AM-288-B07	RM	4
AM-288-B10	RM	1
AM-288-B16	DarTG	1
AM-288-B16	RM	2
AM-288-B20	RM	1
AM-288-B21	AbiU	1
AM-288-B21	RM	2
AM-288-C03	RM	1
AM-288-C04	AbiU	1
AM-288-C04	RM	1
AM-288-C05	Dnd	1
AM-288-C13	RM	2
AM-288-C15	AbiU	1
AM-288-C15	RM	1
AM-288-C20	PD-T4-3	1
AM-288-C23	AbiU	1
AM-288-C23	RM	1
AM-288-D08	AbiU	1
AM-288-D20	RM	1
AM-288-D21	AbiU	1
AM-288-D21	RM	1
AM-288-E02	dXTPase	1
AM-288-E07	ShosTA	1
AM-288-E07	RM	1
AM-288-E08	RM	1
AM-288-E09	dXTPase	1
AM-288-E11	dXTPase	1
AM-288-E15	RM	1
AM-288-E22	AbiU	1
AM-288-F04	RM	2
AM-288-F05	RM	2
AM-288-F07	AbiU	1
AM-288-F07	ShosTA	1
AM-288-F07	RM	1
AM-288-F08	DarTG	1
AM-288-F08	PD-T4-3	1
AM-288-F10	RM	1
AM-288-F13	Hhe	1
AM-288-F13	DarTG	1
AM-288-F13	RM	1
AM-288-F16	RM	1
AM-288-F17	RM	1
AM-288-F21	AbiU	1
AM-288-F23	RM	1
AM-288-G03	AbiU	1
AM-288-G03	Dnd	1
AM-288-G19	AbiU	1
AM-288-G20	dXTPase	1
AM-288-G20	Zorya	1
AM-288-G21	dXTPase	1
AM-288-G23	AbiU	1
AM-288-I05	ShosTA	1
AM-288-I05	BREX	1
AM-288-I06	Zorya	1
AM-288-I08	RM	1
AM-288-I10	RM	1
AM-288-I21	AbiU	1
AM-288-I21	RM	1
AM-288-J02	RM	1
AM-288-J07	RM	1
AM-288-J10	RM	1
AM-288-J13	Mokosh	1
AM-288-J15	PsyrTA	1
AM-288-J15	RM	1
AM-288-J18	RM	1
AM-288-J22	RM	1
AM-288-J23	AbiU	1
AM-288-J23	RM	2
AM-288-K07	RM	1
AM-288-K10	RM	1
AM-288-K11	RM	1
AM-288-K13	PsyrTA	1
AM-288-K23	RM	1
AM-288-L03	RM	2
AM-288-L04	AbiU	1
AM-288-L04	RM	1
AM-288-L13	Mokosh	1
AM-288-L13	RM	1
AM-288-L14	Eleos	1
AM-288-L15	Dpd	1
AM-288-L15	RM	1
AM-288-L16	RM	1
AM-288-L18	ShosTA	1
AM-288-L21	AbiU	1
AM-288-M05	AbiU	1
AM-288-M05	RM	1
AM-288-M06	ShosTA	1
AM-288-M06	RM	1
AM-288-M15	PsyrTA	1
AM-288-M15	RM	1
AM-288-N08	RM	1
AM-288-N13	Eleos	1
AM-288-N19	AbiU	1
AM-288-O02	AbiU	1
AM-288-O05	RM	1
AM-288-O11	RM	1
AM-288-O14	RM	2
AM-288-P03	RM	1
AM-332-A13	RM	1
AM-332-A23	RM	1
AM-332-B11	Mokosh	1
AM-332-B11	RM	1
AM-332-C14	RM	1
AM-332-C18	RM	1
AM-332-D06	dXTPase	1
AM-332-D06	RM	1
AM-332-D22	RM	1
AM-332-E07	RM	1
AM-332-E19	RM	1
AM-332-E21	RM	1
AM-332-E23	RM	2
AM-332-F08	Zorya	1
AM-332-F08	RM	1
AM-332-F09	RM	1
AM-332-F13	Zorya	1
AM-332-F17	RM	1
AM-332-F20	PsyrTA	1
AM-332-G23	AbiE	1
AM-332-G23	Mokosh	1
AM-332-I13	AbiU	1
AM-332-I13	RM	1
AM-332-I14	AbiU	1
AM-332-I23	RM	2
AM-332-J04	RM	1
AM-332-J08	RM	1
AM-332-J09	Shango	1
AM-332-J09	RM	1
AM-332-J19	RM	1
AM-332-J20	PsyrTA	1
AM-332-J20	Eleos	1
AM-332-J20	RM	1
AM-332-K05	AbiU	1
AM-332-K20	PrrC	1
AM-332-K21	Viperin	2
AM-332-K21	DISARM	1
AM-332-K22	Druantia	1
AM-332-K22	RM	1
AM-332-L03	RM	1
AM-332-L06	RM	1
AM-332-L10	RM	1
AM-332-L13	PsyrTA	1
AM-332-L13	RM	1
AM-332-L20	RM	1
AM-332-L21	RM	1
AM-332-M11	RM	2
AM-332-M13	RM	1
AM-332-N05	RM	2
AM-332-N14	Kiwa	1
AM-332-N14	Wadjet	1
AM-332-N14	Septu	1
AM-332-N14	RM	3
AM-332-N15	Wadjet	1
AM-332-N15	RM	1
AM-332-N15	PrrC	1
AM-332-N18	RM	1
AM-332-O10	AbiU	1
AM-332-O10	Retron	1
AM-332-O18	AbiU	1
AM-332-P06	RM	1
AM-332-P08	PARIS	1
AM-332-P14	RM	2
AM-332-P14	Cas	1
AM-334-A07	AbiU	1
AM-334-A07	RM	2
AM-334-A09	RM	2
AM-334-A20	RM	1
AM-334-B03	RM	2
AM-334-B04	RM	1
AM-334-B05	AbiU	1
AM-334-B06	RM	2
AM-334-B18	RM	1
AM-334-B20	RM	1
AM-334-B21	ShosTA	1
AM-334-B21	Dpd	1
AM-334-C04	AbiU	1
AM-334-C04	RM	1
AM-334-C11	AbiU	1
AM-334-C14	RM	1
AM-334-C16	AbiU	1
AM-334-C16	DarTG	1
AM-334-C22	AbiU	1
AM-334-D03	AbiU	1
AM-334-D05	RM	1
AM-334-D07	AbiU	1
AM-334-D07	RM	1
AM-334-D10	AbiU	1
AM-334-E02	AbiU	1
AM-334-E10	RM	1
AM-334-E13	RM	1
AM-334-F04	RM	1
AM-334-F13	RM	2
AM-334-F17	AbiU	1
AM-334-F17	Dnd	1
AM-334-F17	RM	1
AM-334-F18	AbiU	1
AM-334-G03	AbiU	1
AM-334-G03	RM	1
AM-334-G08	Viperin	1
AM-334-G08	RM	1
AM-334-G10	AbiU	1
AM-334-G17	RM	1
AM-334-G18	AbiU	1
AM-334-G19	dXTPase	1
AM-334-G20	Viperin	1
AM-334-G20	RM	3
AM-334-I14	AbiU	1
AM-334-I14	Retron	1
AM-334-J03	AbiU	1
AM-334-J03	RM	1
AM-334-J03	Cas	1
AM-334-J13	AbiU	1
AM-334-J13	RM	1
AM-334-J22	PD-T4-3	1
AM-334-K02	AbiU	1
AM-334-K05	PD-Lambda-1	1
AM-334-K05	RM	3
AM-334-K10	AbiU	1
AM-334-K11	RM	1
AM-334-K13	AbiU	1
AM-334-K13	RM	1
AM-334-K15	Cas	1
AM-334-K19	RM	1
AM-334-K22	Eleos	1
AM-334-K23	RM	1
AM-334-L02	DarTG	1
AM-334-L02	RM	1
AM-334-L11	Dnd	1
AM-334-L17	AbiU	1
AM-334-M04	Retron	1
AM-334-M04	RM	1
AM-334-M05	Cas	1
AM-334-M14	PD-T4-3	1
AM-334-M18	Cas	1
AM-334-N04	Eleos	1
AM-334-N15	RM	1
AM-334-N17	RM	1
AM-334-N20	AbiU	1
AM-334-P14	AbiU	1
AM-334-P14	RM	3
AM-334-P16	dXTPase	1
AM-388-A11	RM	1
AM-388-A17	PfiAT	1
AM-388-A17	RM	3
AM-388-A20	RM	2
AM-388-B05	AbiE	2
AM-388-B05	PD-T4-3	1
AM-388-B05	RM	3
AM-388-B13	CapRel	1
AM-388-B14	RM	1
AM-388-B15	RM	1
AM-388-B16	AbiE	1
AM-388-B16	Sefir	1
AM-388-B16	RM	3
AM-388-B17	RloC	1
AM-388-B19	SoFic	1
AM-388-B19	RM	1
AM-388-B21	SoFic	1
AM-388-B23	Shedu	1
AM-388-B23	RM	2
AM-388-C04	AbiE	3
AM-388-C04	SanaTA	1
AM-388-C06	RM	1
AM-388-C09	SoFic	1
AM-388-C10	RM	1
AM-388-C11	AbiP2	1
AM-388-C11	SoFic	1
AM-388-C11	RM	2
AM-388-C13	PD-T7-2	1
AM-388-C13	RM	2
AM-388-C17	SoFic	1
AM-388-C17	CBASS	1
AM-388-C17	RM	3
AM-388-C18	AbiL	1
AM-388-C19	BREX	3
AM-388-C19	SoFic	1
AM-388-C19	RM	2
AM-388-C20	RM	1
AM-388-C22	RM	1
AM-388-C23	Hachiman	1
AM-388-C23	Cas	2
AM-388-D05	Shedu	1
AM-388-D05	AVAST	1
AM-388-D05	BREX	1
AM-388-D05	RM	3
AM-388-D05	Cas	2
AM-388-D06	RM	1
AM-388-D07	BREX	2
AM-388-D07	RM	5
AM-388-D10	AbiE	2
AM-388-D10	SoFic	1
AM-388-D10	RM	3
AM-388-D15	AbiE	3
AM-388-D15	RM	6
AM-388-D19	PD-T4-3	1
AM-388-D19	RM	1
AM-388-D20	SoFic	1
AM-388-D20	RM	2
AM-388-D22	Eleos	1
AM-388-D22	RM	2
AM-388-D23	AbiE	1
AM-388-D23	PsyrTA	1
AM-388-D23	SspBCDE	1
AM-388-D23	RM	1
AM-388-D23	Cas	1
AM-388-E03	PsyrTA	1
AM-388-E09	AbiD	1
AM-388-E09	SanaTA	1
AM-388-E09	SoFic	2
AM-388-E09	RM	2
AM-388-E11	AbiL	1
AM-388-E11	DISARM	1
AM-388-E11	RM	2
AM-388-E13	Gabija	1
AM-388-E13	dXTPase	1
AM-388-E13	AbiE	3
AM-388-E13	BREX	1
AM-388-E13	SoFic	1
AM-388-E13	RM	3
AM-388-E15	AbiE	5
AM-388-E15	RM	1
AM-388-E17	Lamassu	1
AM-388-E17	SspBCDE	1
AM-388-E17	SoFic	1
AM-388-E17	RM	2
AM-388-E18	RM	2
AM-388-E19	RM	1
AM-388-E21	AbiE	2
AM-388-E21	RM	1
AM-388-F03	SanaTA	1
AM-388-F03	RM	2
AM-388-F04	Retron	1
AM-388-F07	RM	1
AM-388-F07	Cas	1
AM-388-F13	TerY	1
AM-388-F13	Pycsar	1
AM-388-F13	RM	6
AM-388-F13	Cas	1
AM-388-F15	RM	1
AM-388-F17	AbiE	4
AM-388-F17	AbiD	1
AM-388-F17	Sefir	1
AM-388-F17	RM	7
AM-388-F20	Lamassu	1
AM-388-F20	Mokosh	1
AM-388-F20	Retron	1
AM-388-F20	RM	1
AM-388-F22	AbiL	1
AM-388-F22	Gabija	1
AM-388-F22	PfiAT	1
AM-388-F22	SoFic	1
AM-388-F22	RM	4
AM-388-G02	SoFic	1
AM-388-G02	RM	2
AM-388-G03	SoFic	1
AM-388-G03	RM	1
AM-388-G04	SoFic	1
AM-388-G04	RM	2
AM-388-G08	AbiE	1
AM-388-G08	AbiU	1
AM-388-G08	Septu	1
AM-388-G08	RM	1
AM-388-G13	BREX	1
AM-388-G13	RM	8
AM-388-G14	Thoeris	2
AM-388-G14	pAgo	1
AM-388-G14	RM	2
AM-388-G15	RM	2
AM-388-G16	RM	1
AM-388-G16	Cas	1
AM-388-G18	RM	1
AM-388-G19	RM	4
AM-388-G22	Mokosh	1
AM-388-G22	BREX	1
AM-388-G22	RM	3
AM-388-G23	PsyrTA	1
AM-388-G23	RM	2
AM-388-I02	PD-Lambda-1	1
AM-388-I04	Cas	1
AM-388-I07	PfiAT	2
AM-388-I07	BREX	1
AM-388-I07	RM	1
AM-388-I08	RM	2
AM-388-I11	AbiE	1
AM-388-I13	AbiE	1
AM-388-I13	Lamassu	1
AM-388-I13	Druantia	1
AM-388-I13	PD-T4-4	1
AM-388-I13	BREX	1
AM-388-I13	RM	2
AM-388-I13	Cas	1
AM-388-I14	Shedu	1
AM-388-I14	AbiE	1
AM-388-I14	Dsr	1
AM-388-I14	DarTG	1
AM-388-I14	SoFic	1
AM-388-I14	Sefir	1
AM-388-I14	RM	3
AM-388-I16	SoFic	1
AM-388-I16	RM	1
AM-388-I17	SoFic	2
AM-388-I17	Eleos	1
AM-388-I17	RM	3
AM-388-I17	Cas	1
AM-388-I18	BREX	1
AM-388-I18	PfiAT	1
AM-388-I18	RM	2
AM-388-I20	RM	1
AM-388-I21	Gabija	1
AM-388-I21	AVAST	1
AM-388-I21	SanaTA	1
AM-388-I21	Retron	1
AM-388-I21	RM	2
AM-388-I22	PARIS	1
AM-388-I22	RM	2
AM-388-I23	RM	2
AM-388-J02	AbiE	1
AM-388-J03	AbiE	1
AM-388-J03	RM	3
AM-388-J04	BREX	1
AM-388-J07	RL	1
AM-388-J07	SoFic	1
AM-388-J07	RM	2
AM-388-J09	PsyrTA	1
AM-388-J09	CapRel	1
AM-388-J09	RM	1
AM-388-J10	PD-T7-2	1
AM-388-J10	Mokosh	1
AM-388-J10	SoFic	1
AM-388-J10	pAgo	1
AM-388-J10	RM	4
AM-388-J10	Cas	1
AM-388-J11	AbiE	2
AM-388-J13	PsyrTA	1
AM-388-J13	PD-T4-2	1
AM-388-J13	SoFic	1
AM-388-J14	BREX	1
AM-388-J14	SoFic	1
AM-388-J14	RM	4
AM-388-J15	SoFic	1
AM-388-J15	RM	2
AM-388-J17	RM	1
AM-388-J22	Thoeris	1
AM-388-J22	SoFic	2
AM-388-J22	RM	1
AM-388-J23	RM	1
AM-388-K02	RM	1
AM-388-K09	RM	1
AM-388-K10	RM	1
AM-388-K16	RloC	1
AM-388-K16	AbiL	1
AM-388-K16	AbiE	2
AM-388-K16	PD-T7-2	1
AM-388-K16	BREX	1
AM-388-K16	RM	4
AM-388-K17	RM	1
AM-388-K19	SoFic	1
AM-388-K21	RM	1
AM-388-L02	AbiL	1
AM-388-L02	pAgo	1
AM-388-L02	RM	3
AM-388-L04	Azaca	1
AM-388-L04	RM	1
AM-388-L10	CapRel	1
AM-388-L11	Dnd	1
AM-388-L11	BREX	1
AM-388-L11	RM	2
AM-388-L13	AbiJ	1
AM-388-L13	RM	2
AM-388-L14	Retron	1
AM-388-L14	RM	3
AM-388-L15	Shedu	1
AM-388-L15	AbiE	1
AM-388-L15	PARIS	2
AM-388-L15	RM	4
AM-388-L18	RM	2
AM-388-L22	Lamassu	1
AM-388-L22	SoFic	1
AM-388-L22	RM	4
AM-388-M02	Mokosh	1
AM-388-M08	RM	2
AM-388-M11	SoFic	1
AM-388-M11	CBASS	1
AM-388-M11	RM	1
AM-388-M14	RM	1
AM-388-M20	RM	3
AM-388-M22	Sefir	1
AM-388-M22	SanaTA	1
AM-388-M22	Borvo	1
AM-388-M22	RM	5
AM-388-N03	Zorya	1
AM-388-N03	Retron	1
AM-388-N03	BREX	1
AM-388-N03	RM	4
AM-388-N06	RM	1
AM-388-N07	AbiE	1
AM-388-N07	RM	1
AM-388-N07	Cas	2
AM-388-N09	AbiE	3
AM-388-N09	SanaTA	1
AM-388-N13	TerY	1
AM-388-N13	AbiE	1
AM-388-N14	AbiD	1
AM-388-N14	RM	2
AM-388-N15	SoFic	2
AM-388-N15	RM	1
AM-388-N16	Gabija	1
AM-388-N16	NLR	1
AM-388-N16	BREX	1
AM-388-N16	RM	4
AM-388-N17	RM	1
AM-388-N18	RM	1
AM-388-N20	RM	1
AM-388-N20	Cas	1
AM-388-N23	SoFic	1
AM-388-O03	RM	1
AM-388-O04	DRT	2
AM-388-O04	AbiP2	1
AM-388-O05	CapRel	1
AM-388-O05	RM	2
AM-388-O06	RM	1
AM-388-O07	ShosTA	1
AM-388-O07	RM	2
AM-388-O09	RM	1
AM-388-O13	Lamassu	1
AM-388-O13	BREX	1
AM-388-O13	RM	4
AM-388-O14	PsyrTA	1
AM-388-O14	BREX	1
AM-388-O14	RM	1
AM-388-O16	PsyrTA	1
AM-388-O18	AbiU	1
AM-388-O19	TerY	1
AM-388-O19	RM	1
AM-388-O20	RM	1
AM-388-O21	Septu	1
AM-388-O21	Menshen	1
AM-388-O21	SoFic	1
AM-388-O21	RM	3
AM-388-O21	Cas	3
AM-388-O23	Gabija	1
AM-388-O23	Qat	1
AM-388-O23	PD-T7-4	1
AM-388-O23	BREX	1
AM-388-O23	RM	2
AM-388-P01	RM	2
AM-388-P02	SoFic	1
AM-388-P02	RM	1
AM-388-P03	DarTG	1
AM-388-P03	CapRel	1
AM-388-P03	PD-T4-1	1
AM-388-P03	RM	1
AM-388-P04	SoFic	1
AM-388-P04	RM	1
AM-388-P06	Pycsar	1
AM-388-P06	BREX	1
AM-388-P06	RM	1
AM-388-P07	Eleos	1
AM-388-P07	SoFic	2
AM-388-P07	RM	6
AM-388-P09	AbiE	2
AM-388-P09	RL	1
AM-388-P09	RM	1
AM-388-P11	RM	1
AM-388-P13	RloC	1
AM-388-P13	RM	1
AM-388-P15	AbiE	2
AM-388-P15	SoFic	1
AM-388-P15	CBASS	1
AM-388-P15	RM	1
AM-388-P16	AbiE	3
AM-388-P16	DRT	1
AM-388-P16	BREX	1
AM-388-P16	SanaTA	1
AM-388-P16	RM	6
AM-388-P18	BREX	1
AM-388-P18	RM	3
AM-388-P20	RM	1
AM-388-P23	RM	3
AM-390-A01	AbiU	1
AM-390-A03	RM	1
AM-390-A05	RM	1
AM-390-A07	AbiE	2
AM-390-A07	PsyrTA	1
AM-390-A07	RM	2
AM-390-A08	Cas	1
AM-390-A09	AbiD	1
AM-390-A09	Dnd	1
AM-390-A09	BREX	1
AM-390-A09	Sefir	1
AM-390-A09	RM	2
AM-390-A10	Eleos	1
AM-390-A10	RM	1
AM-390-A11	AbiD	1
AM-390-A11	PsyrTA	1
AM-390-A11	RM	2
AM-390-A13	AbiU	1
AM-390-A13	RM	2
AM-390-A14	RM	3
AM-390-A18	Septu	1
AM-390-A18	RM	4
AM-390-A20	AbiE	4
AM-390-A20	BREX	1
AM-390-A20	SanaTA	1
AM-390-A20	RM	4
AM-390-A22	AbiE	1
AM-390-A22	RM	2
AM-390-A23	Eleos	1
AM-390-A23	RM	2
AM-390-B02	SoFic	1
AM-390-B03	BREX	1
AM-390-B03	RM	1
AM-390-B03	Cas	1
AM-390-B04	PARIS	1
AM-390-B04	PfiAT	1
AM-390-B04	SoFic	1
AM-390-B04	RM	1
AM-390-B06	Eleos	1
AM-390-B06	SoFic	1
AM-390-B06	RM	3
AM-390-B07	AbiU	1
AM-390-B09	AbiE	2
AM-390-B09	RM	2
AM-390-B10	RM	1
AM-390-B11	CBASS	1
AM-390-B11	RM	1
AM-390-B14	AbiE	5
AM-390-B14	SoFic	2
AM-390-B14	SanaTA	1
AM-390-B14	RM	3
AM-390-B17	SoFic	1
AM-390-B17	RM	2
AM-390-B18	AbiL	1
AM-390-B18	SanaTA	1
AM-390-B18	PfiAT	1
AM-390-B20	Eleos	1
AM-390-B20	SoFic	1
AM-390-B20	RM	3
AM-390-B23	SoFic	1
AM-390-C02	AbiU	1
AM-390-C03	SoFic	1
AM-390-C03	RM	3
AM-390-C04	RM	1
AM-390-C05	RM	3
AM-390-C09	AbiE	1
AM-390-C09	PARIS	1
AM-390-C09	RM	1
AM-390-C10	Gabija	1
AM-390-C10	Qat	1
AM-390-C10	PD-T4-3	1
AM-390-C10	Mokosh	1
AM-390-C10	ISG15-like	1
AM-390-C10	BREX	1
AM-390-C10	PfiAT	1
AM-390-C10	Borvo	1
AM-390-C10	RM	7
AM-390-C13	Kiwa	1
AM-390-C13	Hachiman	1
AM-390-C13	SoFic	1
AM-390-C13	Retron	1
AM-390-C13	RM	1
AM-390-C16	AbiU	1
AM-390-C22	PsyrTA	1
AM-390-C22	CapRel	1
AM-390-D02	AbiE	2
AM-390-D04	RM	1
AM-390-D06	AbiE	1
AM-390-D06	SoFic	1
AM-390-D06	RM	2
AM-390-D08	RM	1
AM-390-D09	SoFic	1
AM-390-D09	RM	2
AM-390-D13	RM	1
AM-390-D16	DISARM	1
AM-390-D17	AbiE	2
AM-390-D17	Dnd	1
AM-390-D17	RM	1
AM-390-D18	Gabija	1
AM-390-D18	DarTG	1
AM-390-D18	RM	3
AM-390-D19	AbiU	1
AM-390-D19	RM	2
AM-390-D21	RM	3
AM-390-D23	RM	1
AM-390-E02	RloC	2
AM-390-E03	Eleos	1
AM-390-E03	RM	1
AM-390-E04	Shedu	1
AM-390-E05	RM	1
AM-390-E06	PD-T7-5	1
AM-390-E11	RM	2
AM-390-E13	RM	1
AM-390-E17	RM	3
AM-390-E18	AbiE	1
AM-390-E18	Hachiman	1
AM-390-E18	RM	2
AM-390-E19	RM	2
AM-390-E20	RM	1
AM-390-E21	AbiD	1
AM-390-E21	RM	2
AM-390-E22	RM	3
AM-390-E23	AbiE	2
AM-390-E23	Hhe	1
AM-390-E23	AbiZ	1
AM-390-E23	SanaTA	1
AM-390-F02	PD-T7-5	1
AM-390-F03	AbiE	2
AM-390-F03	ShosTA	2
AM-390-F03	SoFic	1
AM-390-F03	RM	2
AM-390-F05	Eleos	1
AM-390-F05	RM	1
AM-390-F05	Cas	1
AM-390-F06	SoFic	1
AM-390-F07	AbiE	2
AM-390-F07	SanaTA	1
AM-390-F08	AbiE	2
AM-390-F08	Dsr	1
AM-390-F08	PsyrTA	1
AM-390-F08	RM	2
AM-390-F08	Cas	1
AM-390-F09	Dnd	1
AM-390-F09	RM	1
AM-390-F16	RM	1
AM-390-F18	BREX	1
AM-390-F18	RM	1
AM-390-F22	AbiL	1
AM-390-F22	BREX	1
AM-390-F22	RM	2
AM-390-F23	SoFic	1
AM-390-F23	RM	3
AM-390-G02	Tmn	1
AM-390-G02	Wadjet	1
AM-390-G02	BREX	1
AM-390-G02	SoFic	1
AM-390-G02	RM	1
AM-390-G04	AbiE	1
AM-390-G04	PsyrTA	1
AM-390-G04	RM	1
AM-390-G05	AbiE	2
AM-390-G05	RM	2
AM-390-G08	ShosTA	1
AM-390-G08	SoFic	2
AM-390-G08	BREX	2
AM-390-G08	CBASS	1
AM-390-G08	RM	2
AM-390-G09	SoFic	1
AM-390-G11	RM	3
AM-390-G13	Shedu	1
AM-390-G13	SoFic	1
AM-390-G13	RM	4
AM-390-G14	AbiL	1
AM-390-G15	RM	1
AM-390-G16	Mokosh	1
AM-390-G16	SoFic	1
AM-390-G16	RM	1
AM-390-G17	RM	1
AM-390-G18	RM	1
AM-390-G19	RM	1
AM-390-G22	RM	1
AM-390-G23	Tmn	1
AM-390-G23	BREX	1
AM-390-G23	RM	2
AM-390-I07	RM	1
AM-390-I08	SoFic	1
AM-390-I10	BREX	1
AM-390-I11	AbiE	1
AM-390-I14	CapRel	1
AM-390-I15	AbiD	1
AM-390-I15	RM	2
AM-390-I15	Cas	1
AM-390-I18	Lamassu	1
AM-390-I18	SoFic	1
AM-390-I18	RM	3
AM-390-I19	PD-Lambda-1	1
AM-390-I19	Thoeris	1
AM-390-I22	RM	1
AM-390-I23	AbiE	1
AM-390-I23	RM	1
AM-390-J04	AbiU	1
AM-390-J04	DISARM	1
AM-390-J04	RM	1
AM-390-J05	RloC	2
AM-390-J05	AbiE	1
AM-390-J05	DarTG	1
AM-390-J05	PsyrTA	1
AM-390-J05	RM	7
AM-390-J05	Cas	1
AM-390-J07	RM	1
AM-390-J09	RM	1
AM-390-J10	AbiD	1
AM-390-J10	PD-T7-4	1
AM-390-J10	RM	4
AM-390-J11	Septu	1
AM-390-J11	RM	3
AM-390-J13	SanaTA	1
AM-390-J16	Gabija	1
AM-390-J16	Wadjet	1
AM-390-J16	CBASS	1
AM-390-J16	RM	2
AM-390-J17	Gabija	1
AM-390-J17	SanaTA	1
AM-390-J17	RM	1
AM-390-J18	SoFic	2
AM-390-J18	RM	1
AM-390-J19	RM	1
AM-390-J21	RM	1
AM-390-J22	RM	2
AM-390-K03	RM	1
AM-390-K04	SoFic	1
AM-390-K04	Sefir	1
AM-390-K04	RM	2
AM-390-K05	Dsr	1
AM-390-K05	ShosTA	1
AM-390-K05	RM	1
AM-390-K07	RM	1
AM-390-K08	RM	1
AM-390-K10	RM	1
AM-390-K13	Septu	1
AM-390-K13	RM	4
AM-390-K16	AbiU	1
AM-390-K16	RM	2
AM-390-K18	AbiE	3
AM-390-K18	Lamassu	1
AM-390-K18	CBASS	2
AM-390-K18	Retron	1
AM-390-K18	RM	4
AM-390-K20	AbiE	4
AM-390-K20	SanaTA	1
AM-390-K20	PfiAT	1
AM-390-K20	SoFic	1
AM-390-K20	RM	3
AM-390-K22	Pycsar	1
AM-390-K22	RM	1
AM-390-L04	PD-T7-5	1
AM-390-L04	RM	2
AM-390-L06	AbiE	1
AM-390-L06	PARIS	2
AM-390-L06	RM	1
AM-390-L06	Cas	1
AM-390-L08	SoFic	1
AM-390-L10	SoFic	1
AM-390-L10	RM	2
AM-390-L11	SoFic	1
AM-390-L11	RM	2
AM-390-L15	AbiE	2
AM-390-L15	ShosTA	1
AM-390-L15	SanaTA	1
AM-390-L15	SoFic	1
AM-390-L16	AbiJ	1
AM-390-L16	PsyrTA	1
AM-390-L16	Mokosh	1
AM-390-L16	SanaTA	1
AM-390-L16	Uzume	1
AM-390-L16	RM	1
AM-390-L19	RM	1
AM-390-L21	SoFic	1
AM-390-L21	RM	2
AM-390-L22	AbiE	3
AM-390-L22	Ppl	3
AM-390-L22	BREX	1
AM-390-L22	CBASS	1
AM-390-L22	pAgo	1
AM-390-L22	SoFic	1
AM-390-L22	RM	3
AM-390-L23	Eleos	1
AM-390-L23	Retron	1
AM-390-L23	RM	2
AM-390-M03	RM	1
AM-390-M05	RM	1
AM-390-M06	Eleos	1
AM-390-M06	RM	1
AM-390-M07	SoFic	1
AM-390-M07	RM	2
AM-390-M10	RM	2
AM-390-M14	RM	1
AM-390-M19	AbiU	1
AM-390-M20	RM	3
AM-390-M22	RM	2
AM-390-N05	RM	2
AM-390-N06	SoFic	1
AM-390-N06	RM	1
AM-390-N07	AbiE	2
AM-390-N07	PsyrTA	1
AM-390-N07	Qat	1
AM-390-N07	PD-T7-2	1
AM-390-N07	CBASS	1
AM-390-N07	SoFic	1
AM-390-N07	RM	2
AM-390-N09	SoFic	1
AM-390-N09	RM	2
AM-390-N10	AbiD	1
AM-390-N10	RM	4
AM-390-N14	SoFic	1
AM-390-N14	RM	1
AM-390-N15	RM	1
AM-390-N17	RM	1
AM-390-N18	AbiE	2
AM-390-N18	SoFic	1
AM-390-N21	RM	2
AM-390-N23	RM	1
AM-390-O02	RM	1
AM-390-O03	RM	1
AM-390-O06	Gabija	1
AM-390-O06	CBASS	1
AM-390-O07	RM	1
AM-390-O08	RloC	1
AM-390-O08	AbiD	1
AM-390-O08	SoFic	1
AM-390-O08	RM	1
AM-390-O09	Shedu	1
AM-390-O09	AbiE	3
AM-390-O09	SoFic	2
AM-390-O09	RM	1
AM-390-O11	SoFic	1
AM-390-O13	Eleos	2
AM-390-O13	SoFic	1
AM-390-O13	RM	2
AM-390-O15	BREX	1
AM-390-O17	RM	1
AM-390-O19	SoFic	1
AM-390-O20	Eleos	2
AM-390-O20	SoFic	1
AM-390-O20	BREX	1
AM-390-O20	RM	2
AM-390-O21	RM	2
AM-390-O21	Cas	1
AM-390-O23	TerY	1
AM-390-P01	SoFic	1
AM-390-P01	Uzume	1
AM-390-P02	RM	1
AM-390-P03	AbiE	1
AM-390-P03	PsyrTA	1
AM-390-P03	PD-T7-2	1
AM-390-P03	Qat	1
AM-390-P03	SoFic	1
AM-390-P03	CBASS	1
AM-390-P03	RM	3
AM-390-P05	PARIS	1
AM-390-P05	RM	4
AM-390-P08	AbiE	2
AM-390-P08	Eleos	1
AM-390-P08	RM	2
AM-390-P09	RM	1
AM-390-P14	SoFic	1
AM-390-P14	RM	1
AM-390-P16	AbiE	1
AM-390-P16	dXTPase	1
AM-390-P19	RM	1
AM-390-P20	BREX	1
AM-390-P20	RM	2
AM-390-P22	RM	1
AM-685-A01	DarTG	1
AM-685-A01	pAgo	3
AM-685-A01	RM	6
AM-685-A01	Cas	2
AM-685-A03	RM	1
AM-685-A05	PsyrTA	1
AM-685-A05	Tiamat	1
AM-685-A06	AbiU	1
AM-685-A06	RM	1
AM-685-A07	RM	1
AM-685-A08	RM	2
AM-685-A09	Tiamat	1
AM-685-A09	RM	1
AM-685-A10	ShosTA	1
AM-685-A10	RM	1
AM-685-A11	RM	2
AM-685-A14	RM	1
AM-685-A15	dXTPase	1
AM-685-A15	SoFic	1
AM-685-A15	RM	8
AM-685-A15	Cas	3
AM-685-A16	PARIS	1
AM-685-A16	RM	2
AM-685-A17	AbiE	1
AM-685-A18	AbiE	1
AM-685-A18	RM	2
AM-685-A20	PsyrTA	1
AM-685-A20	RM	3
AM-685-A21	PsyrTA	1
AM-685-A21	PfiAT	1
AM-685-A22	AbiE	4
AM-685-A22	Uzume	1
AM-685-A22	Borvo	1
AM-685-A22	RM	5
AM-685-A22	Cas	2
AM-685-A23	SoFic	1
AM-685-A23	RM	1
AM-685-B02	RM	2
AM-685-B06	PD-T4-8	1
AM-685-B06	BREX	1
AM-685-B06	RM	2
AM-685-B07	RM	4
AM-685-B08	RM	1
AM-685-B09	AbiE	2
AM-685-B09	RM	4
AM-685-B09	Cas	2
AM-685-B10	AbiE	2
AM-685-B10	RM	3
AM-685-B11	RM	1
AM-685-B11	Cas	1
AM-685-B13	AbiE	1
AM-685-B14	SoFic	1
AM-685-B14	RM	1
AM-685-B15	SoFic	1
AM-685-B15	RM	1
AM-685-B16	RM	1
AM-685-B17	Shedu	1
AM-685-B17	AbiE	1
AM-685-B17	RM	2
AM-685-B19	BREX	1
AM-685-B19	CBASS	1
AM-685-B19	RM	2
AM-685-B20	AbiE	1
AM-685-B20	SanaTA	1
AM-685-B21	AbiU	1
AM-685-B21	Lamassu	1
AM-685-B21	CapRel	1
AM-685-B21	RM	1
AM-685-B23	RM	1
AM-685-C03	AbiE	1
AM-685-C03	Hachiman	1
AM-685-C06	RM	1
AM-685-C07	CapRel	1
AM-685-C07	RM	2
AM-685-C09	AbiE	5
AM-685-C09	SoFic	2
AM-685-C09	SanaTA	1
AM-685-C09	RM	4
AM-685-C11	AbiJ	1
AM-685-C11	RM	4
AM-685-C13	AbiE	1
AM-685-C13	RM	6
AM-685-C14	ShosTA	1
AM-685-C14	RM	4
AM-685-C14	Cas	1
AM-685-C15	Cas	2
AM-685-C17	RM	1
AM-685-C18	Lamassu	1
AM-685-C18	SanaTA	1
AM-685-C18	SoFic	2
AM-685-C18	RM	3
AM-685-C18	Cas	1
AM-685-C21	AbiE	2
AM-685-C21	RloC	1
AM-685-C21	Wadjet	2
AM-685-C21	Qat	1
AM-685-C21	PD-T7-2	1
AM-685-C21	pAgo	1
AM-685-C21	BREX	1
AM-685-C21	PfiAT	1
AM-685-C21	SoFic	1
AM-685-C21	RM	12
AM-685-C21	Cas	2
AM-685-C22	RM	2
AM-685-C23	AbiE	2
AM-685-C23	SoFic	1
AM-685-C23	SanaTA	1
AM-685-C23	RM	3
AM-685-D03	AbiE	2
AM-685-D03	Wadjet	1
AM-685-D03	PD-T7-2	1
AM-685-D03	SoFic	2
AM-685-D03	BREX	1
AM-685-D03	pAgo	1
AM-685-D03	RM	7
AM-685-D03	Cas	1
AM-685-D04	AbiU	1
AM-685-D04	Dnd	1
AM-685-D05	RloC	1
AM-685-D05	PD-T7-2	1
AM-685-D05	SoFic	2
AM-685-D05	PfiAT	1
AM-685-D05	pAgo	1
AM-685-D05	RM	6
AM-685-D05	Cas	2
AM-685-D06	AbiU	2
AM-685-D06	RM	2
AM-685-D08	AbiH	1
AM-685-D09	RM	1
AM-685-D11	RM	2
AM-685-D13	RM	3
AM-685-D15	Gabija	1
AM-685-D15	Septu	1
AM-685-D15	Retron	1
AM-685-D15	RM	6
AM-685-D16	RM	2
AM-685-D19	AbiO	1
AM-685-D19	RM	1
AM-685-D22	AbiU	1
AM-685-E02	RM	1
AM-685-E04	RM	1
AM-685-E05	RloC	1
AM-685-E05	Borvo	1
AM-685-E05	RM	4
AM-685-E05	Cas	1
AM-685-E07	PsyrTA	1
AM-685-E09	RM	1
AM-685-E10	AbiE	1
AM-685-E10	SoFic	1
AM-685-E10	Tiamat	1
AM-685-E10	Retron	1
AM-685-E10	RM	1
AM-685-E11	RM	1
AM-685-E16	AbiU	1
AM-685-E16	Dnd	1
AM-685-E17	Dnd	1
AM-685-E18	AbiE	2
AM-685-E18	RM	2
AM-685-E19	PARIS	1
AM-685-E20	AbiE	3
AM-685-E20	PsyrTA	1
AM-685-E20	SoFic	2
AM-685-E20	PfiAT	1
AM-685-E20	SanaTA	1
AM-685-E20	RM	2
AM-685-E21	SoFic	2
AM-685-E21	SanaTA	1
AM-685-F03	SoFic	1
AM-685-F03	SanaTA	1
AM-685-F04	RM	2
AM-685-F06	RM	1
AM-685-F07	AbiE	5
AM-685-F07	SanaTA	2
AM-685-F07	SoFic	2
AM-685-F07	RM	4
AM-685-F09	PD-T7-2	1
AM-685-F09	BREX	1
AM-685-F09	RM	2
AM-685-F14	Lamassu	1
AM-685-F14	pAgo	1
AM-685-F14	SanaTA	1
AM-685-F14	PfiAT	2
AM-685-F14	RM	3
AM-685-F14	Cas	1
AM-685-F17	Lamassu	1
AM-685-F20	CBASS	1
AM-685-F21	Iet	1
AM-685-F21	DRT	1
AM-685-F21	PD-T4-5	1
AM-685-F21	Hachiman	1
AM-685-F23	RM	1
AM-685-G03	RM	1
AM-685-G07	SoFic	1
AM-685-G09	ShosTA	1
AM-685-G09	RM	4
AM-685-G10	Dnd	1
AM-685-G10	RM	1
AM-685-G11	AbiE	2
AM-685-G11	ShosTA	1
AM-685-G11	SoFic	1
AM-685-G11	PfiAT	2
AM-685-G11	SanaTA	1
AM-685-G11	RM	8
AM-685-G14	dXTPase	1
AM-685-G14	SoFic	1
AM-685-G14	RM	4
AM-685-G14	Cas	3
AM-685-G17	ShosTA	1
AM-685-G17	RM	4
AM-685-G19	Druantia	1
AM-685-G19	RM	5
AM-685-G19	Cas	1
AM-685-G20	AbiE	2
AM-685-G20	RM	3
AM-685-G21	AbiE	2
AM-685-G21	DarTG	1
AM-685-G21	CBASS	1
AM-685-G21	RM	5
AM-685-G22	AbiE	6
AM-685-G22	AbiL	1
AM-685-G22	DarTG	1
AM-685-G22	Tiamat	2
AM-685-G22	RM	10
AM-685-G22	Cas	2
AM-685-G23	Shedu	2
AM-685-G23	SoFic	1
AM-685-G23	RM	3
AM-685-I02	RM	2
AM-685-I03	dXTPase	1
AM-685-I03	RM	1
AM-685-I03	Cas	1
AM-685-I04	AbiU	1
AM-685-I05	PD-T7-5	1
AM-685-I05	SoFic	1
AM-685-I05	RM	3
AM-685-I05	Cas	1
AM-685-I06	AbiE	3
AM-685-I06	BREX	1
AM-685-I06	RM	4
AM-685-I07	RM	1
AM-685-I07	Cas	1
AM-685-I11	DarTG	1
AM-685-I13	AbiE	6
AM-685-I13	Gabija	1
AM-685-I13	Wadjet	1
AM-685-I13	SspBCDE	1
AM-685-I13	BREX	2
AM-685-I13	CBASS	1
AM-685-I13	Tiamat	1
AM-685-I13	RM	6
AM-685-I20	PD-T7-2	1
AM-685-I20	SoFic	1
AM-685-I20	RM	1
AM-685-I21	RM	2
AM-685-I23	RM	1
AM-685-J03	RM	1
AM-685-J04	RM	1
AM-685-J05	AbiU	1
AM-685-J05	RM	1
AM-685-J06	RM	1
AM-685-J08	AbiE	4
AM-685-J08	SoFic	2
AM-685-J08	SanaTA	2
AM-685-J11	PsyrTA	1
AM-685-J11	RM	2
AM-685-J11	Cas	1
AM-685-J14	AbiE	2
AM-685-J14	Menshen	1
AM-685-J14	BREX	2
AM-685-J14	SoFic	2
AM-685-J14	SanaTA	1
AM-685-J14	PfiAT	1
AM-685-J14	RM	2
AM-685-J15	AbiE	1
AM-685-J15	Thoeris	1
AM-685-J18	AbiE	1
AM-685-J19	RM	1
AM-685-J20	AbiU	1
AM-685-J20	RM	1
AM-685-J21	AbiD	1
AM-685-J21	RM	4
AM-685-J22	RM	1
AM-685-J23	SoFic	1
AM-685-J23	RM	2
AM-685-J23	Cas	1
AM-685-K05	AbiU	1
AM-685-K05	RM	3
AM-685-K07	AbiE	2
AM-685-K07	RloC	1
AM-685-K07	Wadjet	1
AM-685-K07	PD-T7-2	1
AM-685-K07	BREX	1
AM-685-K07	pAgo	1
AM-685-K07	PfiAT	1
AM-685-K07	RM	6
AM-685-K07	Cas	1
AM-685-K09	AbiE	2
AM-685-K09	AbiV	1
AM-685-K09	CBASS	1
AM-685-K09	BREX	1
AM-685-K09	RM	8
AM-685-K10	AbiE	1
AM-685-K10	RM	1
AM-685-K10	Cas	1
AM-685-K11	AbiE	2
AM-685-K11	SanaTA	1
AM-685-K13	AbiU	2
AM-685-K14	AbiE	2
AM-685-K14	AbiL	1
AM-685-K14	Hhe	1
AM-685-K14	BREX	1
AM-685-K14	SoFic	1
AM-685-K14	RM	9
AM-685-K14	Cas	2
AM-685-K15	RM	1
AM-685-K16	RM	1
AM-685-K17	AbiD	1
AM-685-K17	AbiE	2
AM-685-K17	PARIS	1
AM-685-K17	BREX	1
AM-685-K17	SoFic	1
AM-685-K17	RM	4
AM-685-K17	Cas	3
AM-685-K18	AbiE	2
AM-685-K18	RM	3
AM-685-K21	RM	1
AM-685-K22	AbiE	3
AM-685-K22	Eleos	1
AM-685-L05	RM	4
AM-685-L07	AbiU	1
AM-685-L07	RM	1
AM-685-L08	Eleos	1
AM-685-L08	SanaTA	1
AM-685-L08	RM	3
AM-685-L10	dXTPase	1
AM-685-L10	Septu	1
AM-685-L10	ShosTA	1
AM-685-L10	SoFic	1
AM-685-L10	RM	4
AM-685-L10	Cas	1
AM-685-L13	AbiU	1
AM-685-L13	RM	1
AM-685-L14	AbiJ	1
AM-685-L14	PARIS	1
AM-685-L14	RM	1
AM-685-L17	AbiU	1
AM-685-L17	RM	1
AM-685-L18	Uzume	1
AM-685-L18	RM	3
AM-685-L21	AbiU	1
AM-685-L23	Tiamat	1
AM-685-L23	RM	3
AM-685-M02	AbiE	2
AM-685-M02	BREX	2
AM-685-M02	RM	2
AM-685-M03	SoFic	2
AM-685-M03	RM	2
AM-685-M04	PsyrTA	1
AM-685-M04	RM	3
AM-685-M07	AbiE	1
AM-685-M07	SoFic	2
AM-685-M07	pAgo	1
AM-685-M07	PfiAT	1
AM-685-M07	RM	7
AM-685-M07	Cas	2
AM-685-M10	ShosTA	1
AM-685-M10	SoFic	2
AM-685-M10	RM	6
AM-685-M14	Uzume	2
AM-685-M14	RM	7
AM-685-M14	Cas	2
AM-685-M19	RM	4
AM-685-M20	PD-T7-5	1
AM-685-M20	RM	3
AM-685-M21	RM	2
AM-685-M21	Cas	1
AM-685-N03	AbiE	1
AM-685-N03	PD-T7-2	1
AM-685-N03	SoFic	1
AM-685-N03	PfiAT	1
AM-685-N03	RM	7
AM-685-N03	Cas	2
AM-685-N06	SoFic	1
AM-685-N06	SanaTA	1
AM-685-N06	RM	1
AM-685-N07	AbiE	1
AM-685-N07	RL	1
AM-685-N08	DUF4238	1
AM-685-N08	RM	1
AM-685-N09	RM	1
AM-685-N11	SspBCDE	1
AM-685-N13	RM	1
AM-685-N14	AbiU	1
AM-685-N15	AbiD	1
AM-685-N15	AbiE	6
AM-685-N15	AbiP2	1
AM-685-N15	SoFic	2
AM-685-N15	SanaTA	1
AM-685-N15	RM	2
AM-685-N16	SoFic	1
AM-685-N17	AbiE	1
AM-685-N17	RM	2
AM-685-N19	AbiE	3
AM-685-N19	AbiL	1
AM-685-N19	Dsr	1
AM-685-N19	RnlAB	1
AM-685-N19	RM	6
AM-685-N19	Cas	2
AM-685-N20	RM	2
AM-685-N21	AbiE	3
AM-685-N21	Mokosh	2
AM-685-N21	BREX	1
AM-685-N21	pAgo	1
AM-685-N21	RM	7
AM-685-N21	Cas	2
AM-685-N22	RM	2
AM-685-O02	AbiU	1
AM-685-O03	BREX	2
AM-685-O03	RM	1
AM-685-O04	RM	2
AM-685-O05	AbiE	3
AM-685-O05	SanaTA	1
AM-685-O05	RM	1
AM-685-O06	PsyrTA	1
AM-685-O06	SoFic	2
AM-685-O06	RM	4
AM-685-O13	RM	2
AM-685-O14	RM	2
AM-685-O18	RM	3
AM-685-O19	AbiU	1
AM-685-O20	Qat	1
AM-685-O20	RM	1
AM-685-O22	AbiE	2
AM-685-O22	Zorya	1
AM-685-O22	SoFic	1
AM-685-O23	RM	2
AM-685-O23	Cas	1
AM-685-P01	AbiD	1
AM-685-P01	AbiE	2
AM-685-P01	PARIS	1
AM-685-P01	SoFic	1
AM-685-P01	RM	2
AM-685-P01	Cas	1
AM-685-P02	AbiU	1
AM-685-P03	CBASS	1
AM-685-P03	RM	3
AM-685-P03	Cas	1
AM-685-P04	Lamassu	1
AM-685-P04	Shedu	1
AM-685-P04	Mokosh	1
AM-685-P04	CBASS	2
AM-685-P04	PfiAT	1
AM-685-P04	SoFic	1
AM-685-P04	RM	4
AM-685-P05	AbiE	4
AM-685-P05	AbiD	2
AM-685-P05	Tiamat	1
AM-685-P05	SoFic	2
AM-685-P05	RM	2
AM-685-P07	AbiE	2
AM-685-P07	BREX	1
AM-685-P07	RM	5
AM-685-P08	RM	1
AM-685-P10	DRT	2
AM-685-P10	PD-T7-2	1
AM-685-P10	Retron	1
AM-685-P10	RM	2
AM-685-P10	Cas	1
AM-685-P11	SoFic	1
AM-685-P11	RM	1
AM-685-P14	dXTPase	2
AM-685-P14	Sefir	1
AM-685-P14	RM	1
AM-685-P15	SoFic	1
AM-685-P15	RM	1
AM-685-P16	AbiU	1
AM-685-P17	RM	1
AM-685-P18	Cas	1
AM-685-P21	AbiD	1
AM-685-P21	MqsRAC	1
AM-685-P21	SspBCDE	1
AM-685-P21	RM	1
AM-685-P21	Cas	1
AM-685-P22	PsyrTA	1
AM-685-P22	RM	1
AM-685-P23	Viperin	1
AM-685-P23	RM	4
AM-689-A01	RM	4
AM-689-A01	Cas	2
AM-689-A03	Uzume	1
AM-689-A03	RM	4
AM-689-A05	RM	2
AM-689-A07	Retron	1
AM-689-A08	AbiU	2
AM-689-A08	RM	2
AM-689-A09	AbiE	5
AM-689-A09	SoFic	2
AM-689-A09	SanaTA	3
AM-689-A09	RM	1
AM-689-A10	SoFic	1
AM-689-A10	RM	2
AM-689-A11	PsyrTA	1
AM-689-A11	RM	3
AM-689-A11	Cas	3
AM-689-A13	AbiE	1
AM-689-A13	BREX	1
AM-689-A13	RM	3
AM-689-A13	Cas	1
AM-689-A15	SoFic	1
AM-689-A16	AbiE	2
AM-689-A16	Uzume	1
AM-689-A16	SanaTA	1
AM-689-A16	RM	2
AM-689-A16	Cas	1
AM-689-A17	AbiU	1
AM-689-A17	PsyrTA	1
AM-689-A17	RM	1
AM-689-A18	RL	1
AM-689-A18	RM	1
AM-689-A19	AbiE	6
AM-689-A19	SanaTA	3
AM-689-A19	RM	2
AM-689-A20	Gabija	1
AM-689-A20	AbiE	4
AM-689-A20	PfiAT	1
AM-689-A20	CBASS	1
AM-689-A20	RM	6
AM-689-A21	CBASS	1
AM-689-A21	RM	2
AM-689-A22	AbiU	1
AM-689-A23	AbiD	1
AM-689-A23	RM	3
AM-689-B02	AbiE	1
AM-689-B03	RM	1
AM-689-B04	AbiU	1
AM-689-B04	RM	2
AM-689-B05	RM	1
AM-689-B06	dXTPase	1
AM-689-B06	RM	7
AM-689-B08	BREX	1
AM-689-B09	AbiD	1
AM-689-B09	BREX	1
AM-689-B09	RM	6
AM-689-B09	Cas	1
AM-689-B10	BREX	1
AM-689-B10	RM	5
AM-689-B11	RM	2
AM-689-B13	RM	2
AM-689-B15	AbiU	1
AM-689-B15	Dnd	1
AM-689-B16	RM	4
AM-689-B17	PD-T7-5	1
AM-689-B17	SoFic	2
AM-689-B17	RM	5
AM-689-B18	AbiU	1
AM-689-B18	RM	1
AM-689-B21	AbiE	1
AM-689-B21	RM	1
AM-689-B22	RloC	2
AM-689-B22	AbiE	1
AM-689-B22	PD-T7-2	1
AM-689-B22	pAgo	1
AM-689-B22	RM	4
AM-689-B22	Cas	1
AM-689-B23	Uzume	1
AM-689-B23	RM	2
AM-689-C02	AbiE	4
AM-689-C02	SanaTA	1
AM-689-C02	RM	5
AM-689-C03	RM	2
AM-689-C04	RM	2
AM-689-C05	RloC	1
AM-689-C05	PD-T7-5	1
AM-689-C05	RM	7
AM-689-C06	Shedu	1
AM-689-C06	SoFic	1
AM-689-C06	RM	1
AM-689-C07	AbiL	1
AM-689-C07	AbiE	7
AM-689-C07	Tiamat	2
AM-689-C07	RM	6
AM-689-C08	Hhe	1
AM-689-C08	AbiE	2
AM-689-C08	PD-T7-2	1
AM-689-C08	BREX	1
AM-689-C08	Tiamat	2
AM-689-C08	PfiAT	1
AM-689-C08	RM	4
AM-689-C09	RM	1
AM-689-C10	AbiE	2
AM-689-C10	RM	9
AM-689-C10	Cas	1
AM-689-C11	RM	3
AM-689-C13	RM	4
AM-689-C14	AbiE	4
AM-689-C14	PsyrTA	1
AM-689-C14	SanaTA	1
AM-689-C14	BREX	1
AM-689-C14	SoFic	1
AM-689-C14	RM	4
AM-689-C15	CapRel	1
AM-689-C16	AbiU	1
AM-689-C20	AbiE	1
AM-689-C20	RL	1
AM-689-C21	RloC	1
AM-689-C21	Menshen	1
AM-689-C21	BREX	1
AM-689-C21	Sefir	1
AM-689-C21	RM	9
AM-689-C21	Cas	5
AM-689-D02	SoFic	1
AM-689-D02	RM	2
AM-689-D03	dXTPase	1
AM-689-D03	RM	1
AM-689-D03	Cas	1
AM-689-D04	SoFic	1
AM-689-D05	AbiU	1
AM-689-D05	RM	1
AM-689-D06	AbiE	2
AM-689-D06	RM	5
AM-689-D07	RM	1
AM-689-D10	Menshen	1
AM-689-D10	RosmerTA	1
AM-689-D10	CBASS	1
AM-689-D10	PfiAT	1
AM-689-D10	RM	5
AM-689-D14	AbiE	3
AM-689-D14	ShosTA	1
AM-689-D14	RM	3
AM-689-D14	Cas	3
AM-689-D15	RM	1
AM-689-D16	dXTPase	1
AM-689-D16	DarTG	1
AM-689-D16	RM	2
AM-689-D17	Gabija	1
AM-689-D17	RloC	1
AM-689-D17	PD-T7-2	1
AM-689-D17	Mokosh	1
AM-689-D17	BREX	1
AM-689-D17	CBASS	1
AM-689-D17	RM	9
AM-689-D18	PfiAT	1
AM-689-D18	RM	2
AM-689-D20	PsyrTA	1
AM-689-D20	RM	2
AM-689-D23	RM	2
AM-689-E02	Septu	1
AM-689-E02	RM	1
AM-689-E04	AbiE	1
AM-689-E04	Hachiman	1
AM-689-E04	BREX	1
AM-689-E05	AbiE	1
AM-689-E05	RM	2
AM-689-E06	AbiE	3
AM-689-E06	PsyrTA	1
AM-689-E06	SanaTA	2
AM-689-E07	AbiE	3
AM-689-E07	Borvo	1
AM-689-E07	BREX	1
AM-689-E07	RM	7
AM-689-E07	Cas	1
AM-689-E08	RM	1
AM-689-E09	AbiU	1
AM-689-E10	AbiE	1
AM-689-E10	Wadjet	1
AM-689-E10	PD-T7-2	1
AM-689-E10	SoFic	1
AM-689-E10	RM	4
AM-689-E10	Cas	3
AM-689-E13	dXTPase	1
AM-689-E13	BREX	1
AM-689-E15	PsyrTA	1
AM-689-E15	Shango	1
AM-689-E15	BREX	1
AM-689-E15	Sefir	1
AM-689-E15	RM	11
AM-689-E15	Cas	1
AM-689-E16	AbiD	1
AM-689-E16	BREX	1
AM-689-E16	RM	4
AM-689-E19	Shedu	1
AM-689-E19	Hachiman	1
AM-689-E19	RM	4
AM-689-E21	AbiU	1
AM-689-E21	RM	2
AM-689-E22	SoFic	1
AM-689-E22	Cas	1
AM-689-E23	Lamassu	1
AM-689-E23	RM	1
AM-689-F03	AbiE	1
AM-689-F04	AbiE	1
AM-689-F06	AbiE	6
AM-689-F06	PD-T4-1	1
AM-689-F06	Tiamat	2
AM-689-F06	RM	9
AM-689-F06	Cas	1
AM-689-F07	RM	1
AM-689-F08	Wadjet	1
AM-689-F08	BREX	1
AM-689-F08	RM	3
AM-689-F09	RM	1
AM-689-F10	dXTPase	1
AM-689-F10	DarTG	1
AM-689-F10	pAgo	2
AM-689-F10	RM	8
AM-689-F10	Cas	4
AM-689-F13	AbiJ	1
AM-689-F13	AbiE	3
AM-689-F13	Lamassu	1
AM-689-F13	PsyrTA	1
AM-689-F13	Zorya	1
AM-689-F13	Tiamat	1
AM-689-F13	RM	10
AM-689-F13	Cas	3
AM-689-F18	AbiU	1
AM-689-F18	RM	1
AM-689-F19	RM	6
AM-689-F19	Cas	2
AM-689-F20	dXTPase	1
AM-689-F20	BREX	1
AM-689-F21	dXTPase	1
AM-689-F21	ShosTA	1
AM-689-F21	SoFic	1
AM-689-F21	RM	4
AM-689-F21	Cas	1
AM-689-F22	AbiE	4
AM-689-F22	SoFic	1
AM-689-F22	RM	1
AM-689-F23	AbiE	1
AM-689-F23	AbiP2	1
AM-689-F23	SoFic	1
AM-689-F23	RM	1
AM-689-G02	Septu	1
AM-689-G02	SspBCDE	1
AM-689-G02	SoFic	1
AM-689-G02	RM	1
AM-689-G02	Cas	1
AM-689-G03	AbiU	1
AM-689-G03	RM	1
AM-689-G04	RM	3
AM-689-G06	PsyrTA	1
AM-689-G06	RM	2
AM-689-G07	RM	2
AM-689-G09	AbiU	1
AM-689-G09	RM	1
AM-689-G11	AbiU	1
AM-689-G14	AbiU	1
AM-689-G14	RM	1
AM-689-G16	RloC	1
AM-689-G16	RM	1
AM-689-G17	RM	5
AM-689-G18	RM	4
AM-689-G19	AbiU	1
AM-689-G19	Dnd	1
AM-689-G20	ShosTA	1
AM-689-G20	BREX	2
AM-689-G21	RM	1
AM-689-G22	AbiE	2
AM-689-I02	AbiU	1
AM-689-I02	RM	2
AM-689-I03	AbiE	4
AM-689-I03	BREX	1
AM-689-I03	RM	5
AM-689-I05	AbiD	1
AM-689-I05	Retron	1
AM-689-I05	SoFic	1
AM-689-I05	BREX	1
AM-689-I05	RM	2
AM-689-I08	AbiU	1
AM-689-I08	RM	1
AM-689-I09	AbiE	2
AM-689-I09	AbiD	1
AM-689-I09	AbiL	1
AM-689-I09	Septu	1
AM-689-I09	MqsRAC	1
AM-689-I09	BREX	2
AM-689-I09	CBASS	1
AM-689-I09	RM	4
AM-689-I10	RM	2
AM-689-I13	AbiE	3
AM-689-I13	SanaTA	1
AM-689-I13	RM	4
AM-689-I13	Cas	3
AM-689-I15	SanaTA	1
AM-689-I15	RM	2
AM-689-I15	Cas	1
AM-689-I17	Gabija	1
AM-689-I17	Mokosh	1
AM-689-I17	RM	1
AM-689-I18	RM	1
AM-689-I21	AbiE	2
AM-689-I21	Lamassu	1
AM-689-I21	Septu	1
AM-689-I21	SoFic	3
AM-689-I21	PfiAT	1
AM-689-I21	RM	5
AM-689-I22	Uzume	1
AM-689-J02	AbiE	2
AM-689-J02	RM	2
AM-689-J02	Cas	1
AM-689-J04	AbiU	1
AM-689-J05	AbiE	6
AM-689-J05	Zorya	1
AM-689-J05	SanaTA	3
AM-689-J05	SoFic	2
AM-689-J05	RM	3
AM-689-J06	AbiU	1
AM-689-J06	RM	1
AM-689-J07	AbiL	1
AM-689-J07	Gabija	1
AM-689-J07	AbiE	2
AM-689-J07	DarTG	1
AM-689-J07	BREX	1
AM-689-J07	Eleos	1
AM-689-J07	RM	7
AM-689-J10	ShosTA	1
AM-689-J10	Dnd	1
AM-689-J11	AbiE	3
AM-689-J11	BREX	1
AM-689-J11	RM	2
AM-689-J11	Cas	2
AM-689-J13	SoFic	1
AM-689-J14	RM	2
AM-689-J16	AbiU	1
AM-689-J16	RM	2
AM-689-J17	RM	1
AM-689-J18	RM	2
AM-689-J19	AbiE	4
AM-689-J19	Gabija	1
AM-689-J19	DarTG	1
AM-689-J19	PD-T4-3	1
AM-689-J19	BREX	3
AM-689-J19	Uzume	1
AM-689-J19	RM	8
AM-689-J19	Cas	2
AM-689-J21	AbiE	3
AM-689-J21	SanaTA	1
AM-689-J21	RM	4
AM-689-J21	Cas	1
AM-689-K02	Wadjet	1
AM-689-K02	RM	1
AM-689-K04	RM	5
AM-689-K06	RloC	1
AM-689-K06	Gabija	1
AM-689-K06	RM	7
AM-689-K06	Cas	1
AM-689-K08	Gabija	1
AM-689-K08	AbiL	1
AM-689-K08	AbiD	1
AM-689-K08	BREX	1
AM-689-K08	RM	5
AM-689-K08	Cas	4
AM-689-K09	Dpd	1
AM-689-K09	RM	2
AM-689-K09	Cas	1
AM-689-K10	AbiE	2
AM-689-K10	SoFic	1
AM-689-K10	pAgo	1
AM-689-K10	RM	4
AM-689-K14	RM	2
AM-689-K15	AbiE	1
AM-689-K15	SspBCDE	1
AM-689-K15	RM	1
AM-689-K16	AbiE	1
AM-689-K16	DarTG	1
AM-689-K16	CBASS	1
AM-689-K16	RM	2
AM-689-K16	Cas	1
AM-689-K17	SoFic	1
AM-689-K17	RM	1
AM-689-K18	AbiU	1
AM-689-K18	RM	2
AM-689-K19	PsyrTA	1
AM-689-K19	SanaTA	1
AM-689-K19	SoFic	1
AM-689-K19	RM	1
AM-689-K21	AbiU	1
AM-689-K21	RM	1
AM-689-K22	RM	1
AM-689-K23	RM	1
AM-689-L03	RM	2
AM-689-L03	Cas	1
AM-689-L06	RM	2
AM-689-L07	RM	1
AM-689-L08	AbiU	1
AM-689-L08	RM	3
AM-689-L09	RM	1
AM-689-L10	AbiE	2
AM-689-L10	AbiL	1
AM-689-L10	Dsr	1
AM-689-L10	RnlAB	1
AM-689-L10	RM	6
AM-689-L10	Cas	2
AM-689-L11	Wadjet	1
AM-689-L11	SoFic	2
AM-689-L11	RM	1
AM-689-L13	AbiE	1
AM-689-L13	RM	2
AM-689-L15	RM	1
AM-689-L17	AbiL	1
AM-689-L17	RM	2
AM-689-L19	dXTPase	1
AM-689-L19	CBASS	1
AM-689-L22	AbiE	2
AM-689-L22	RM	4
AM-689-L23	AbiE	1
AM-689-L23	RM	2
AM-689-M03	RM	1
AM-689-M04	AbiL	1
AM-689-M04	dXTPase	1
AM-689-M04	Septu	1
AM-689-M04	AVAST	1
AM-689-M04	Dsr	1
AM-689-M04	Sefir	1
AM-689-M04	RM	2
AM-689-M04	Cas	2
AM-689-M05	SspBCDE	1
AM-689-M05	RM	1
AM-689-M06	RM	1
AM-689-M07	AbiU	1
AM-689-M07	Dnd	1
AM-689-M09	RM	1
AM-689-M10	dXTPase	1
AM-689-M10	RloC	2
AM-689-M10	pAgo	1
AM-689-M16	SoFic	1
AM-689-M17	AbiE	2
AM-689-M17	Uzume	1
AM-689-M17	RM	2
AM-689-M17	Cas	1
AM-689-M18	AbiE	6
AM-689-M18	SanaTA	3
AM-689-M18	SoFic	2
AM-689-M18	RM	2
AM-689-M19	RM	3
AM-689-M20	AbiE	2
AM-689-M20	RM	2
AM-689-M20	Cas	2
AM-689-M22	AbiD	1
AM-689-M22	SanaTA	1
AM-689-M22	SoFic	1
AM-689-M22	RM	4
AM-689-M23	AbiE	1
AM-689-M23	PsyrTA	1
AM-689-M23	SoFic	2
AM-689-M23	RM	1
AM-689-N04	RM	1
AM-689-N05	AbiU	1
AM-689-N05	RM	4
AM-689-N06	PsyrTA	1
AM-689-N06	SoFic	1
AM-689-N06	RM	3
AM-689-N07	AbiU	1
AM-689-N07	RM	2
AM-689-N07	Cas	1
AM-689-N08	RM	1
AM-689-N09	BREX	1
AM-689-N09	RM	6
AM-689-N13	PsyrTA	1
AM-689-N15	Gabija	1
AM-689-N15	AbiE	1
AM-689-N15	PD-T7-2	1
AM-689-N15	BREX	1
AM-689-N15	RM	5
AM-689-N15	Cas	1
AM-689-N16	CapRel	1
AM-689-N17	Septu	1
AM-689-N17	RM	1
AM-689-N18	AbiE	4
AM-689-N18	Shedu	1
AM-689-N18	Ppl	1
AM-689-N18	DRT	1
AM-689-N18	PD-Lambda-1	1
AM-689-N18	Dnd	1
AM-689-N18	RM	6
AM-689-N18	Cas	5
AM-689-N19	AbiE	2
AM-689-N19	RM	2
AM-689-N20	Dnd	1
AM-689-N21	RM	1
AM-689-N22	AbiE	2
AM-689-N22	RloC	1
AM-689-N22	Wadjet	1
AM-689-N22	PD-T7-2	1
AM-689-N22	pAgo	1
AM-689-N22	SoFic	2
AM-689-N22	PfiAT	1
AM-689-N22	RM	12
AM-689-N22	Cas	2
AM-689-N23	AbiU	1
AM-689-N23	RM	2
AM-689-O02	CBASS	1
AM-689-O02	Uzume	1
AM-689-O02	RM	4
AM-689-O03	Lamassu	1
AM-689-O03	RloC	1
AM-689-O03	Eleos	1
AM-689-O03	Cas	1
AM-689-O04	RloC	2
AM-689-O04	RM	4
AM-689-O06	RM	2
AM-689-O07	RM	1
AM-689-O09	SspBCDE	1
AM-689-O09	BREX	1
AM-689-O09	RM	1
AM-689-O10	CapRel	1
AM-689-O10	RM	1
AM-689-O11	RM	1
AM-689-O13	RM	1
AM-689-O14	RM	2
AM-689-O14	Cas	1
AM-689-O15	dXTPase	1
AM-689-O15	RM	5
AM-689-O15	Cas	3
AM-689-O16	PsyrTA	1
AM-689-O17	SoFic	1
AM-689-O17	RM	2
AM-689-O18	dXTPase	1
AM-689-O18	Shedu	1
AM-689-O18	AbiL	1
AM-689-O18	BREX	2
AM-689-O18	RM	3
AM-689-O19	AbiE	3
AM-689-O19	PsyrTA	1
AM-689-O19	SanaTA	2
AM-689-O19	SoFic	2
AM-689-O19	RM	4
AM-689-O21	PsyrTA	1
AM-689-O21	SoFic	1
AM-689-O21	RM	4
AM-689-O21	PrrC	1
AM-689-O22	AbiL	1
AM-689-O22	Hhe	1
AM-689-O22	AbiE	6
AM-689-O22	DarTG	1
AM-689-O22	PD-T7-2	1
AM-689-O22	PfiAT	1
AM-689-O22	RM	9
AM-689-O22	Cas	1
AM-689-P01	AbiE	1
AM-689-P02	Eleos	1
AM-689-P02	RM	2
AM-689-P03	SoFic	1
AM-689-P03	RM	2
AM-689-P05	AbiU	1
AM-689-P05	RM	3
AM-689-P06	ShosTA	1
AM-689-P06	RM	1
AM-689-P07	AbiE	3
AM-689-P07	AbiL	1
AM-689-P07	AbiV	2
AM-689-P07	Dsr	1
AM-689-P07	PfiAT	1
AM-689-P07	RnlAB	1
AM-689-P07	BREX	1
AM-689-P07	SoFic	1
AM-689-P07	RM	7
AM-689-P07	Cas	2
AM-689-P08	AbiE	6
AM-689-P08	Hhe	1
AM-689-P08	DarTG	1
AM-689-P08	PfiAT	1
AM-689-P08	Tiamat	1
AM-689-P08	RM	5
AM-689-P08	Cas	1
AM-689-P09	AbiU	1
AM-689-P14	Wadjet	1
AM-689-P14	PsyrTA	1
AM-689-P14	BREX	1
AM-689-P14	RM	2
AM-689-P15	RloC	1
AM-689-P15	AbiE	2
AM-689-P15	Wadjet	2
AM-689-P15	Azaca	1
AM-689-P15	PD-T7-2	2
AM-689-P15	SoFic	1
AM-689-P15	PfiAT	1
AM-689-P15	RM	13
AM-689-P15	Cas	2
AM-689-P16	dXTPase	2
AM-689-P16	RloC	1
AM-689-P16	RM	4
AM-689-P16	Cas	1
AM-689-P17	RM	1
AM-689-P19	Kiwa	1
AM-689-P19	AbiE	1
AM-689-P19	RM	2
AM-689-P20	AbiD	1
AM-689-P20	RM	1
AM-689-P21	DRT	1
AM-689-P21	RM	1
AH-573-P19	DRT	1
AH-613-I20	TerY	1
AH-613-I20	Mza	1
AH-613-L23	RM	1
AM-184-E15	dXTPase	1
AM-229-D09	Pycsar	1
AH-302-I23	RM	1
AH-470-K05	RM	1
AM-208-K18	dXTPase	1
AH-307-O15	Mza	1
AH-613-K09	Druantia	1
AM-201-A04	DRT	1
AH-613-I03	DRT	1
AH-470-K07	RM	2
AH-470-K07	Mza	2
AH-473-F18	RM	1
AH-473-D18	Pycsar	1
AH-473-D15	dXTPase	1
AH-613-E07	dXTPase	1
AH-562-K18	RM	1
AH-470-P15	RM	1
AH-470-B06	RM	1
AH-302-M20	RM	2
AH-302-M20	dXTPase	1
AM-243-P10	dXTPase	1
AH-573-A21	RM	1
AH-573-A21	dXTPase	1
AM-262-G07	RM	1
AM-201-P03	RM	2
AM-390-F18	AbiE	1
AH-573-A05	dXTPase	1
AH-573-F22	RM	1
AH-611-A17	Septu	1
AH-573-P08	PbeABCD	1
AH-611-I09	RM	2
AM-255-N10	RM	1
AM-280-G02	RM	1
AM-286-I13	RM	1
AM-257-L08	RM	1
AM-257-L08	Pycsar	1
AH-611-J14	Her	1
AM-286-F11	RM	1
AH-611-P16	Mza	1
AM-158-L08	dXTPase	1
AM-286-G09	dXTPase	1
AM-201-L13	Pycsar	1
AM-210-D03	Mza	1
AM-216-P20	dXTPase	1
AM-390-E04	dXTPase	1
AM-187-G05	TerY	1
AM-229-M13	RM	1
AH-305-N21	dXTPase	1
AH-562-J07	Pycsar	1
AM-229-F13	Pycsar	1
AM-184-O15	dXTPase	1
AM-187-M13	RM	2
AM-235-E13	RM	1
AM-235-E13	dXTPase	1
AM-243-A10	Cas	1
AM-247-I04	RM	1
AM-235-A09	RM	1
AM-235-J14	Pycsar	1
AM-225-C19	Hma	1
AH-562-E22	dXTPase	1
AH-562-E22	RM	1
AH-613-F14	RM	1
AM-255-C19	RM	1
AM-257-E08	dXTPase	1
AM-257-E19	RM	1
AM-210-K19	dXTPase	1
AM-229-C11	Cas	1
AM-286-G05	Mza	1
AM-262-F15	dXTPase	1
AM-262-F15	RM	1
AM-264-A13	RM	1
AM-276-J16	RM	1
AM-280-G10	PbeABCD	1
AM-229-M09	Pycsar	1
AM-247-C14	dXTPase	1
AM-257-N02	Mza	1
AM-257-N02	RM	1
AM-262-B20	dXTPase	1
AM-276-N16	AbiE	1
AH-470-A13	Druantia	1
AM-334-L02	Pycsar	1
AM-332-L17	dXTPase	1
AM-255-L05	Mza	1
AM-262-B17	dXTPase	1
AM-276-N14	Druantia	1
AM-284-L10	PbeABCD	1
AH-309-G18	Cas	1
AM-390-E03	Gabija	1
AH-305-J04	Druantia	1
AM-262-B22	dXTPase	1
AM-262-K20	RM	1
AM-284-I14	PbeABCD	1
AM-255-L08	TerY	1
AM-262-F08	PbeABCD	1
AM-262-F09	dXTPase	1
AM-334-P06	RM	1
AM-206-D20	RM	1
AM-284-I13	RM	1
AM-284-O15	RM	1
AM-388-J13	RM	1
AM-388-J13	Pif	1
AM-390-E06	AbiE	2
AH-302-G21	RM	1
AM-388-J10	AbiE	1
AM-388-J10	Her	1
AM-388-J10	AbiL	1
AM-332-L20	dXTPase	1
AG-538-N14	dXTPase	1
AH-470-G15	RM	1
AH-611-N23	RM	1
AM-243-E11	TerY	1
AM-243-O11	RM	1
AM-247-N21	dXTPase	1
AG-538-O19	Mza	1
AH-573-O11	RM	1
AH-613-J19	AbiE	1
AM-164-M06	dXTPase	1
AM-181-L19	AbiE	1
AM-243-O16	RM	1
AM-243-O16	dXTPase	1
AH-305-I13	Mza	1
AM-390-I18	AbiE	1
AM-390-I18	dXTPase	1
AH-307-L16	PbeABCD	1
AH-309-I14	RM	1
AH-573-D03	dXTPase	1
AM-255-P02	RM	1
AH-562-D04	TerY	1
AH-573-G21	RM	1
AH-611-N15	RM	1
AM-187-J07	dXTPase	1
AM-187-J07	RM	1
AH-573-O15	RM	1
AH-613-K20	RM	1
AM-161-G09	AbiE	1
AM-161-G09	Mza	1
AH-562-A08	Mza	1
AM-225-G06	Pycsar	1
AM-184-A19	RM	1
AM-201-C17	dXTPase	1
AM-161-K23	dXTPase	1
AM-164-M04	Cas	1
AM-201-J21	RM	1
AM-201-O15	dXTPase	1
AM-181-E22	DRT	1
AM-201-F04	RM	1
AM-208-L16	Hma	1
AM-235-D14	RM	1
AM-249-C16	dXTPase	1
AM-249-C16	RM	2
AM-201-F11	RM	1
AM-388-I16	AbiE	1
AM-225-A10	TerY	2
AM-332-E05	dXTPase	1
AM-390-N15	AbiE	1
AM-276-M11	RM	1
AM-262-C20	dXTPase	1
AM-257-J03	RM	1
AM-187-P01	RM	1
AM-210-E05	dXTPase	1
AM-249-G20	Hma	1
AM-255-F16	dXTPase	1
AM-255-F18	dXTPase	1
AM-216-L17	PbeABCD	1
AM-216-F17	Mza	1
AM-225-B16	Druantia	1
AM-257-E14	dXTPase	1
AM-229-B04	RM	1
AM-229-B04	Druantia	1
AM-243-O10	Pycsar	1
AM-247-K11	RM	1
AM-280-M05	dXTPase	1
AM-243-E07	RM	1
AM-284-A22	dXTPase	1
AH-302-K17	RM	1
AM-262-O15	Pycsar	1
AM-249-M18	AbiE	1
AM-255-F08	RM	1
AH-302-A07	dXTPase	1
AH-302-A07	RM	1
AM-388-N06	AbiE	1
AM-288-I11	RM	1
AM-288-K21	RM	1
AM-255-B14	dXTPase	1
AM-255-B14	RM	1
AH-470-G07	dXTPase	1
AM-332-M18	RM	1
AM-332-M21	RM	1
AH-309-F09	Mza	1
AH-613-N08	dXTPase	1
AM-284-F08	dXTPase	1
AG-538-N21	RM	1
AM-288-B22	dXTPase	1
AM-288-B22	RM	1
AM-288-G14	dXTPase	1
AM-288-L03	Pycsar	1
AM-184-F22	RM	1
AG-538-K03	RM	1
AH-307-I10	PbeABCD	1
AH-309-F22	Cas	1
AM-216-D02	Pycsar	1
AM-216-C16	RM	1
AM-216-C16	dXTPase	2
AM-225-P17	dXTPase	1
AH-611-M06	DRT	1
AH-611-M06	Zorya	1
AM-388-I22	Cas	1
AM-388-I22	AbiE	1
AH-307-C17	RM	1
AM-388-D08	AbiE	2
AH-573-A13	pAgo	1
AM-390-J13	AbiE	1
AM-235-C05	dXTPase	1
AM-249-L18	Mza	1
AM-247-N16	Zorya	1
AM-257-A17	RM	1
AH-470-G04	RM	1
AH-305-D06	RM	1
AM-390-M20	dXTPase	1
AH-309-O05	RM	1
AH-309-O05	dXTPase	1
AM-161-N06	RM	1
AM-264-C11	RM	1
AM-388-I18	dXTPase	1
AH-470-L04	RM	1
AH-473-O08	RM	1
AM-243-F17	DRT	1
AM-243-F17	Mza	1
AM-161-N04	AbiE	1
AM-164-B22	dXTPase	1
AH-307-C18	dXTPase	1
AH-562-K07	dXTPase	1
AH-309-O07	RM	1
AH-470-G05	dXTPase	1
AH-562-A15	RM	1
AH-473-N15	RM	1
AM-276-D05	RM	1
AM-284-I18	RM	1
AM-286-K02	dXTPase	1
AM-164-P04	RM	1
AM-201-A14	RM	1
AM-210-M19	RM	1
AM-225-J11	Dnd	1
AM-184-A06	RM	1
AM-243-L16	RM	1
AM-216-C23	dXTPase	1
AM-235-M03	Viperin	1
AM-243-M14	Pycsar	1
AM-184-L07	RM	2
AM-201-A23	RM	1
AM-164-L14	RM	1
AM-164-L14	dXTPase	1
AM-276-J17	AbiL	1
AM-276-J17	Her	1
AM-181-M10	RM	1
AM-257-B04	Viperin	1
AM-257-B04	RM	1
AM-206-A19	dXTPase	1
AM-243-E15	Druantia	1
AM-208-L03	RM	1
AM-201-L20	dXTPase	1
AM-216-N22	dXTPase	1
AM-288-K07	dXTPase	1
AM-332-J23	Pycsar	1
AM-334-I17	Pycsar	1
AM-249-I05	RM	1
AM-249-I05	dXTPase	1
AM-208-A01	dXTPase	1
AM-216-M19	DRT	1
AM-334-E06	Mza	1
AM-210-A17	Mza	1
AM-210-A17	dXTPase	1
AM-229-K09	Pycsar	1
AM-210-O08	AbiE	1
AM-225-A19	RM	1
AM-249-C19	dXTPase	1
AM-243-A23	dXTPase	1
AM-243-E21	Pycsar	1
AM-284-C03	dXTPase	1
AM-235-F22	RM	1
AM-390-O08	dXTPase	1
AH-305-P02	RM	1
AM-276-B07	AbiE	1
AM-288-O05	Pycsar	1
AM-225-K11	RM	1
AM-247-P01	Pycsar	1
AM-264-D02	RM	1
AH-305-J18	dXTPase	1
AH-307-K21	PbeABCD	1
AM-225-A23	dXTPase	1
AM-247-G05	dXTPase	1
AH-573-F17	dXTPase	1
AM-255-J03	RM	1
AM-262-N09	Pycsar	1
AM-280-K14	Dpd	1
AM-332-C10	RM	1
AH-573-L07	Cas	1
AH-573-P18	RM	1
AM-262-N22	dXTPase	1
AM-276-J13	RM	1
AM-276-J13	dXTPase	1
AM-257-O06	dXTPase	1
AM-257-O06	RM	1
AM-158-L11	RM	1
AM-390-G13	Viperin	1
AM-388-N11	Pycsar	1
AM-288-D03	dXTPase	1
AM-388-E21	dXTPase	1
AM-388-J04	AbiE	1
AM-388-J07	GAO_29	1
AM-388-J07	Zorya	1
AM-276-N05	Pycsar	1
AM-280-J20	Zorya	1
AH-473-A15	RM	1
AM-288-O02	RM	1
AM-284-C04	PbeABCD	1
AH-473-N09	RM	1
AH-473-N09	dXTPase	1
AH-562-K21	RM	1
AH-562-L03	dXTPase	1
AH-562-L03	RM	1
AM-334-M07	RM	1
AM-334-M07	dXTPase	1
AM-390-A09	PbeABCD	1
AM-390-A09	Mza	1
AM-332-N03	RM	1
AM-388-A15	AbiE	2
AG-538-L06	RM	1
AH-613-F07	RM	1
AM-284-C08	DRT	1
AM-284-C08	PbeABCD	1
AM-332-F13	dXTPase	1
AM-286-O17	dXTPase	1
AM-332-C03	dXTPase	1
AM-332-C03	RM	1
AM-334-I18	Pycsar	1
AH-309-C07	RM	1
AM-216-K19	RM	1
AM-235-E09	RM	1
AM-235-J05	Mza	1
AM-235-J05	DRT	1
AM-390-L04	AbiE	1
AH-302-I04	RM	1
AH-613-F09	dXTPase	1
AH-562-F22	DRT	2
AH-302-K13	RM	1
AH-302-K13	dXTPase	1
AH-470-P23	RM	1
AH-562-L06	RM	1
AH-611-I17	dXTPase	1
AH-573-K03	RM	1
AH-470-O02	dXTPase	1
AM-280-C02	dXTPase	1
AM-280-G03	Cas	1
AM-181-M17	RM	1
AM-201-L04	RM	1
AM-158-P11	Cas	1
AM-235-I20	PbeABCD	1
AM-249-A01	dXTPase	1
AM-184-B06	RM	1
AM-184-K18	RM	1
AM-184-K18	dXTPase	1
AM-332-I04	RM	1
AM-388-O04	AbiE	1
AM-332-K20	RM	1
AM-332-K20	Wadjet	1
AM-390-A10	AbiE	1
AM-390-A10	PbeABCD	1
AH-309-L04	dXTPase	1
AH-309-L04	Pycsar	1
AM-332-P08	Dpd	1
AM-247-O11	RM	1
AM-284-M03	Pycsar	1
AM-288-L16	TerY	1
AH-305-O15	RM	1
AM-288-I16	RM	1
AM-288-I16	Pycsar	1
AM-334-D07	Pycsar	1
AM-286-E13	dXTPase	1
AM-332-P03	dXTPase	1
AM-332-F16	RM	1
AM-187-O02	RM	1
AM-187-O02	dXTPase	1
AH-302-G07	PbeABCD	1
AM-388-C10	AbiE	1
AM-181-D13	GAO_29	1
AM-334-M04	DRT	1
AH-470-E13	dXTPase	1
AH-305-A04	dXTPase	2
AG-538-M02	Zorya	1
AH-573-J04	dXTPase	1
AH-613-I10	RM	1
AH-302-P08	RM	1
AH-562-A22	dXTPase	1
AH-470-F08	dXTPase	1
AH-470-N10	dXTPase	1
AM-247-J07	RM	1
AM-247-J07	dXTPase	1
AM-243-G04	RM	1
AM-390-A08	Gabija	1
AM-390-A08	AbiE	1
AH-562-A18	PbeABCD	1
AM-164-N21	dXTPase	1
AM-181-D14	AbiE	1
AM-184-A02	dXTPase	1
AH-613-I09	dXTPase	1
AH-613-I09	RM	1
AM-158-N08	Druantia	1
AM-164-A08	dXTPase	1
AH-307-L08	Mza	1
AM-288-A03	TerY	1
AM-210-E16	Pycsar	1
AM-181-P16	RM	1
AM-390-C11	Viperin	1
AM-164-A09	dXTPase	1
AM-262-I06	dXTPase	1
AM-276-L16	Zorya	1
AM-280-N10	RM	1
AM-210-E10	RM	1
AM-235-L22	PbeABCD	1
AM-184-M03	Mza	1
AM-388-E06	AbiE	1
AM-181-D11	RM	1
AM-184-L16	Zorya	1
AM-161-D03	PbeABCD	1
AM-225-L14	dXTPase	1
AM-225-L14	RM	1
AM-259-G20	dXTPase	1
AM-284-N10	Druantia	1
AM-286-C14	PbeABCD	1
AM-288-K18	dXTPase	1
AM-187-M11	PbeABCD	1
AM-206-B14	dXTPase	1
AM-206-C05	Druantia	1
AM-257-F03	dXTPase	1
AM-187-N14	PbeABCD	1
AM-206-N17	RM	1
AM-262-C16	Pycsar	1
AH-305-B03	dXTPase	1
AM-187-N05	Dpd	1
AM-280-I21	Mza	1
AM-276-G05	RM	1
AM-388-E09	AbiE	2
AM-181-O15	dXTPase	1
AM-181-O15	AbiE	1
AM-247-B07	DRT	2
AM-247-O05	Cas	1
AM-288-F06	RM	1
AM-332-B02	dXTPase	1
AM-249-J23	RM	1
AM-235-P11	dXTPase	1
AM-255-B04	Mza	1
AM-262-I09	RM	1
AM-201-G16	RM	1
AH-305-O22	RM	1
AH-470-A03	RM	1
AM-262-J07	dXTPase	1
AM-264-G13	dXTPase	1
AH-470-I07	dXTPase	1
AM-164-G22	dXTPase	1
AM-280-A17	RM	1
AM-286-M09	dXTPase	1
AM-286-M09	RM	1
AM-334-O04	RM	1
AH-305-L16	dXTPase	1
AM-286-D14	Pycsar	2
AM-235-N11	RM	1
AM-257-B02	dXTPase	1
AM-332-F11	RM	2
AH-473-B22	dXTPase	1
AG-538-L11	RM	1
AM-334-J11	RM	1
AM-332-A13	Pycsar	1
AM-284-E04	RM	1
AH-573-J09	RM	1
AM-390-C13	Zorya	1
AM-390-M07	AbiE	1
AM-288-P17	RM	1
AH-307-O21	Druantia	1
AH-562-K08	RM	1
AM-206-G18	dXTPase	1
AM-164-B21	RM	1
AM-229-D08	Viperin	1
AM-164-I03	RM	2
AM-181-A10	dXTPase	1
AH-573-O17	dXTPase	1
AM-388-L05	AbiE	1
AM-388-L05	dXTPase	1
AH-573-A08	RM	1
AH-611-J16	dXTPase	1
AM-201-D14	RM	2
AM-208-B20	RM	1
AM-208-J07	RM	1
AM-257-A22	RM	1
AM-210-M13	dXTPase	1
AM-247-N13	RM	1
AH-302-L19	RM	1
AH-309-E08	RM	2
AH-470-J13	dXTPase	1
AH-470-I22	dXTPase	1
AM-255-L21	dXTPase	1
AH-611-M19	PrrC	1
AH-611-M19	Zorya	1
AM-187-G03	Zorya	1
AM-206-K18	RM	1
AM-208-J20	dXTPase	1
AM-208-J20	RM	1
AM-288-I22	RM	1
AH-562-A20	dXTPase	1
AH-611-O06	Pycsar	1
AH-611-N03	Pycsar	1
AH-611-N03	RM	2
AM-206-J15	dXTPase	1
AM-262-M11	Pycsar	1
AM-216-C21	RM	1
AM-284-E05	AbiE	1
AM-390-D17	PbeABCD	1
AH-470-O15	dXTPase	1
AM-229-N06	dXTPase	1
AM-255-G08	Cas	1
AM-201-O05	Mza	1
AM-225-E20	RM	1
AM-249-D06	RM	1
AM-249-D14	RM	1
AM-216-D20	RM	1
AM-388-F07	Druantia	1
AM-259-K07	AbiE	1
AM-334-P02	RM	1
AM-262-M18	Pycsar	1
AM-262-O05	dXTPase	1
AM-255-L22	dXTPase	1
AM-257-M17	dXTPase	1
AM-334-A01	dXTPase	1
AM-243-P16	DRT	1
AM-243-P16	RM	1
AM-259-D17	RM	2
AM-264-P08	dXTPase	1
AM-255-F05	RM	2
AM-255-F05	Pycsar	1
AM-257-B19	RM	1
AM-332-A16	dXTPase	1
AM-184-G14	dXTPase	1
AH-305-I08	RM	1
AH-305-O09	RM	1
AM-284-E07	RM	1
AM-334-E21	RM	1
AM-334-E21	dXTPase	1
AM-334-O18	dXTPase	1
AM-390-D18	AbiE	1
AM-388-L10	Cas	1
AM-388-L13	Zorya	1
AH-562-K23	PbeABCD	1
AM-286-P03	RM	1
AM-286-P03	dXTPase	1
AH-562-B05	dXTPase	1
AH-613-K21	RM	1
AH-613-L16	DRT	1
AM-276-F13	GAO_29	1
AM-332-K08	dXTPase	1
AG-538-O05	RM	1
AG-538-M11	dXTPase	1
AM-388-P19	AbiE	1
AG-538-O07	dXTPase	1
AM-229-P19	Pycsar	1
AM-288-E03	RM	1
AM-334-O11	RM	1
AM-334-O11	dXTPase	1
AG-538-M14	PbeABCD	1
AH-562-G22	RM	1
AM-284-P08	RM	1
AM-158-L16	dXTPase	1
AH-305-E16	Zorya	1
AH-305-E16	RM	1
AH-473-E11	RM	1
AH-473-E11	dXTPase	1
AH-562-I14	Pycsar	1
AH-573-N21	dXTPase	1
AM-334-E04	RM	1
AH-309-D05	RM	1
AM-286-D03	Pycsar	1
AM-284-M18	PbeABCD	1
AM-284-A20	PbeABCD	1
AM-334-C02	RM	1
AM-334-L13	RM	1
AH-613-L15	RM	1
AH-613-L15	dXTPase	1
AM-187-L14	dXTPase	1
AM-201-B10	RM	1
AH-611-N17	Mza	1
AM-216-L05	dXTPase	1
AM-243-B14	Pycsar	1
AM-164-L21	RM	1
AM-206-E22	dXTPase	1
AM-390-J10	AbiE	1
AM-390-J10	dXTPase	1
AM-184-G13	RM	1
AM-184-G13	dXTPase	1
AM-208-B10	dXTPase	1
AM-161-C06	RM	1
AM-161-C06	dXTPase	1
AM-255-O05	dXTPase	1
AM-164-M10	Mza	1
AM-164-M10	Druantia	1
AM-184-G17	RM	1
AM-210-B05	RM	1
AM-187-C22	RM	1
AM-390-C16	RM	1
AM-390-I07	dXTPase	1
AH-470-D03	RM	1
AM-187-C13	dXTPase	1
AM-187-C13	RM	1
AM-187-C17	dXTPase	1
AM-201-I21	Mza	1
AM-208-K03	Mza	1
AH-573-N23	RM	1
AH-473-I07	RM	1
AM-262-A05	RM	1
AM-276-G17	PbeABCD	2
AM-288-O14	dXTPase	1
AM-332-A11	RM	1
AM-332-A11	dXTPase	1
AM-332-F20	dXTPase	1
AM-235-L07	Mza	1
AM-225-I08	Pycsar	1
AM-255-N16	RM	1
AM-334-B21	dXTPase	1
AM-390-O21	Mza	1
AM-332-G04	Mza	1
AM-249-K17	DRT	1
AM-249-K17	RM	1
AM-259-B04	Viperin	1
AM-264-E23	dXTPase	1
AM-201-M13	RM	1
AM-208-B14	Zorya	1
AM-255-O03	DRT	1
AM-235-L04	DRT	1
AM-216-E02	Pycsar	1
AM-255-C10	dXTPase	1
AM-255-I22	RM	1
AM-259-O20	Mza	1
AM-243-P07	dXTPase	1
AM-255-O04	Druantia	1
AM-388-D15	Mza	1
AM-286-I19	RM	1
AM-286-N04	Dnd	1
AM-286-N23	Pycsar	1
AM-249-E07	RM	1
AH-611-C18	RM	1
AH-613-N13	dXTPase	1
AM-247-F03	dXTPase	1
AM-388-P02	AbiE	1
AH-573-O02	RM	1
AM-388-J22	Mza	1
AM-332-F18	dXTPase	1
AH-611-O23	Zorya	1
AM-332-M04	RM	1
AM-388-K02	dXTPase	1
AM-388-K02	AbiE	1
AM-286-I21	Pycsar	1
AM-288-C23	Pycsar	1
AM-390-O03	Mza	2
AH-305-D04	dXTPase	1
AH-573-N04	RM	1
AM-210-M05	RM	1
AM-216-K14	RM	1
AM-235-O04	dXTPase	1
AM-286-I18	Pycsar	1
AM-164-K13	RM	1
AM-229-A18	Pycsar	1
AM-284-M19	dXTPase	1
AM-284-M19	Hma	1
AM-388-D10	dXTPase	1
AM-388-D13	Hma	1
AH-470-O11	Hma	1
AH-573-M19	RM	1
AM-334-M17	RM	2
AM-262-D04	dXTPase	1
AM-262-D04	Mza	1
AM-262-D04	RM	1
AM-208-O17	RM	1
AH-470-L13	Pycsar	1
AH-611-O07	Zorya	1
AH-611-O07	AbiE	1
AH-613-F05	dXTPase	1
AM-229-J07	PbeABCD	1
AM-235-B11	dXTPase	1
AM-216-K02	DRT	1
AM-161-O19	RM	1
AM-184-N10	Mza	1
AM-249-K07	PbeABCD	1
AM-284-C05	PbeABCD	1
AM-229-A04	Pycsar	1
AM-247-M03	RM	1
AM-164-P17	Mza	2
AM-181-G07	dXTPase	1
AM-187-I03	dXTPase	1
AM-201-A10	dXTPase	1
AM-225-L02	RM	1
AG-538-L21	dXTPase	1
AH-302-J11	DRT	1
AM-243-D20	RM	1
AM-201-J11	dXTPase	1
AH-305-F04	RM	1
AM-216-K23	Viperin	1
AM-257-M05	dXTPase	1
AM-257-M05	RM	1
AM-225-A04	Hma	1
AM-225-J02	dXTPase	1
AM-161-G17	DRT	1
AM-390-N16	dXTPase	1
AM-187-K11	dXTPase	1
AM-390-N17	Zorya	1
AH-302-P11	dXTPase	1
AH-302-A17	Druantia	1
AM-210-E04	Cas	2
AM-210-E04	AbiE	1
AM-210-E02	Cas	1
AM-229-G10	RM	1
AM-235-C06	Mza	1
AM-286-A11	Pycsar	1
AM-187-E09	Dnd	1
AM-225-C22	RM	1
AM-262-G03	RM	1
AH-562-L17	RM	1
AH-613-E20	dXTPase	1
AH-613-E20	Mza	1
AM-264-M02	RM	1
AM-184-P13	RM	1
AM-201-E20	dXTPase	1
AM-243-L09	RM	1
AM-235-G16	Pycsar	1
AM-235-G16	TerY	1
AM-284-C11	RM	1
AM-210-M15	Druantia	1
AM-210-M15	CBASS	1
AM-249-B06	Mza	1
AM-257-A19	Pycsar	1
AM-225-P15	RM	1
AM-229-A10	Pycsar	1
AM-255-B11	dXTPase	1
AM-243-A16	RM	1
AM-243-A16	dXTPase	1
AM-243-F14	RM	1
AM-243-L14	dXTPase	1
AM-243-L14	RM	1
AM-262-G05	dXTPase	1
AM-284-I03	RM	1
AM-286-N05	PbeABCD	1
AM-334-I03	Pycsar	1
AM-334-L20	dXTPase	1
AM-280-N09	RM	1
AM-249-F23	Mza	1
AM-280-C14	RM	1
AM-280-C14	dXTPase	1
AM-158-I13	dXTPase	1
AM-257-F20	Cas	1
AM-262-M05	dXTPase	1
AM-390-J15	Druantia	1
AM-390-J15	dXTPase	1
AH-302-D08	RM	1
AM-390-J22	dXTPase	1
AM-286-A09	RM	2
AM-286-J18	Pycsar	1
AM-259-A18	RM	1
AM-262-N13	Druantia	1
AH-309-L06	dXTPase	1
AH-470-D09	dXTPase	1
AM-334-D05	PbeABCD	1
AM-334-D05	Dnd	1
AM-216-A17	dXTPase	1
AM-249-J02	RM	1
AM-288-M07	RM	1
AM-334-J04	Pycsar	1
AM-187-F18	Pycsar	1
AM-264-C13	dXTPase	1
AM-255-E09	dXTPase	1
AM-286-M02	Mza	1
AM-332-P04	RM	1
AM-332-P04	dXTPase	1
AM-390-A23	AbiE	1
AM-262-G17	Pycsar	1
AM-181-A19	dXTPase	1
AM-187-B13	PbeABCD	1
AM-187-E15	dXTPase	1
AM-206-L18	dXTPase	1
AM-235-A06	dXTPase	1
AM-257-C06	dXTPase	1
AM-332-N23	dXTPase	1
AM-210-B15	RM	1
AM-390-E22	Mza	1
AM-280-L20	RM	1
AH-611-K11	Her	1
AM-164-C21	dXTPase	1
AM-164-C21	RM	1
AM-388-N16	AbiE	1
AM-388-N16	Zorya	1
AM-390-B04	DRT	1
AH-309-O18	dXTPase	1
AH-473-J23	dXTPase	1
AH-562-N11	dXTPase	1
AM-201-J09	RM	1
AM-208-G19	RM	1
AM-208-I11	dXTPase	1
AM-284-J20	dXTPase	1
AM-284-L21	RM	1
AM-161-A05	AbiE	1
AH-611-A20	dXTPase	1
AH-562-M22	RM	1
AM-216-N04	dXTPase	1
AH-613-J20	RM	1
AH-562-L13	dXTPase	1
AH-562-L13	RM	1
AM-276-K19	RM	1
AM-276-K19	Pycsar	1
AM-276-K23	Hma	1
AM-229-C20	RM	1
AM-235-J23	Pycsar	1
AM-332-C11	Pycsar	1
AM-201-I18	RM	1
AM-249-A09	Zorya	1
AM-249-A09	Wadjet	1
AM-255-O11	RM	2
AH-470-P19	RM	1
AH-562-M08	RM	1
AM-216-A19	Pycsar	1
AM-286-M04	RM	1
AM-259-L05	RM	1
AM-334-D04	RM	1
AM-390-E14	RM	1
AG-538-N13	RM	1
AM-264-F18	dXTPase	1
AH-307-I06	RM	1
AH-302-K03	Hma	1
AM-284-A07	RM	1
AM-161-P21	Thoeris	1
AM-216-N05	dXTPase	1
AM-332-C14	dXTPase	1
AH-613-J09	dXTPase	1
AH-613-J09	RM	1
AM-276-F09	dXTPase	1
AM-286-M14	RM	1
AM-264-D05	Cas	1
AM-184-P01	RM	1
AM-208-F10	RM	1
AM-334-B05	Pycsar	1
AM-334-B05	RM	1
AM-247-G20	RM	1
AH-307-G21	dXTPase	1
AM-259-J05	dXTPase	1
AM-184-I19	Hma	1
AH-613-B21	dXTPase	1
AM-184-I22	Druantia	1
AM-201-D02	RM	1
AM-158-M17	dXTPase	1
AM-158-M17	RM	1
AM-276-D08	PbeABCD	1
AM-276-D08	Pycsar	2
AM-247-J10	RM	1
AM-390-D09	AbiE	1
AM-390-D09	PbeABCD	1
AM-390-D09	Viperin	1
AM-216-B09	RM	2
AM-216-A06	RM	1
AM-332-D02	RM	1
AM-388-I02	AbiE	1
AM-264-F13	RM	3
AH-573-K20	dXTPase	1
AM-390-K04	dXTPase	1
AM-158-M21	Mza	1
AM-334-A17	Pycsar	1
AM-181-E14	RM	2
AM-206-K21	RM	1
AM-206-K21	dXTPase	1
AM-284-J14	RM	1
AM-334-E15	RM	1
AM-216-E23	RM	1
AM-257-B14	RM	1
AM-390-K05	dXTPase	1
AM-158-M22	RM	2
AM-206-I16	dXTPase	1
AM-164-C14	RM	1
AM-235-L20	Mza	1
AM-334-A11	dXTPase	1
AM-225-J22	Druantia	1
AM-225-J22	dXTPase	1
AM-225-J22	RM	2
AM-276-L02	AbiE	1
AM-255-B08	Pycsar	1
AM-249-I07	Pycsar	1
AG-538-P19	RM	1
AH-573-N03	RM	2
AM-225-C23	RM	1
AM-216-E21	Mza	1
AM-216-D03	dXTPase	1
AM-280-F18	PbeABCD	1
AM-332-P01	dXTPase	1
AM-243-I02	dXTPase	1
AM-334-G22	dXTPase	1
AM-388-G07	Cas	1
AM-181-M21	Druantia	1
AH-573-F13	Pycsar	1
AH-573-F03	Pycsar	1
AM-249-G11	PbeABCD	1
AM-259-D22	RM	1
AM-259-D22	Thoeris	1
AM-208-L13	dXTPase	1
AM-243-P05	TerY	1
AH-309-J13	dXTPase	1
AM-332-M13	dXTPase	1
AM-276-J20	RM	1
AM-276-J20	dXTPase	1
AM-334-M20	RM	1
AM-334-M20	dXTPase	1
AH-611-J11	dXTPase	1
AM-225-M18	Pycsar	1
AM-229-M10	Pycsar	1
AM-388-I21	AbiE	3
AH-309-K21	dXTPase	1
AH-309-K21	RM	1
AH-473-J19	Pycsar	1
AM-259-E22	RM	1
AM-334-C11	RM	1
AM-334-C11	Pycsar	1
AH-470-A20	RM	1
AM-388-I07	dXTPase	1
AM-259-N02	RM	1
AH-562-I09	dXTPase	1
AH-562-I09	RM	1
AM-216-F09	RM	2
AM-390-A11	AbiE	1
AM-390-A11	dXTPase	1
AM-201-B19	Mza	1
AM-276-I20	DRT	1
AM-276-I20	Mza	1
AM-276-J08	Pycsar	1
AM-286-F02	dXTPase	1
AM-288-K03	RM	1
AM-259-P15	RM	2
AM-184-C20	Hma	1
AM-216-E19	RM	1
AM-243-C14	RM	1
AM-288-J07	dXTPase	1
AM-334-B07	RM	1
AM-334-C09	dXTPase	1
AM-334-C09	RM	1
AM-247-K16	Mza	1
AM-247-K16	dXTPase	1
AM-243-O15	RM	1
AM-181-G17	PbeABCD	1
AM-334-K13	Pycsar	1
AM-388-G15	dXTPase	1
AM-388-G15	Pif	1
AM-184-F02	RM	1
AM-184-F02	dXTPase	1
AM-259-G09	RM	1
AM-264-A09	RM	1
AM-264-A09	dXTPase	1
AM-262-A13	dXTPase	1
AM-216-F21	Pycsar	1
AM-257-P16	RM	1
AM-390-A03	dXTPase	1
AH-470-P14	RM	1
AM-259-N04	DRT	1
AM-235-O10	RM	1
AM-257-D13	RM	1
AM-284-E11	PbeABCD	1
AM-210-E21	RM	1
AM-257-P11	RM	1
AM-257-E17	RM	1
AM-249-I22	RM	1
AM-249-I22	Cas	1
AM-288-C04	TerY	1
AM-388-C22	AbiE	1
AM-284-A09	Hma	1
AM-262-K10	RM	1
AM-264-A15	dXTPase	1
AM-388-D05	Viperin	1
AM-208-C15	Zorya	1
AM-216-O06	RM	1
AM-390-N10	Ppl	1
AM-390-N10	PbeABCD	1
AM-229-B10	Mza	1
AM-235-A18	Pycsar	1
AM-225-M03	RM	1
AM-225-M03	PbeABCD	1
AM-264-J19	Mza	1
AM-249-N23	RM	1
AM-225-G18	RM	1
AM-229-G08	Pycsar	1
AM-390-F14	AbiE	1
AM-388-C19	AbiE	1
AM-332-I14	RM	1
AM-264-O20	RM	1
AM-388-C23	AbiE	2
AM-388-C23	Iet	1
AM-390-N09	AbiE	1
AM-334-G21	Dpd	1
AM-280-J15	Pycsar	1
AM-280-K05	Mza	1
AH-562-C02	RM	1
AM-332-F21	RM	1
AM-388-O17	RM	1
AM-208-E13	dXTPase	1
AM-208-E13	Mza	1
AM-161-L19	RM	1
AH-470-I16	RM	1
AM-243-N09	GAO_29	1
AM-210-G11	AbiE	1
AM-225-C08	RM	1
AM-158-N11	Hma	1
AM-225-I11	Cas	1
AM-257-P04	Hma	1
AM-276-L11	Mza	1
AM-225-C11	Pycsar	1
AH-307-L11	RM	1
AH-307-L11	dXTPase	1
AH-611-A22	Pycsar	1
AM-288-L21	Dnd	1
AM-332-I16	Mza	2
AM-259-O18	RM	1
AM-264-A21	Mza	1
AM-286-L15	PbeABCD	1
AH-562-D13	dXTPase	1
AM-388-B10	RM	1
AM-201-K21	dXTPase	1
AM-276-L08	RM	1
AM-255-C22	dXTPase	1
AM-276-E16	RM	1
AM-280-G20	Pycsar	1
AM-286-P21	Druantia	1
AH-573-A18	RM	1
AH-562-I16	PbeABCD	1
AM-264-E02	RM	1
AM-164-O08	RM	1
AM-181-P04	Pycsar	1
AM-158-L19	RM	2
AH-611-P17	dXTPase	1
AM-158-K22	RM	2
AH-562-I03	RM	1
AH-562-I03	Pycsar	1
AM-249-D02	dXTPase	1
AM-255-E08	dXTPase	1
AM-216-J15	dXTPase	1
AH-309-I10	dXTPase	1
AH-309-I10	RM	1
AH-470-N15	RM	1
AM-259-I17	Thoeris	1
AM-259-C23	dXTPase	1
AM-284-A18	dXTPase	1
AM-276-P13	DRT	1
AM-286-A06	dXTPase	1
AM-286-K09	dXTPase	1
AM-286-K09	RM	1
AM-390-G15	dXTPase	1
AM-286-K16	DRT	1
AM-286-K16	Mza	1
AH-470-D05	RM	1
AM-286-D11	dXTPase	1
AM-332-C05	Mza	1
AM-332-C05	RM	1
AM-332-C05	Zorya	1
AM-216-L07	Pycsar	1
AM-276-E03	RM	2
AM-332-O09	RM	1
AM-164-C13	RM	1
AM-243-D05	Mza	1
AM-286-D21	Pycsar	1
AM-210-O17	Pycsar	1
AM-332-B03	RM	1
AM-249-A21	RM	1
AM-276-O09	Mza	1
AM-164-J04	dXTPase	1
AM-181-F11	dXTPase	1
AM-181-F11	RM	1
AM-216-M16	RM	1
AH-305-B22	Mza	2
AM-390-D10	Zorya	1
AM-388-N17	Hma	1
AM-255-O15	dXTPase	1
AH-305-A19	RM	1
AM-390-N05	dXTPase	1
AM-161-A21	Pycsar	1
AM-390-O23	dXTPase	1
AH-470-L05	RM	1
AH-562-I17	RM	1
AM-390-E21	dXTPase	1
AH-611-K23	Pycsar	1
AM-257-C15	dXTPase	1
AM-257-C15	RM	1
AH-573-A04	dXTPase	1
AH-573-A04	RM	1
AM-284-N09	RM	1
AH-470-G14	RM	1
AM-334-E18	dXTPase	1
AM-334-N10	RM	1
AM-388-I15	RM	1
AH-473-F04	dXTPase	1
AM-243-G19	Zorya	1
AM-332-C20	dXTPase	1
AM-332-O11	Zorya	1
AM-388-P23	AbiE	2
AM-334-M22	dXTPase	1
AH-473-J16	RM	1
AH-613-G03	dXTPase	1
AM-206-C23	Pycsar	1
AM-206-B20	dXTPase	1
AM-216-D10	RM	1
AM-216-D10	dXTPase	1
AM-249-L08	RM	1
AM-284-G09	PbeABCD	1
AM-235-P08	Mza	1
AM-235-P08	dXTPase	1
AM-210-N20	dXTPase	1
AM-243-K19	RM	1
AM-208-A21	RM	1
AM-229-I18	RM	1
AM-187-F05	RM	1
AH-305-F19	RM	2
AH-305-L04	RM	1
AM-216-G07	Pycsar	1
AM-235-E16	Pycsar	1
AM-255-G15	RM	1
AM-332-G10	RM	1
AH-302-I10	Her	1
AH-573-J17	RM	2
AM-235-F10	dXTPase	1
AM-249-N14	dXTPase	1
AM-249-N14	Mza	1
AM-164-K20	RM	1
AM-164-K20	dXTPase	1
AM-286-C11	dXTPase	1
AM-235-F14	dXTPase	1
AM-235-F14	RM	1
AH-305-P07	Cas	1
AH-573-B16	Pycsar	1
AH-305-G18	RM	1
AH-305-G18	Zorya	1
AH-611-J19	RM	1
AM-181-E15	RM	1
AM-208-J18	dXTPase	1
AM-255-D20	RM	1
AH-302-J15	Mza	1
AM-390-G09	AbiE	1
AM-390-G09	RM	1
AH-573-J07	RM	1
AH-573-J07	dXTPase	1
AM-216-D14	RM	1
AM-243-M17	RM	1
AM-201-J22	dXTPase	1
AM-247-L08	RM	1
AM-284-O06	dXTPase	1
AM-247-D11	RM	1
AM-257-G06	RM	1
AM-332-K21	RM	1
AM-388-M09	AbiE	1
AM-388-M09	Druantia	1
AM-235-O05	RM	1
AM-243-L20	dXTPase	1
AM-264-D15	dXTPase	1
AM-284-J07	Cas	1
AM-216-D21	dXTPase	1
AM-257-J07	dXTPase	1
AM-243-D21	RM	1
AM-243-M13	Pycsar	1
AM-247-L11	dXTPase	1
AH-562-M13	RM	1
AH-562-M13	dXTPase	1
AM-210-M14	AbiE	1
AM-262-C10	Pycsar	1
AM-262-J18	dXTPase	1
AM-388-F15	AbiE	1
AM-390-G11	AbiE	1
AM-390-G11	dXTPase	1
AM-284-B23	DRT	1
AM-284-B23	Retron	1
AM-276-L17	dXTPase	1
AM-249-E20	Zorya	1
AM-259-A22	RM	1
AM-280-K09	RM	1
AM-201-B09	Druantia	1
AM-334-B16	RM	1
AH-573-P20	RM	1
AM-158-L02	Hma	1
AM-264-N20	Mza	1
AM-284-I23	PbeABCD	1
AM-259-K04	DRT	1
AM-280-L11	RM	1
AM-390-B09	dXTPase	1
AH-573-O19	RM	1
AM-161-N10	Mza	1
AM-262-K21	RM	1
AM-184-P04	RM	1
AM-286-G21	Pycsar	1
AM-332-K10	RM	1
AH-470-N04	Mza	1
AM-332-E07	Mza	1
AM-390-D08	Viperin	1
AM-390-J17	AbiE	2
AM-288-N10	RM	1
AM-249-N08	RM	1
AM-249-N08	dXTPase	1
AM-229-D07	dXTPase	1
AM-249-D15	RM	1
AM-276-N22	PbeABCD	1
AM-334-I14	RM	1
AH-573-F06	Hma	1
AM-184-P03	RM	1
AM-184-P03	dXTPase	1
AH-305-N06	dXTPase	1
AM-184-I11	RM	1
AM-288-D20	TerY	1
AH-305-C03	RM	1
AH-562-I19	dXTPase	1
AH-562-I19	Mza	1
AM-249-E06	Hma	1
AM-284-K10	RM	1
AM-388-O07	AbiE	3
AH-309-C20	Druantia	1
AH-309-C20	RM	1
AM-388-F17	Mza	1
AM-164-D04	dXTPase	1
AM-216-E16	Viperin	1
AM-284-K17	PbeABCD	1
AM-284-K17	Dnd	1
AM-235-M02	Pycsar	1
AM-235-P03	dXTPase	1
AM-288-D11	RM	1
AM-288-D11	dXTPase	1
AM-255-L09	dXTPase	1
AM-235-M18	RM	1
AM-334-B23	dXTPase	1
AM-286-M22	RM	1
AM-257-B16	RM	1
AH-562-I15	dXTPase	1
AM-284-L02	RM	1
AM-334-C18	dXTPase	1
AH-470-A10	dXTPase	1
AH-470-C13	Pycsar	1
AM-216-O04	Pycsar	1
AH-613-G09	Pycsar	1
AM-208-F22	RM	1
AM-276-G15	Pycsar	1
AM-264-I21	RM	1
AM-388-O06	AbiE	1
AH-302-P19	RM	2
AH-305-N13	dXTPase	1
AH-305-N13	RM	1
AH-305-N10	RM	1
AH-305-O14	RM	1
AM-390-P03	Her	1
AH-611-D10	dXTPase	1
AH-611-D10	RM	1
AH-613-D03	RM	1
AM-388-G14	AbiE	1
AM-284-L08	dXTPase	1
AM-262-D16	RM	1
AH-309-G13	Mza	1
AH-309-G13	RM	2
AM-225-N23	RM	1
AM-225-N23	dXTPase	1
AM-229-J10	Pycsar	1
AM-235-C07	Mza	1
AM-255-D17	PbeABCD	1
AM-255-M10	dXTPase	1
AM-255-M09	RM	1
AM-390-K19	AbiE	1
AM-201-N18	Pycsar	1
AM-255-L11	dXTPase	1
AM-332-K13	RM	1
AM-332-K13	dXTPase	1
AM-286-O11	RM	2
AM-332-B04	dXTPase	1
AM-216-F18	Pycsar	1
AM-216-F18	RM	1
AM-229-J08	dXTPase	1
AM-206-K19	RM	1
AM-206-K23	RM	1
AM-208-P02	Druantia	1
AM-164-J19	RM	1
AM-161-C13	AbiE	1
AM-388-M18	PbeABCD	1
AM-243-I18	Mza	1
AM-243-I18	DRT	1
AM-243-B16	Druantia	1
AM-262-C21	Druantia	1
AM-262-C21	DRT	1
AM-247-A20	RM	1
AM-288-O13	dXTPase	1
AM-288-O20	dXTPase	1
AM-288-O20	Mza	1
AM-276-C10	Her	1
AM-264-I18	RM	1
AM-264-I18	dXTPase	1
AM-247-J20	Pycsar	1
AM-255-E10	Dnd	1
AM-332-G17	RM	1
AM-334-M11	dXTPase	1
AM-255-I05	dXTPase	1
AM-235-J15	Mza	1
AM-235-J15	DRT	1
AM-262-L16	dXTPase	1
AM-262-L16	RM	1
AM-388-F03	AbiE	2
AH-307-C16	RM	1
AH-470-O19	RM	1
AH-470-O19	dXTPase	1
AM-390-I11	RM	1
AH-573-O07	dXTPase	1
AM-332-G22	dXTPase	1
AH-562-C04	RM	2
AH-305-C15	RM	1
AM-390-C04	AbiE	2
AM-286-O13	RM	1
AM-388-M22	AbiE	1
AM-388-M22	DRT	1
AH-307-A18	Mza	1
AM-243-L07	RM	1
AH-309-I07	Pycsar	1
AM-262-L10	RM	1
AM-262-L10	dXTPase	1
AM-225-M07	RM	1
AM-255-A05	Pycsar	1
AM-286-L08	dXTPase	1
AM-286-L08	RM	1
AM-334-F09	RM	1
AM-390-P16	DRT	1
AM-249-P14	dXTPase	1
AM-255-I17	RM	1
AM-161-B20	AbiE	1
AM-210-K05	RM	1
AH-307-M18	AbiE	1
AH-307-M18	RM	1
AH-305-K19	RM	1
AH-562-B20	RM	1
AH-562-K15	dXTPase	1
AM-187-P02	dXTPase	1
AM-216-A10	RM	1
AM-225-C18	RM	1
AM-225-C03	dXTPase	1
AM-284-E06	dXTPase	1
AM-257-I03	Dnd	1
AM-257-I14	RM	1
AM-257-P23	dXTPase	1
AM-257-L07	Dpd	1
AM-161-B14	RM	1
AM-164-G06	TerY	1
AM-164-G06	Mza	1
AM-201-I07	dXTPase	1
AM-262-G22	RM	1
AM-276-A10	dXTPase	1
AM-284-M13	RM	1
AM-388-G04	AbiE	1
AM-288-E22	Pycsar	2
AM-334-C07	dXTPase	1
AM-259-A01	RM	1
AM-264-F19	dXTPase	1
AM-276-D04	RM	1
AH-470-O22	RM	1
AM-280-L16	PbeABCD	1
AM-259-K21	Zorya	1
AM-262-L15	Pycsar	1
AM-276-K07	Pycsar	1
AM-229-F16	Pycsar	1
AH-573-C04	RM	1
AM-388-F22	AbiE	1
AM-388-N13	RM	1
AH-305-L02	RM	1
AH-307-N20	Druantia	1
AM-334-J22	Druantia	1
AM-334-J22	RM	1
AH-562-K02	Mza	1
AM-288-K10	Hma	1
AM-210-J05	Hma	1
AH-613-G10	dXTPase	1
AM-187-P14	Hma	1
AM-390-C10	Hma	2
AM-390-C10	Iet	1
AM-201-G23	dXTPase	1
AM-216-D19	dXTPase	1
AM-187-C18	RM	1
AM-284-F19	Pycsar	1
AM-388-K23	AbiE	1
AM-280-K21	Mza	1
AM-280-K21	dXTPase	1
AM-210-J04	RM	1
AM-229-B17	Pycsar	1
AM-280-M15	Thoeris	1
AM-181-J09	PbeABCD	1
AM-208-C02	dXTPase	1
AM-161-N07	AbiE	1
AM-181-K10	dXTPase	1
AM-334-K05	Druantia	1
AM-388-C11	AbiE	2
AM-388-C11	DRT	1
AM-184-M09	dXTPase	1
AM-332-D03	dXTPase	1
AM-280-M21	RM	1
AM-280-K13	RM	1
AM-262-I03	Pycsar	1
AM-235-G09	Pycsar	1
AM-181-B23	RM	1
AM-208-N11	dXTPase	1
AM-334-J19	RM	1
AH-611-G06	dXTPase	1
AM-255-K14	RM	1
AM-255-K14	dXTPase	1
AH-562-B17	RM	2
AM-276-K14	Cas	1
AM-388-L04	AbiE	1
AM-390-G18	dXTPase	1
AM-390-G18	DRT	1
AM-332-A22	RM	1
AM-332-A22	dXTPase	1
AH-305-J19	dXTPase	1
AH-305-J19	RM	1
AH-307-N02	Thoeris	1
AH-562-K19	RM	1
AH-611-G09	Mza	1
AH-611-G09	dXTPase	1
AM-121-G07	PbeABCD	1
AH-473-C06	dXTPase	1
AM-264-M10	Mza	1
AM-284-D11	Mza	1
AM-286-G18	dXTPase	1
AM-286-O02	Pycsar	1
AM-235-E10	dXTPase	1
AM-247-A10	dXTPase	1
AM-181-O05	dXTPase	1
AM-184-G23	RM	1
AM-216-I05	Druantia	1
AM-332-N20	RM	1
AM-332-N20	dXTPase	1
AM-235-O13	TerY	1
AM-187-B03	dXTPase	1
AM-187-B03	RM	1
AM-286-N16	dXTPase	1
AM-259-O16	RM	1
AM-225-A21	RM	1
AH-573-M18	dXTPase	1
AM-262-D07	RM	1
AH-473-C08	dXTPase	1
AH-473-C08	RM	1
AH-305-F14	dXTPase	1
AM-255-K11	RM	1
AM-255-K11	dXTPase	1
AM-286-I07	RM	1
AM-181-D07	RM	1
AM-286-N21	Cas	1
AM-286-N21	Pycsar	1
AM-229-N16	RM	1
AM-284-B19	Mza	2
AM-288-E11	Iet	1
AM-332-G08	pAgo	1
AM-225-F21	dXTPase	1
AM-225-F21	RM	1
AM-259-J03	dXTPase	1
AM-259-K05	AbiE	1
AM-390-L15	dXTPase	1
AM-225-D13	Pycsar	1
AM-187-J02	RM	2
AM-225-D06	RM	1
AM-276-E02	Pycsar	1
AM-286-D23	RM	1
AM-276-P06	PbeABCD	1
AM-276-P06	RM	1
AM-284-G07	DRT	1
AM-284-G07	Mza	1
AM-225-C05	Hma	1
AM-216-P08	RM	1
AM-216-P08	dXTPase	1
AM-235-G21	RM	1
AM-390-B11	AbiE	1
AM-390-B11	dXTPase	1
AM-334-P08	Zorya	1
AM-276-B19	Pycsar	1
AM-216-L21	RM	1
AM-216-L21	dXTPase	1
AM-235-D15	RM	1
AM-255-M06	RM	1
AM-276-P04	AbiU	1
AM-247-O02	Druantia	1
AM-201-M17	RM	1
AM-390-B14	dXTPase	1
AM-247-J18	Mza	1
AM-164-L23	dXTPase	1
AM-334-D03	RM	1
AM-334-D03	Pycsar	1
AM-164-K21	dXTPase	1
AM-388-E22	AbiE	1
AM-257-N11	Hma	1
AM-390-B18	AbiE	2
AM-390-N07	Her	1
AM-216-K09	RM	1
AM-216-K09	Mza	1
AM-216-K13	RM	1
AM-235-I15	dXTPase	1
AM-235-I15	Mza	1
AM-284-P21	Pycsar	1
AM-201-J14	Pycsar	1
AM-257-K09	RM	1
AM-280-J07	PbeABCD	1
AM-216-F10	Pycsar	1
AM-161-I17	RM	1
AM-276-K04	Pycsar	1
AM-235-K09	DRT	1
AM-264-J15	RM	1
AM-229-N18	dXTPase	1
AM-161-J21	Mza	1
AM-388-P09	GAO_29	1
AM-216-F16	RM	1
AM-257-G02	Mza	1
AM-164-A15	RM	1
AM-229-C09	RM	1
AM-247-E15	TerY	1
AM-388-P11	Viperin	2
AM-184-K11	dXTPase	1
AM-257-B22	RM	1
AM-229-C05	RM	1
AM-388-L14	DRT	1
AH-307-I16	RM	1
AH-302-I11	dXTPase	1
AH-562-E08	dXTPase	1
AM-280-J18	RM	1
AM-332-B16	dXTPase	1
AM-187-J20	RM	1
AH-562-D23	dXTPase	1
AH-562-D23	RM	1
AM-388-K16	Her	1
AM-262-F02	RM	1
AM-225-O04	dXTPase	1
AM-225-O04	RM	2
AM-249-J20	Hma	1
AM-225-C15	RM	1
AM-181-M19	RM	1
AG-538-K21	dXTPase	1
AH-307-J04	PbeABCD	1
AM-216-B20	RM	1
AM-235-K14	Pycsar	1
AM-255-D04	RM	1
AM-208-N04	Dpd	1
AM-181-P01	AbiE	1
AM-284-D23	RM	1
AM-332-B18	dXTPase	1
AM-216-L09	RM	1
AM-201-D20	RM	1
AM-201-D18	Pycsar	1
AM-161-M17	Mza	1
AM-208-P14	Zorya	1
AM-255-A01	RM	1
AM-255-A01	dXTPase	1
AH-468-K22	RM	1
AM-247-M15	Pycsar	1
AM-247-M15	Dnd	1
AM-284-C16	dXTPase	1
AM-284-C16	RM	1
AM-284-C14	Viperin	1
AH-611-L03	dXTPase	1
AM-390-K08	Zorya	1
AH-473-K13	Pycsar	1
AM-243-C18	PbeABCD	1
AG-538-L09	dXTPase	1
AM-262-G15	dXTPase	1
AM-390-E23	Cas	1
AM-390-E23	dXTPase	1
AM-388-C13	Viperin	1
AM-388-C13	Her	1
AM-388-C13	DRT	1
AM-249-K23	RM	1
AM-161-A03	RM	1
AM-216-K03	RM	1
AM-332-N05	dXTPase	1
AM-332-N05	Zorya	1
AG-538-L04	RM	1
AM-229-A08	dXTPase	1
AM-288-A15	dXTPase	1
AM-390-L22	dXTPase	1
AM-390-L22	Pif	1
AM-390-L16	AbiE	3
AM-390-L16	PbeABCD	1
AM-390-L16	Dnd	1
AM-388-N18	AbiE	1
AM-388-B16	Mza	1
AH-562-N09	RM	1
AM-390-K20	dXTPase	1
AM-216-B02	Pycsar	1
AM-286-I10	RM	1
AH-302-C15	dXTPase	1
AH-470-A16	Pycsar	1
AM-264-P04	dXTPase	1
AM-276-K21	Iet	1
AM-276-K21	RM	1
AM-210-I17	Mza	1
AM-276-E13	dXTPase	1
AM-255-N11	PbeABCD	1
AM-284-O03	RM	1
AH-470-E02	Pycsar	1
AM-235-K23	RM	1
AM-259-I16	AbiE	1
AM-280-G16	Iet	1
AH-562-C22	RM	1
AH-562-C22	dXTPase	1
AH-470-F18	RM	1
AM-161-M08	dXTPase	1
AM-284-M20	Gabija	1
AM-284-M20	Druantia	1
AH-573-N09	RM	1
AH-309-P06	dXTPase	1
AM-280-G15	Hma	1
AM-225-I09	Mza	1
AM-216-A18	Pycsar	1
AM-216-A18	Cas	1
AH-307-E06	AbiE	1
AM-243-F09	DRT	1
AM-243-F09	RM	1
AM-243-F09	Mza	1
AM-388-O09	Mza	1
AM-249-N20	dXTPase	1
AM-216-A20	RM	2
AM-255-N04	DRT	1
AM-181-M05	Zorya	1
AM-181-M05	RM	1
AM-164-I11	Pycsar	1
AM-187-K07	dXTPase	1
AM-201-M10	RM	1
AM-201-M10	dXTPase	1
AM-286-K03	Viperin	1
AM-255-C23	RM	1
AM-243-L18	DRT	1
AM-235-K05	RM	1
AM-286-J08	dXTPase	1
AM-334-O09	RM	1
AM-210-P19	RM	1
AM-161-M06	Dpd	1
AH-470-F09	Pycsar	1
AH-613-K08	RM	1
AM-210-P08	RM	1
AM-243-J21	RM	1
AM-390-D06	dXTPase	1
AM-181-K11	Hma	1
AH-611-P20	AbiE	1
AM-264-N08	dXTPase	1
AH-470-I11	Mza	1
AM-127-N21	Pycsar	1
AM-184-B03	Pycsar	1
AM-184-M06	RM	1
AM-130-P01	AbiE	1
AM-130-A10	RM	1
AM-161-N11	RM	1
AM-332-M17	DRT	1
AM-164-I10	RM	1
AM-130-C14	RM	1
AM-135-E04	RM	1
AM-130-M14	RM	1
AM-161-J06	PbeABCD	1
AM-158-J04	RM	1
AM-135-M22	dXTPase	1
AM-235-A11	PbeABCD	1
AM-135-I07	dXTPase	1
AM-135-I18	dXTPase	1
AM-181-C22	RM	1
AM-181-C22	PbeABCD	1
AM-135-C07	Pycsar	1
AM-184-B08	dXTPase	1
AM-138-J02	dXTPase	1
AM-243-C02	RM	1
AM-130-L04	dXTPase	1
AM-208-G13	dXTPase	1
AM-208-G13	RM	1
AM-201-L09	RM	1
AM-135-G04	dXTPase	1
AM-161-L15	RM	1
AM-135-C19	dXTPase	1
AM-135-M08	dXTPase	1
AM-138-A10	RM	1
AM-135-N07	RM	1
AM-135-N07	dXTPase	1
AM-161-B16	dXTPase	1
AM-161-B16	Pycsar	1
AM-181-E16	RM	1
AM-135-G15	RM	1
AM-161-K20	RM	1
AM-390-J16	AbiE	3
AM-135-O04	dXTPase	1
AM-138-G02	PbeABCD	1
AH-735-I09	dXTPase	1
AH-735-A08	DRT	1
AH-735-A08	dXTPase	1
AH-735-A11	dXTPase	1
AH-613-P04	Mza	1
AH-735-N06	RM	1
AH-735-B13	RM	1
AH-735-B20	RM	1
AH-735-B20	dXTPase	1
AH-735-A13	RM	1
AH-735-A13	PbeABCD	1
AH-735-C03	Mza	1
AH-735-N11	Mza	1
AH-735-A05	RM	1
AH-735-B11	RM	1
AH-735-A22	Pycsar	1
AM-118-A21	dXTPase	1
AM-118-A21	RM	1
AH-735-D15	RM	1
AH-735-C20	PbeABCD	1
AH-735-C20	Mza	2
AH-735-B23	dXTPase	1
AH-735-D04	dXTPase	1
AH-735-C17	dXTPase	1
AH-735-B03	dXTPase	1
AH-735-A16	dXTPase	1
AH-735-D20	RM	1
AH-735-A17	dXTPase	1
AH-982-A16	dXTPase	1
AH-735-C05	dXTPase	1
AH-888-L11	PbeABCD	1
AH-735-F16	dXTPase	1
AH-735-G16	dXTPase	1
AH-735-G16	RM	1
AH-735-G18	Pycsar	1
AH-991-I23	RM	1
AH-735-F11	dXTPase	1
AH-735-F11	RM	1
AH-735-E03	Pycsar	1
AH-735-L10	dXTPase	1
AM-332-L08	dXTPase	1
AM-332-L08	RM	1
AH-982-A18	PbeABCD	1
AH-735-G06	RM	2
AH-735-J03	RM	1
AH-735-J03	dXTPase	1
AH-735-G07	RM	1
AH-735-E13	RM	1
AH-735-A19	PbeABCD	1
AH-735-F14	dXTPase	1
AH-985-D02	dXTPase	1
AH-735-J05	RM	1
AH-991-M19	Pycsar	1
AH-991-L22	dXTPase	1
AH-735-J06	RM	1
AH-985-F16	dXTPase	1
AH-735-G09	dXTPase	1
AH-735-G11	RM	1
AH-735-F18	RM	1
AH-735-G03	RM	1
AM-124-P13	RM	1
AH-735-J15	RM	1
AM-390-G08	AbiE	1
AM-390-O20	AbiE	1
AM-127-F23	dXTPase	1
AH-888-B09	Dnd	1
AH-735-E02	RM	1
AH-735-E04	dXTPase	1
AH-735-E04	RM	1
AH-735-L16	RM	1
AH-735-L16	dXTPase	1
AH-982-N18	Pycsar	1
AH-735-L13	dXTPase	1
AH-735-M09	RM	1
AH-735-N10	Druantia	1
AH-888-D22	RM	1
AM-121-F21	RM	1
AH-735-K21	RM	1
AH-735-K14	RM	1
AH-735-L18	DRT	1
AH-735-O14	RM	1
AH-735-O14	dXTPase	1
AM-181-A22	Pycsar	1
AH-735-M17	RM	1
AH-735-K19	dXTPase	1
AH-985-I18	dXTPase	1
AH-982-D17	Pycsar	1
AH-735-L23	dXTPase	1
AH-735-J14	RM	1
AH-735-P11	Pycsar	1
AH-735-P13	Druantia	1
AH-562-A11	RM	1
AH-562-A11	dXTPase	1
AH-888-A11	Mza	1
AH-888-A19	RM	1
AH-985-G10	RM	1
AH-985-G10	dXTPase	1
AM-121-G21	Pycsar	1
AH-888-C08	RM	1
AH-888-C08	PbeABCD	1
AH-888-C08	Pycsar	1
AH-888-C09	RM	1
AH-888-C10	RM	1
AH-888-C10	dXTPase	1
AH-888-D05	dXTPase	1
AM-118-C11	dXTPase	1
AH-888-O23	PbeABCD	1
AH-982-G23	Pycsar	1
AH-888-D15	dXTPase	1
AH-888-P18	Mza	1
AH-888-C18	dXTPase	1
AM-135-N10	dXTPase	1
AH-735-J19	Zorya	1
AH-985-C23	RM	2
AH-888-D11	dXTPase	1
AM-124-A23	Druantia	1
AH-982-A15	Pycsar	1
AH-988-F10	dXTPase	1
AM-118-M08	Hma	1
AH-982-A23	RM	2
AH-982-B04	dXTPase	1
AH-982-B09	dXTPase	1
AH-982-C13	RM	1
AH-302-I15	Mza	2
AH-982-C21	dXTPase	1
AH-985-K20	PbeABCD	1
AM-135-F21	RM	1
AH-735-N02	RM	1
AH-982-G09	RM	1
AH-982-G18	RM	1
AH-991-I18	Mza	1
AH-982-G22	Mza	1
AM-127-O19	Mza	1
AH-982-I08	Mza	1
AH-982-I14	RM	1
AH-982-I14	dXTPase	1
AH-982-J15	dXTPase	1
AH-982-J15	RM	1
AM-127-C18	RM	1
AM-135-A23	Thoeris	1
AH-982-K21	Pycsar	1
AH-982-L14	Mza	1
AH-988-C08	Mza	2
AH-982-M10	RM	1
AH-982-M13	dXTPase	1
AH-735-M19	dXTPase	1
AH-988-E03	RM	1
AH-982-O13	Pycsar	1
AH-735-M21	dXTPase	1
AH-735-M22	PbeABCD	1
AM-181-N20	RM	1
AH-985-A17	RM	1
AH-985-A17	dXTPase	1
AH-985-A20	RM	1
AM-161-G06	RM	1
AM-276-J02	Cas	1
AH-985-B06	RM	1
AM-138-P15	RM	1
AH-985-B07	Mza	1
AH-985-B18	RM	1
AH-985-C03	dXTPase	1
AM-127-I17	Mza	1
AH-888-L13	RM	2
AH-985-D04	dXTPase	1
AH-985-D07	PbeABCD	1
AH-985-E07	RM	1
AM-284-E10	dXTPase	1
AH-735-O10	RM	1
AH-985-E22	dXTPase	1
AH-985-E22	RM	1
AH-985-F03	RM	1
AH-735-K09	RM	1
AM-127-B22	Pycsar	1
AM-118-B03	dXTPase	1
AH-985-M03	Druantia	1
AM-118-D23	dXTPase	1
AH-735-K11	RM	1
AH-735-K11	dXTPase	1
AM-121-D19	dXTPase	1
AH-985-G13	Pycsar	1
AH-985-G14	dXTPase	1
AM-130-G06	dXTPase	1
AH-985-I08	Viperin	1
AH-985-I08	dXTPase	1
AH-985-I11	RM	1
AM-138-G07	RM	1
AM-225-C14	RM	2
AH-985-I19	Pycsar	1
AM-121-A03	dXTPase	1
AH-985-J06	DRT	1
AH-985-J15	Pycsar	1
AH-985-J15	RM	1
AH-985-K15	RM	1
AH-985-K07	Pycsar	1
AH-985-K08	RM	1
AH-985-K08	dXTPase	1
AH-735-K18	Dpd	1
AM-124-A22	RM	1
AH-985-L09	dXTPase	1
AM-118-C06	RM	1
AH-735-N19	RM	1
AH-985-L16	Pycsar	1
AM-118-F02	Pycsar	1
AH-985-M07	Pycsar	1
AH-985-M09	RM	1
AH-985-M13	Pycsar	1
AH-985-N06	dXTPase	1
AH-985-N14	dXTPase	1
AH-988-B20	dXTPase	1
AH-985-N16	Mza	1
AH-985-N20	dXTPase	1
AH-985-N20	RM	1
AH-985-O03	RM	1
AH-985-O05	RM	1
AM-118-C05	Pycsar	1
AH-985-O06	RM	1
AH-985-P01	dXTPase	1
AM-118-B05	Pycsar	1
AH-988-A01	Druantia	1
AH-991-D03	Pycsar	1
AH-988-A10	Zorya	1
AH-991-A15	dXTPase	1
AM-118-F14	PbeABCD	1
AM-118-F14	Dnd	1
AM-255-D03	RM	1
AM-124-O08	RM	1
AM-334-O08	dXTPase	1
AM-138-G09	RM	1
AH-988-E15	RM	1
AM-118-J09	RM	1
AH-988-F07	dXTPase	1
AM-121-E19	dXTPase	1
AH-988-F09	RM	1
AH-988-G07	dXTPase	1
AH-988-G07	RM	1
AH-991-O04	RM	1
AH-988-I03	dXTPase	1
AH-988-I03	PbeABCD	1
AH-991-A04	Pycsar	1
AM-124-M23	RM	1
AM-181-B21	Mza	1
AM-118-P08	Hma	1
AH-991-A23	Pycsar	1
AH-991-A23	RM	1
AH-991-B08	Hhe	1
AM-280-G21	Pycsar	2
AM-280-G21	PbeABCD	1
AH-991-C22	DRT	1
AM-127-J04	RM	1
AM-127-J04	Pycsar	1
AM-130-B09	RM	1
AM-118-E14	dXTPase	1
AM-127-N13	Pycsar	1
AM-158-G22	dXTPase	1
AH-991-E06	RM	1
AM-135-M10	RM	1
AH-991-E17	Pycsar	1
AH-991-F05	RM	1
AH-991-F07	Pycsar	1
AH-991-F13	DRT	1
AH-991-F13	dXTPase	1
AH-991-G03	Pycsar	1
AH-991-G20	Pycsar	1
AM-124-F02	Mza	1
AM-121-E05	RM	1
AH-991-I10	Mza	1
AH-991-I16	RM	1
AH-991-I16	dXTPase	1
AM-124-E07	AbiE	1
AM-158-C07	PbeABCD	1
AM-158-C07	RM	1
AM-158-F20	Hma	1
AM-187-A23	RM	1
AH-991-J08	RM	1
AH-991-J08	Pycsar	1
AM-121-D18	dXTPase	1
AH-991-K03	RM	1
AH-991-K03	dXTPase	1
AM-118-F18	dXTPase	1
AH-991-M06	Pycsar	1
AM-127-K15	Pycsar	1
AH-991-M10	DRT	1
AM-121-P18	Mza	1
AM-138-E05	Zorya	1
AH-991-N09	Pycsar	1
AM-161-I08	RM	1
AH-991-O10	RM	1
AH-991-O10	dXTPase	1
AH-991-O11	TerY	1
AM-118-G16	dXTPase	1
AM-121-B08	Viperin	1
AH-991-P13	RM	1
AM-118-A07	dXTPase	1
AM-118-A09	dXTPase	1
AM-164-L15	Hma	1
AM-121-F16	dXTPase	1
AM-118-B13	RM	1
AM-118-B16	RM	1
AM-247-O20	RM	1
AM-118-C04	dXTPase	1
AM-118-C20	Hma	1
AM-121-F11	RM	1
AM-118-D05	RM	1
AM-121-B09	RM	1
AM-118-N09	RM	1
AM-135-I06	AbiE	1
AM-121-C08	PbeABCD	1
AM-121-C08	RM	1
AM-118-E15	RM	1
AM-118-E20	AbiU	1
AM-118-E20	Hma	1
AM-124-I09	Mza	1
AM-118-E23	dXTPase	1
AM-118-F07	Mza	1
AM-118-F08	Mza	1
AM-118-L08	RM	1
AM-118-F11	Zorya	1
AM-118-F13	DRT	1
AM-124-A13	RM	1
AM-118-F22	dXTPase	1
AH-613-B09	Mza	2
AM-118-G02	RM	1
AM-135-M16	PbeABCD	1
AM-158-J14	RM	1
AM-118-G08	dXTPase	1
AM-118-G08	RM	1
AM-135-F20	Cas	1
AM-118-G15	dXTPase	1
AM-135-M03	Pycsar	1
AH-562-J15	RM	1
AH-562-J15	dXTPase	1
AM-138-A22	dXTPase	1
AM-118-J17	RM	2
AM-118-J17	dXTPase	1
AM-118-J18	Zorya	1
AM-118-J22	dXTPase	1
AM-121-K23	RM	1
AM-118-K15	Zorya	1
AM-118-K11	Pycsar	1
AM-124-K04	dXTPase	1
AM-118-L09	RM	1
AM-118-M10	PbeABCD	1
AM-118-M18	dXTPase	1
AM-118-M20	Pycsar	1
AM-118-N15	Cas	1
AM-118-N20	Druantia	1
AM-118-N22	dXTPase	1
AM-259-M11	dXTPase	1
AM-118-O05	PbeABCD	2
AM-118-O14	dXTPase	1
AM-118-O20	RM	1
AM-121-J23	RM	1
AM-118-P23	RM	1
AM-121-P11	RM	1
AM-124-O17	Mza	1
AM-121-C02	Hma	1
AM-135-B15	Mza	1
AM-135-L13	dXTPase	1
AM-135-J20	dXTPase	1
AM-121-C13	Dnd	1
AM-255-J14	dXTPase	1
AM-276-A01	dXTPase	1
AM-332-G20	RM	1
AM-121-C19	RM	1
AM-121-E13	RM	1
AM-121-F04	dXTPase	1
AM-127-P08	Pycsar	1
AM-121-E07	Viperin	1
AM-121-G18	RM	1
AM-121-G18	dXTPase	1
AM-121-I22	Pycsar	1
AM-121-J02	Druantia	1
AM-121-J02	Cas	1
AM-158-I05	RM	1
AM-158-I05	DRT	1
AM-208-A19	Mza	1
AM-138-L19	dXTPase	1
AM-158-J02	RM	1
AM-121-J16	RM	1
AM-121-K05	PbeABCD	1
AM-121-I16	RM	1
AM-181-K14	dXTPase	1
AM-121-C17	RM	1
AM-121-K11	Zorya	1
AM-124-M13	RM	1
AM-121-G09	RM	1
AM-121-J10	dXTPase	1
AM-135-A05	dXTPase	1
AM-124-E14	dXTPase	1
AM-121-L17	dXTPase	1
AM-121-L17	RM	1
AM-121-N03	dXTPase	1
AM-138-F15	RM	1
AM-161-B13	RM	1
AM-121-I20	Zorya	1
AM-121-I20	Hma	1
AM-121-I20	Cas	1
AM-127-K18	RM	1
AM-158-K17	RM	1
AM-158-K17	dXTPase	1
AM-121-G14	RM	1
AM-124-E16	dXTPase	1
AM-243-C08	dXTPase	1
AM-121-M14	Hma	1
AM-158-N03	Pycsar	1
AM-121-P05	RM	1
AM-121-P06	Mza	1
AM-161-B18	RM	1
AM-124-A15	Thoeris	1
AM-121-P14	Hma	1
AM-121-M03	Mza	1
AM-235-O23	Pycsar	1
AM-121-N18	RM	1
AM-124-A19	dXTPase	1
AM-121-O03	DRT	1
AM-121-O03	Mza	1
AM-124-B06	dXTPase	1
AM-124-B06	RM	1
AM-286-B09	RM	1
AM-121-K09	Hma	1
AM-121-K09	GAO_29	1
AM-124-O11	dXTPase	1
AM-138-D21	DRT	1
AM-124-P06	PbeABCD	1
AM-124-C17	dXTPase	1
AM-124-B16	RM	1
AM-121-N13	RM	2
AM-121-N16	dXTPase	1
AM-124-E18	RM	1
AM-124-E22	dXTPase	1
AM-121-N06	Cas	1
AM-121-N06	Mza	1
AM-124-C13	dXTPase	1
AM-138-J15	dXTPase	1
AM-124-F21	RM	2
AM-121-O02	RM	1
AM-124-E21	dXTPase	1
AM-216-O21	RM	2
AM-164-I14	Pycsar	1
AM-164-I14	RM	1
AM-130-F11	Pycsar	1
AM-124-F19	Hma	1
AM-135-P15	Mza	1
AM-124-J23	RM	1
AM-124-J23	Cas	1
AM-127-O08	Pycsar	1
AM-127-O08	RM	1
AM-130-M23	Zorya	1
AM-130-A13	Pycsar	1
AM-124-J09	Pycsar	1
AM-161-M03	dXTPase	1
AM-201-F18	dXTPase	1
AM-124-J14	RM	1
AM-158-B17	dXTPase	1
AM-124-O13	RM	1
AM-127-N22	RM	1
AM-138-B23	Mza	1
AM-138-B23	RM	1
AM-124-G06	Mza	1
AM-124-G14	RM	1
AM-124-K11	RM	1
AM-138-O03	RM	1
AM-124-M11	Pycsar	1
AM-201-M04	dXTPase	1
AM-130-F18	RM	1
AM-127-O13	RM	1
AM-138-E16	RM	1
AH-307-O22	RM	1
AM-184-D23	Pycsar	1
AM-130-B06	TerY	1
AM-138-C14	dXTPase	1
AM-161-G10	Hma	1
AM-127-J17	Pycsar	1
AM-127-M19	Pycsar	1
AM-127-M21	dXTPase	1
AM-255-I03	RM	1
AM-127-I09	Pycsar	1
AM-184-M20	RM	1
AM-127-M08	Pycsar	1
AM-127-N07	Cas	1
AM-390-G04	dXTPase	1
AM-334-F18	RM	1
AM-127-K11	dXTPase	1
AM-127-K11	RM	1
AM-264-J03	Cas	1
AM-127-M17	RM	1
AM-130-C08	Mza	1
AM-130-C08	Druantia	1
AM-164-B09	RM	1
AM-135-O09	dXTPase	1
AM-127-I23	Pycsar	1
AM-216-G23	RM	1
AM-130-M20	Pycsar	1
AM-127-I19	RM	1
AM-127-I19	dXTPase	1
AM-187-J08	RM	1
AM-130-C02	DRT	1
AM-181-N11	RM	1
AM-127-J19	Mza	1
AM-130-I21	Zorya	1
AM-130-I21	dXTPase	1
AM-130-K09	RM	1
AM-130-G09	RM	1
AM-130-G21	RM	1
AM-138-M17	dXTPase	1
AH-888-E19	RM	1
AH-888-F08	Pycsar	1
AH-888-F17	DRT	1
AH-888-G07	Pycsar	1
AH-888-G13	PbeABCD	1
AH-888-G18	RM	1
AH-888-G20	dXTPase	1
AH-888-G23	Viperin	1
AH-888-I15	RM	1
AH-888-I15	dXTPase	1
AH-888-I22	RM	1
AH-888-J13	RM	1
AH-888-M10	RM	1
AH-888-M10	Pycsar	1
AH-888-M11	dXTPase	1
AH-888-M16	dXTPase	1
AH-305-K21	Mza	1
AH-888-M20	RM	1
AH-888-N07	Pycsar	1
AH-888-N14	RM	1
AM-235-G02	RM	1
AH-888-O10	RM	1
AM-158-G20	Hma	1
AM-216-B21	Pycsar	1
AM-208-A11	RM	1
AM-158-I08	RM	1
AM-158-I08	dXTPase	1
AM-235-O02	dXTPase	1
AM-206-P13	dXTPase	1
AM-138-G15	Mza	1
AM-164-A11	Mza	1
AM-164-A11	PbeABCD	1
AM-138-I18	RM	1
AM-138-I18	Mza	1
AM-276-E14	Pycsar	1
AM-208-O06	Druantia	1
AM-138-I21	RM	1
AM-138-J20	PbeABCD	1
AM-158-K11	RM	1
AM-235-K03	Pycsar	1
AM-158-J17	RM	1
AM-138-J23	dXTPase	1
AM-181-G16	RM	1
AM-161-P16	Pycsar	1
AM-138-A16	dXTPase	1
AM-158-G14	RM	1
AM-138-B21	Hma	1
AM-138-O10	Pycsar	1
AM-138-K20	dXTPase	1
AM-138-M02	RM	1
AM-138-K21	RM	1
AM-164-M18	dXTPase	1
AM-138-O20	RM	1
AM-138-O07	dXTPase	1
AM-158-A05	RM	1
AM-161-M18	RM	1
AM-158-A06	RM	2
AM-158-A10	dXTPase	1
AM-164-I21	Hma	1
AM-138-L13	RM	1
AM-138-L13	dXTPase	1
AM-138-O15	RM	1
AM-184-J16	dXTPase	1
AM-158-B09	dXTPase	1
AM-161-A04	RM	1
AM-158-F03	dXTPase	1
AM-138-N21	RM	1
AM-138-N21	dXTPase	1
AM-216-M04	Pycsar	1
AM-158-C20	RM	1
AM-158-F23	RM	1
AM-158-K21	RM	1
AM-138-N08	RM	1
AM-161-K16	RM	1
AM-158-D06	Zorya	1
AM-158-F17	RM	1
AM-158-G09	RM	1
AM-161-G23	RM	1
AM-247-N19	RM	1
AM-201-D04	dXTPase	1
AM-201-D04	RM	1
AM-158-F02	Mza	1
AM-158-G08	Hma	1
AG-538-G11	RM	1
AG-538-J15	Pycsar	1
AH-562-F05	RM	1
AH-562-F05	dXTPase	1
AH-611-E19	dXTPase	1
AH-611-L22	Pycsar	1
AH-573-L10	Mza	1
AH-611-D17	dXTPase	1
AG-538-A02	RM	1
AG-538-D07	Pycsar	1
AM-184-F23	dXTPase	1
AG-538-F05	RM	1
AG-538-F17	dXTPase	1
AG-538-F16	RM	1
AG-538-G20	RM	1
AH-611-L11	Zorya	1
AM-181-I07	DRT	1
AH-613-C11	RM	1
AM-184-E10	Zorya	1
AM-206-J18	RM	1
AH-573-M08	dXTPase	1
AH-573-P05	RM	1
AH-611-F03	RM	1
AH-611-F08	Pycsar	1
AG-538-F18	RM	1
AG-538-I05	RM	1
AG-538-G15	RM	1
AG-538-G22	RM	1
AG-538-G22	dXTPase	1
AH-562-N08	Pycsar	1
AG-538-B11	PbeABCD	1
AG-538-B11	RM	1
AH-573-D04	dXTPase	1
AH-611-O16	RM	1
AH-573-G22	Pycsar	1
AH-573-M03	RM	1
AH-573-P17	dXTPase	1
AH-573-P17	RM	1
AH-611-D22	dXTPase	1
AH-611-D22	RM	1
AH-611-K16	RM	1
AH-611-K16	dXTPase	1
AH-611-F10	RM	1
AH-573-G17	dXTPase	1
AM-225-P05	dXTPase	1
AH-573-K22	RM	1
AH-611-D06	dXTPase	1
AH-611-L21	RM	1
AM-229-E06	Pycsar	1
AM-164-P05	RM	1
AM-181-I05	Cas	1
AH-611-O08	RM	1
AH-611-O09	RM	1
AH-611-O10	Her	1
AM-206-K13	dXTPase	1
AM-206-K13	RM	1
AM-216-I04	dXTPase	1
AM-257-N23	dXTPase	1
AM-164-P14	PbeABCD	1
AM-187-A15	RM	1
AM-257-J11	Hma	1
AM-257-O11	Druantia	1
AM-276-E20	RM	1
AM-164-A22	dXTPase	1
AM-181-I11	dXTPase	1
AM-187-A03	dXTPase	1
AM-216-N14	RM	1
AM-685-A05	Hma	1
AM-685-A05	AbiE	1
AM-685-A06	Hma	1
AM-685-A15	AbiE	1
AM-685-A20	AbiE	2
AM-685-A20	dXTPase	1
AM-685-A21	AbiE	2
AM-685-A21	dXTPase	1
AM-685-A21	RM	1
AM-685-A22	Hma	1
AM-685-A23	Viperin	1
AM-685-B02	AbiE	1
AM-685-B05	dXTPase	1
AM-685-B05	RM	1
AM-685-B06	Mza	1
AM-685-B06	dXTPase	1
AM-685-B06	Shedu	1
AM-685-B10	Cas	1
AM-685-B19	Hma	1
AM-685-B19	AbiE	1
AM-685-C05	RM	1
AM-685-C14	AbiE	1
AM-685-C15	AbiE	2
AM-685-C17	AbiE	1
AM-685-C18	AbiE	1
AM-685-C21	Her	1
AM-685-C22	AbiE	1
AM-685-D03	Her	1
AM-685-D03	Qat	1
AM-685-D04	PbeABCD	1
AM-685-D04	Pycsar	1
AM-685-D05	Her	1
AM-685-D06	Pycsar	1
AM-685-D09	AbiE	2
AM-685-D10	AbiE	2
AM-685-D11	Mza	1
AM-685-D13	Mza	1
AM-685-D13	Druantia	1
AM-685-D15	AbiE	3
AM-685-D16	Pycsar	1
AM-685-D22	Pycsar	1
AM-685-E04	Pycsar	1
AM-685-E06	dXTPase	1
AM-685-E07	dXTPase	1
AM-685-E11	dXTPase	1
AM-685-E16	Pycsar	1
AM-685-E18	PbeABCD	1
AM-685-E18	Dnd	1
AM-685-E20	dXTPase	1
AM-685-E21	AbiE	3
AM-685-E21	Zorya	1
AM-685-F03	AbiE	1
AM-685-F08	AbiE	1
AM-685-F14	AbiE	1
AM-685-F16	Cas	1
AM-685-F17	AbiE	1
AM-685-F18	Zorya	1
AM-685-F18	RM	1
AM-685-G08	AbiE	1
AM-685-G08	CBASS	1
AM-685-G09	AbiE	1
AM-685-G10	Pycsar	1
AM-685-G11	dXTPase	1
AM-685-G11	PbeABCD	1
AM-685-G11	Dnd	1
AM-685-G14	AbiE	1
AM-685-G15	AbiE	2
AM-685-G17	Viperin	1
AM-685-G18	AbiE	1
AM-685-G19	AbiE	1
AM-685-G21	AbiU	1
AM-685-G22	Hma	1
AM-685-G23	dXTPase	1
AM-685-G23	AbiE	2
AM-685-I02	Pycsar	1
AM-685-I04	Pycsar	1
AM-685-I05	AbiE	1
AM-685-I06	Hma	1
AM-685-I06	Mza	1
AM-685-I09	dXTPase	1
AM-685-I11	RM	1
AM-685-I11	dXTPase	1
AM-685-I13	dXTPase	1
AM-685-I13	Ppl	1
AM-685-I20	Her	1
AM-685-I21	AbiE	1
AM-685-J03	AbiE	1
AM-685-J05	Pycsar	1
AM-685-J07	RM	1
AM-685-J07	AbiE	1
AM-685-J11	AbiE	1
AM-685-J13	AbiE	2
AM-685-J14	dXTPase	1
AM-685-J14	Hma	1
AM-685-J15	RM	2
AM-685-J15	dXTPase	1
AM-685-J20	dXTPase	1
AM-685-K05	Pycsar	1
AM-685-K06	dXTPase	1
AM-685-K07	Qat	1
AM-685-K07	Her	1
AM-685-K08	dXTPase	1
AM-685-K13	Pycsar	1
AM-685-K14	Mza	1
AM-685-K14	PbeABCD	1
AM-685-K16	dXTPase	1
AM-685-K21	dXTPase	1
AM-685-L08	AbiE	1
AM-685-L10	AbiE	1
AM-685-L13	Pycsar	1
AM-685-L14	AbiE	1
AM-685-L17	Pycsar	1
AM-685-L23	Druantia	1
AM-685-L23	dXTPase	1
AM-685-M02	Druantia	1
AM-685-M03	PbeABCD	1
AM-685-M03	AbiE	1
AM-685-M04	AbiE	1
AM-685-M07	PrrC	1
AM-685-M10	AbiE	1
AM-685-M11	dXTPase	1
AM-685-M13	dXTPase	1
AM-685-M19	Hma	1
AM-685-M19	AbiE	1
AM-685-M20	AbiE	1
AM-685-M21	dXTPase	1
AM-685-N03	Her	1
AM-685-N06	AbiE	2
AM-685-N07	GAO_29	1
AM-685-N07	dXTPase	1
AM-685-N09	dXTPase	1
AM-685-N14	Pycsar	1
AM-685-N15	DRT	1
AM-685-N17	dXTPase	1
AM-685-N19	DRT	1
AM-685-N19	Iet	1
AM-685-N19	Hma	1
AM-685-N20	AbiE	2
AM-685-O02	Pycsar	1
AM-685-O04	dXTPase	1
AM-685-O08	AbiE	1
AM-685-O09	dXTPase	1
AM-685-O13	AbiE	1
AM-685-O18	AbiE	1
AM-685-O20	Mza	1
AM-685-O21	AbiE	2
AM-685-P03	Viperin	2
AM-685-P03	AbiE	1
AM-685-P07	Hma	1
AM-685-P10	Her	1
AM-685-P10	Pif	1
AM-685-P10	dXTPase	1
AM-685-P13	Cas	1
AM-685-P19	dXTPase	1
AM-685-P22	AbiE	2
AM-685-P22	dXTPase	1
AM-689-A01	Hma	1
AM-689-A05	Viperin	2
AM-689-A07	AbiE	1
AM-689-A08	Pycsar	1
AM-689-A10	AbiE	2
AM-689-A16	Hma	1
AM-689-A17	Pycsar	1
AM-689-A18	dXTPase	1
AM-689-A18	GAO_29	1
AM-689-A22	Pycsar	1
AM-689-A22	Cas	1
AM-689-A23	AbiE	1
AM-689-B02	dXTPase	1
AM-689-B03	Viperin	1
AM-689-B06	AbiE	1
AM-689-B08	Mza	1
AM-689-B09	AbiE	2
AM-689-B09	AVAST	1
AM-689-B11	dXTPase	1
AM-689-B15	Pycsar	1
AM-689-B15	RM	1
AM-689-B16	AbiE	1
AM-689-B16	Hma	1
AM-689-B17	AbiE	1
AM-689-B20	Pycsar	1
AM-689-B21	dXTPase	1
AM-689-B22	Wadjet	1
AM-689-B22	Her	1
AM-689-B23	AbiE	2
AM-689-C05	AbiE	1
AM-689-C06	AbiE	1
AM-689-C08	Her	1
AM-689-C08	Cas	1
AM-689-C13	AbiE	1
AM-689-C14	dXTPase	1
AM-689-C15	RM	1
AM-689-C19	dXTPase	1
AM-689-C20	GAO_29	1
AM-689-C20	dXTPase	1
AM-689-C21	DRT	1
AM-689-C22	AbiE	1
AM-689-D02	dXTPase	1
AM-689-D02	AbiE	1
AM-689-D04	AbiE	1
AM-689-D05	Pycsar	1
AM-689-D07	dXTPase	1
AM-689-D07	Hma	1
AM-689-D10	dXTPase	2
AM-689-D14	Hma	1
AM-689-D16	AbiE	1
AM-689-D17	Her	1
AM-689-D18	AbiE	1
AM-689-D23	AbiE	1
AM-689-E04	dXTPase	1
AM-689-E06	RM	1
AM-689-E07	Hma	1
AM-689-E08	AbiE	1
AM-689-E09	Pycsar	1
AM-689-E10	Her	1
AM-689-E10	PrrC	1
AM-689-E13	RM	1
AM-689-E15	AbiE	1
AM-689-E16	AbiE	4
AM-689-E18	dXTPase	1
AM-689-E23	Viperin	5
AM-689-F03	dXTPase	1
AM-689-F03	RM	1
AM-689-F08	Zorya	1
AM-689-F09	Viperin	1
AM-689-F09	AbiE	1
AM-689-F11	AbiE	2
AM-689-F19	AbiE	1
AM-689-F20	RM	1
AM-689-F21	AbiE	1
AM-689-G02	dXTPase	1
AM-689-G03	Pycsar	1
AM-689-G06	dXTPase	1
AM-689-G06	AbiE	1
AM-689-G09	Dnd	1
AM-689-G09	Pycsar	1
AM-689-G11	Pycsar	1
AM-689-G14	Pycsar	1
AM-689-G16	AbiE	1
AM-689-G18	AbiE	1
AM-689-G19	Pycsar	1
AM-689-G20	AbiE	1
AM-689-G21	dXTPase	1
AM-689-G22	RM	1
AM-689-G23	AbiE	1
AM-689-I02	Pycsar	1
AM-689-I03	Hma	1
AM-689-I05	AbiE	2
AM-689-I08	Pycsar	1
AM-689-I09	DRT	1
AM-689-I10	AbiE	2
AM-689-I13	Mza	1
AM-689-I15	AbiE	3
AM-689-I16	Viperin	2
AM-689-I17	AbiE	1
AM-689-I18	AbiE	2
AM-689-I21	Hma	1
AM-689-I23	AbiE	1
AM-689-J04	Pycsar	1
AM-689-J06	PbeABCD	1
AM-689-J07	Hma	1
AM-689-J11	Hma	1
AM-689-J16	Pycsar	1
AM-689-J17	Pycsar	1
AM-689-K02	Zorya	1
AM-689-K06	AbiE	1
AM-689-K15	Ppl	1
AM-689-K18	Pycsar	1
AM-689-K19	AbiE	2
AM-689-K19	Dnd	1
AM-689-K19	PbeABCD	1
AM-689-K20	dXTPase	1
AM-689-K20	AbiE	1
AM-689-K21	Pycsar	1
AM-689-L07	Pycsar	1
AM-689-L08	Pycsar	1
AM-689-L11	AbiE	5
AM-689-L11	Gabija	1
AM-689-L11	Zorya	1
AM-689-L13	dXTPase	1
AM-689-L15	AbiE	1
AM-689-L22	Cas	1
AM-689-L23	dXTPase	1
AM-689-M02	AbiE	1
AM-689-M03	dXTPase	1
AM-689-M08	AbiE	1
AM-689-M10	Zorya	1
AM-689-M19	AbiE	1
AM-689-M22	AbiE	2
AM-689-M23	DRT	1
AM-689-M23	Mza	1
AM-689-N02	AbiE	1
AM-689-N05	Pycsar	1
AM-689-N06	dXTPase	1
AM-689-N06	AbiE	2
AM-689-N07	AbiE	1
AM-689-N09	AbiE	3
AM-689-N13	dXTPase	1
AM-689-N15	Her	1
AM-689-N16	AbiE	2
AM-689-N17	Hma	1
AM-689-N18	Septu	1
AM-689-N18	PbeABCD	1
AM-689-N18	Hma	1
AM-689-N18	CBASS	1
AM-689-N20	PbeABCD	1
AM-689-N20	Pycsar	1
AM-689-N22	Her	1
AM-689-N23	Pycsar	1
AM-689-O02	Viperin	1
AM-689-O04	AbiE	1
AM-689-O07	PbeABCD	1
AM-689-O10	AbiE	1
AM-689-O10	DRT	1
AM-689-O11	dXTPase	1
AM-689-O15	AbiE	1
AM-689-O16	dXTPase	1
AM-689-O17	PbeABCD	1
AM-689-O17	Cas	1
AM-689-O18	AbiE	1
AM-689-O20	Cas	1
AM-689-O22	Her	1
AM-689-O22	Hma	1
AM-689-P03	AbiE	2
AM-689-P05	Pycsar	1
AM-689-P05	Hma	1
AM-689-P06	Viperin	1
AM-689-P07	Iet	1
AM-689-P09	Pycsar	1
AM-689-P11	dXTPase	1
AM-689-P11	RM	1
AM-689-P14	Zorya	1
AM-689-P15	Her	1
AM-689-P16	Iet	1
AM-689-P20	AbiE	2
AM-689-P23	AbiE	1
